original_path,new_path,original_git_blob,original_sha256,reason,known_consumers
eval/results_sft_roundA2_strict.json,legacy/evaluation-results/results_sft_roundA2_strict.json,60035df8d3d59b623e35626c1bd120fad3d6ca2f,5f0202e7c45a4179602528e2690267a8a946ac591a7108afe7fc61d2cf00a50c,Self-contained early SFT roundA result snapshot; old checkpoint and nine-row benchmark recorded; preserve bytes as history.,No literal old-path/basename/stem consumers found in tracked public text at ece1ab7333710e148725e8c219105e1281b94c5a; reviewed evaluator output and plotting input behavior. External consumers unknown.
eval/results_sft_roundA3_strict.json,legacy/evaluation-results/results_sft_roundA3_strict.json,f639ceec5cb412152cb09dfb237c7cdc14a86127,ab335bdc682a940095f004e7b8e04c92ff45f8de4adf7f3b1aa7a2e2e3be6da3,Self-contained early SFT roundA result snapshot; old checkpoint and nine-row benchmark recorded; preserve bytes as history.,No literal old-path/basename/stem consumers found in tracked public text at ece1ab7333710e148725e8c219105e1281b94c5a; reviewed evaluator output and plotting input behavior. External consumers unknown.
eval/results_sft_roundA3_strict_v2.json,legacy/evaluation-results/results_sft_roundA3_strict_v2.json,35ec63c67374a1d044da1848deb19020aa84875c,2705c912c001a296027071a9c477f1edbb00ebf748908d8903b47faa77b4f248,Self-contained early SFT roundA result snapshot; old checkpoint and nine-row benchmark recorded; preserve bytes as history.,No literal old-path/basename/stem consumers found in tracked public text at ece1ab7333710e148725e8c219105e1281b94c5a; reviewed evaluator output and plotting input behavior. External consumers unknown.
eval/results_sft_roundA4.json,legacy/evaluation-results/results_sft_roundA4.json,17a16c59549dce55279a258e9ef8ad97315da0d6,64721ef512f4f65ced2fe59fadb9b16385b12e608e73bc70aed5a50b05949449,Self-contained early SFT roundA result snapshot; old checkpoint and nine-row benchmark recorded; preserve bytes as history.,No literal old-path/basename/stem consumers found in tracked public text at ece1ab7333710e148725e8c219105e1281b94c5a; reviewed evaluator output and plotting input behavior. External consumers unknown.
eval/results_sft_roundA5.json,legacy/evaluation-results/results_sft_roundA5.json,5b24358b2e6b548940967e9835476ecf36a28441,9aa1387a9534f338dc614b086bee8d26e0cf3fb6d08eff634bd58d4457ffb886,Self-contained early SFT roundA result snapshot; old checkpoint and nine-row benchmark recorded; preserve bytes as history.,No literal old-path/basename/stem consumers found in tracked public text at ece1ab7333710e148725e8c219105e1281b94c5a; reviewed evaluator output and plotting input behavior. External consumers unknown.
eval/results_sft_roundA5_v3.json,legacy/evaluation-results/results_sft_roundA5_v3.json,032b1c4bea4c852e9259e6812366e44909b4448a,c54c61fbcef1858159f39f5017f998600ad519f8a3699e4ac389fcda1abcf81c,Self-contained early SFT roundA result snapshot; old checkpoint and nine-row benchmark recorded; preserve bytes as history.,No literal old-path/basename/stem consumers found in tracked public text at ece1ab7333710e148725e8c219105e1281b94c5a; reviewed evaluator output and plotting input behavior. External consumers unknown.
eval/results_sft_roundA5_v4.json,legacy/evaluation-results/results_sft_roundA5_v4.json,92e2df66de4eeb5c0470dafdd5c75b0f2e8a8af2,d5422c865e9c36ee3e687ccd52ca88bdf4a50f27226321beae7268723bdee549,Self-contained early SFT roundA result snapshot; old checkpoint and nine-row benchmark recorded; preserve bytes as history.,No literal old-path/basename/stem consumers found in tracked public text at ece1ab7333710e148725e8c219105e1281b94c5a; reviewed evaluator output and plotting input behavior. External consumers unknown.
eval/results_sft_roundA6.json,legacy/evaluation-results/results_sft_roundA6.json,1de5217d615a066deabd9133686db3ca7b1c3659,9533fcc3c12e9fc063cb329798806f764050d651da2e74250c94c6a1e8f75b36,Self-contained early SFT roundA result snapshot; old checkpoint and nine-row benchmark recorded; preserve bytes as history.,No literal old-path/basename/stem consumers found in tracked public text at ece1ab7333710e148725e8c219105e1281b94c5a; reviewed evaluator output and plotting input behavior. External consumers unknown.
eval/results_sft_roundA_strict.json,legacy/evaluation-results/results_sft_roundA_strict.json,f3e4f178780326b93a0695558159cfb646a299ab,b7bfe92e9696f716e4eee12e95d62b0be98783fbb8a8fb39b10066bc7f5fee08,Self-contained early SFT roundA result snapshot; old checkpoint and nine-row benchmark recorded; preserve bytes as history.,No literal old-path/basename/stem consumers found in tracked public text at ece1ab7333710e148725e8c219105e1281b94c5a; reviewed evaluator output and plotting input behavior. External consumers unknown.
configs/sft_mix_v1.yaml,legacy/configs/sft_mix_v1.yaml,db62fdd801efabed5a21291ad57a241ce2c4f1f7,e4569b1a436d4775ad280bf2e0fd38731455cbd8f8626854ffd4036903844746,Superseded v1-v6 mixtures for earlier SFT; not frozen P2 12k/500 selection.,"Reviewed configs/recorded run identities, CLI input/output behavior, imports and tests at 318bc90. Historical embedded paths frozen; replay from original commit. GRPO imports/CLI/tests updated. External consumers unknown."
configs/sft_mix_v2.yaml,legacy/configs/sft_mix_v2.yaml,6e83154a0b5a719e1143c58eb47bb2edc024fd63,c4664820c33ae06447b4293cfe70bc56489c520387dedbf39d769480163e2355,Superseded v1-v6 mixtures for earlier SFT; not frozen P2 12k/500 selection.,"Reviewed configs/recorded run identities, CLI input/output behavior, imports and tests at 318bc90. Historical embedded paths frozen; replay from original commit. GRPO imports/CLI/tests updated. External consumers unknown."
configs/sft_mix_v3_general_code.yaml,legacy/configs/sft_mix_v3_general_code.yaml,408451e4e111847a384a55a3113545b30f8eb859,50dd9d060e3a2221fe98363341553c7f354760c65703e7af5301b298fa50ad3b,Superseded v1-v6 mixtures for earlier SFT; not frozen P2 12k/500 selection.,"Reviewed configs/recorded run identities, CLI input/output behavior, imports and tests at 318bc90. Historical embedded paths frozen; replay from original commit. GRPO imports/CLI/tests updated. External consumers unknown."
configs/sft_mix_v4_simple_general_code.yaml,legacy/configs/sft_mix_v4_simple_general_code.yaml,860ee67c896053b415d08ff37aaaacab4d60eace,84c6635339ec36202e92255434dff23dfa0fa5374c48cced0a3de509d2e8a716,Superseded v1-v6 mixtures for earlier SFT; not frozen P2 12k/500 selection.,"Reviewed configs/recorded run identities, CLI input/output behavior, imports and tests at 318bc90. Historical embedded paths frozen; replay from original commit. GRPO imports/CLI/tests updated. External consumers unknown."
configs/sft_mix_v5_simple_general_code.yaml,legacy/configs/sft_mix_v5_simple_general_code.yaml,6559c6379ae38ce697c5e229cbe2f090af865c60,d0512b3554eaf0be20cdb82747bdf810f67806da75fa3976b4b3ee4bb2202010,Superseded v1-v6 mixtures for earlier SFT; not frozen P2 12k/500 selection.,"Reviewed configs/recorded run identities, CLI input/output behavior, imports and tests at 318bc90. Historical embedded paths frozen; replay from original commit. GRPO imports/CLI/tests updated. External consumers unknown."
configs/sft_mix_v6_general_code.yaml,legacy/configs/sft_mix_v6_general_code.yaml,b9a4cb82dac4c8777ff835c2b00a748ece405072,e1ac76d587f42d36f68960f9137e49efb5ddb674a058163ae7ad542a99b21239,Superseded v1-v6 mixtures for earlier SFT; not frozen P2 12k/500 selection.,"Reviewed configs/recorded run identities, CLI input/output behavior, imports and tests at 318bc90. Historical embedded paths frozen; replay from original commit. GRPO imports/CLI/tests updated. External consumers unknown."
eval/results_dbg.json,legacy/evaluation-results/results_dbg.json,b129f9ce2c19a3d6a11028724921dab2403a7108,598dd131817cddee72f9e6f16e639d21d7a746f623bd204d0674dbcdf1b0060f,Earlier benchmark/shard snapshots with old checkpoint/packing identities; distinct from frozen research-v1 protocol.,"Reviewed configs/recorded run identities, CLI input/output behavior, imports and tests at 318bc90. Historical embedded paths frozen; replay from original commit. GRPO imports/CLI/tests updated. External consumers unknown."
eval/results_matchfmt.json,legacy/evaluation-results/results_matchfmt.json,204cf53358e43565cbd31237058eab6441f0270b,5a7e9a43504ccbbf4a7e2a7bb8aa917a4c3d2e9bde7f6f11210734711d6594f8,Earlier benchmark/shard snapshots with old checkpoint/packing identities; distinct from frozen research-v1 protocol.,"Reviewed configs/recorded run identities, CLI input/output behavior, imports and tests at 318bc90. Historical embedded paths frozen; replay from original commit. GRPO imports/CLI/tests updated. External consumers unknown."
eval/results_matchfmt_from_mix_v6.json,legacy/evaluation-results/results_matchfmt_from_mix_v6.json,f98a4de8ae53ac4fa11be1401ecc6b61b417212c,c25a39a4e18220f6b456b9773a9b69f7e583505bf2a29e008d63f5de6f6671da,Earlier benchmark/shard snapshots with old checkpoint/packing identities; distinct from frozen research-v1 protocol.,"Reviewed configs/recorded run identities, CLI input/output behavior, imports and tests at 318bc90. Historical embedded paths frozen; replay from original commit. GRPO imports/CLI/tests updated. External consumers unknown."
eval/results_pretrain_pilot_162000.json,legacy/evaluation-results/results_pretrain_pilot_162000.json,417e59441db6b154223cbd4a9713411d2a528fca,cfc41242449dca2bbc59f6e571375fb4bf127012148b24ab45e743ef9ecefdbc,Earlier benchmark/shard snapshots with old checkpoint/packing identities; distinct from frozen research-v1 protocol.,"Reviewed configs/recorded run identities, CLI input/output behavior, imports and tests at 318bc90. Historical embedded paths frozen; replay from original commit. GRPO imports/CLI/tests updated. External consumers unknown."
eval/results_sft_arith_1.json,legacy/evaluation-results/results_sft_arith_1.json,af13b117ae65e2e2aed60c38c45a5a2eceb9d5a8,448c53b12e7e4789f0427ad11c902931d06898da7aa961e7a148877511409abf,Earlier benchmark/shard snapshots with old checkpoint/packing identities; distinct from frozen research-v1 protocol.,"Reviewed configs/recorded run identities, CLI input/output behavior, imports and tests at 318bc90. Historical embedded paths frozen; replay from original commit. GRPO imports/CLI/tests updated. External consumers unknown."
eval/results_sft_arith_anch_shuf.json,legacy/evaluation-results/results_sft_arith_anch_shuf.json,2ea427c7ad6ba4cef99ef92b3f81daab29416985,1f3c4ac688fd3560233d117641ac88446854a75a80d79c649d4d45a5b01748f1,Earlier benchmark/shard snapshots with old checkpoint/packing identities; distinct from frozen research-v1 protocol.,"Reviewed configs/recorded run identities, CLI input/output behavior, imports and tests at 318bc90. Historical embedded paths frozen; replay from original commit. GRPO imports/CLI/tests updated. External consumers unknown."
eval/results_sft_arith_anch_shuf_1k.json,legacy/evaluation-results/results_sft_arith_anch_shuf_1k.json,7cd7ffcbc4e03f916f39d80e6799053a15d92457,528c6ec59776d115e73fd82e86e0a313677f250ed00403ec4ef367f0b4a32d38,Earlier benchmark/shard snapshots with old checkpoint/packing identities; distinct from frozen research-v1 protocol.,"Reviewed configs/recorded run identities, CLI input/output behavior, imports and tests at 318bc90. Historical embedded paths frozen; replay from original commit. GRPO imports/CLI/tests updated. External consumers unknown."
eval/results_sft_arith_anch_shuf_from_v6_2k.json,legacy/evaluation-results/results_sft_arith_anch_shuf_from_v6_2k.json,266ecaad2ca6b1fe156fb5e86ea77adffa1b342d,43cf0f18ee25aeda8286cbddbb3b99759fae115f991945b4709da1ccdc06d0ae,Earlier benchmark/shard snapshots with old checkpoint/packing identities; distinct from frozen research-v1 protocol.,"Reviewed configs/recorded run identities, CLI input/output behavior, imports and tests at 318bc90. Historical embedded paths frozen; replay from original commit. GRPO imports/CLI/tests updated. External consumers unknown."
eval/results_sft_arith_drill_v8.json,legacy/evaluation-results/results_sft_arith_drill_v8.json,3faf50aa0127d2bfc0e1078582b5f0c75e0a5ee5,c7e549b7c624373b89750de6a0bd4a94b412f6b556275dd2ca26ebd086b667e8,Earlier benchmark/shard snapshots with old checkpoint/packing identities; distinct from frozen research-v1 protocol.,"Reviewed configs/recorded run identities, CLI input/output behavior, imports and tests at 318bc90. Historical embedded paths frozen; replay from original commit. GRPO imports/CLI/tests updated. External consumers unknown."
eval/results_sft_mix_1.json,legacy/evaluation-results/results_sft_mix_1.json,96b4184b3af9137be10cfb462d0b7b2301ebae94,8566f0f17aae1c7aa061d884b1503c75bc1342ad3bff0a25a32deb92ea0e7c70,Earlier benchmark/shard snapshots with old checkpoint/packing identities; distinct from frozen research-v1 protocol.,"Reviewed configs/recorded run identities, CLI input/output behavior, imports and tests at 318bc90. Historical embedded paths frozen; replay from original commit. GRPO imports/CLI/tests updated. External consumers unknown."
eval/results_sft_mix_packs_1.json,legacy/evaluation-results/results_sft_mix_packs_1.json,6920add215340cd67c2a6c407fe5cdcb09e5ce82,6af2e39963fe6df5431542c8bf1ca3d129ae92847c7feadec6bc1055593fa67a,Earlier benchmark/shard snapshots with old checkpoint/packing identities; distinct from frozen research-v1 protocol.,"Reviewed configs/recorded run identities, CLI input/output behavior, imports and tests at 318bc90. Historical embedded paths frozen; replay from original commit. GRPO imports/CLI/tests updated. External consumers unknown."
eval/results_sft_mix_packs_6.json,legacy/evaluation-results/results_sft_mix_packs_6.json,f8a42a9274c02e9cc54d82b9ec09b26e0e4595e7,5aa911a71e9955fb4d59c9b4e522b6fd2d8ed016078dc5d296986c21ee08afff,Earlier benchmark/shard snapshots with old checkpoint/packing identities; distinct from frozen research-v1 protocol.,"Reviewed configs/recorded run identities, CLI input/output behavior, imports and tests at 318bc90. Historical embedded paths frozen; replay from original commit. GRPO imports/CLI/tests updated. External consumers unknown."
eval/results_sft_mix_packs_7.json,legacy/evaluation-results/results_sft_mix_packs_7.json,85e13ddff507f3e0012ee519a90a248af9ff4831,3a72c31bfcc29094b3d628ed1310e3af000aa21e682076fbe4e70b4736718c0b,Earlier benchmark/shard snapshots with old checkpoint/packing identities; distinct from frozen research-v1 protocol.,"Reviewed configs/recorded run identities, CLI input/output behavior, imports and tests at 318bc90. Historical embedded paths frozen; replay from original commit. GRPO imports/CLI/tests updated. External consumers unknown."
eval/results_sft_mix_packs_7_v2.json,legacy/evaluation-results/results_sft_mix_packs_7_v2.json,ecc9db0a5bf79a43e8ea32c6eb005a2d5472e768,bf9e787947d298466b3d63bfe4bf0e6d0a2ac2f6ddb35373f43855f859f1db00,Earlier benchmark/shard snapshots with old checkpoint/packing identities; distinct from frozen research-v1 protocol.,"Reviewed configs/recorded run identities, CLI input/output behavior, imports and tests at 318bc90. Historical embedded paths frozen; replay from original commit. GRPO imports/CLI/tests updated. External consumers unknown."
eval/results_sft_mix_packs_7_v3.json,legacy/evaluation-results/results_sft_mix_packs_7_v3.json,f7ea323ed3223a1bbaa280937aa17232ec6895f8,f9ae565204cbe054f96966ce94d372b856aa851860def8c44708476821fd6c11,Earlier benchmark/shard snapshots with old checkpoint/packing identities; distinct from frozen research-v1 protocol.,"Reviewed configs/recorded run identities, CLI input/output behavior, imports and tests at 318bc90. Historical embedded paths frozen; replay from original commit. GRPO imports/CLI/tests updated. External consumers unknown."
eval/results_sft_mix_v10.json,legacy/evaluation-results/results_sft_mix_v10.json,8a4d9fdb1fe5f94e0d4865591c67637fd224424d,e8965204b239b5af211397bf3f5602d8d9f0ed90787ff01ff0a3ecb1db1a3f46,Earlier benchmark/shard snapshots with old checkpoint/packing identities; distinct from frozen research-v1 protocol.,"Reviewed configs/recorded run identities, CLI input/output behavior, imports and tests at 318bc90. Historical embedded paths frozen; replay from original commit. GRPO imports/CLI/tests updated. External consumers unknown."
eval/results_sft_mix_v10_v2.json,legacy/evaluation-results/results_sft_mix_v10_v2.json,9942a75b500e0c6c21ce6e587303ee3117d29c3e,72dcab35ccc2c179b417a7ed86d265a925abf8b2c35757b741ad38287d6c9971,Earlier benchmark/shard snapshots with old checkpoint/packing identities; distinct from frozen research-v1 protocol.,"Reviewed configs/recorded run identities, CLI input/output behavior, imports and tests at 318bc90. Historical embedded paths frozen; replay from original commit. GRPO imports/CLI/tests updated. External consumers unknown."
eval/results_sft_mix_v6_packs_restrict_v2.json,legacy/evaluation-results/results_sft_mix_v6_packs_restrict_v2.json,1a9b2082ae299e77ee5c3d5551bacc67fd529c4c,de0dfcc43c06429b736debd44cd717c4498d3b4c42eae9eb63a8e82fe3e0e33b,Earlier benchmark/shard snapshots with old checkpoint/packing identities; distinct from frozen research-v1 protocol.,"Reviewed configs/recorded run identities, CLI input/output behavior, imports and tests at 318bc90. Historical embedded paths frozen; replay from original commit. GRPO imports/CLI/tests updated. External consumers unknown."
eval/results_sft_synth_v4.json,legacy/evaluation-results/results_sft_synth_v4.json,a02c5cea56f28d9380063fb926259255c4cf434f,181c1ba57dfaa3177250e9c6a427029eed0b53b0fa9e80fd27b1f170353aef62,Earlier benchmark/shard snapshots with old checkpoint/packing identities; distinct from frozen research-v1 protocol.,"Reviewed configs/recorded run identities, CLI input/output behavior, imports and tests at 318bc90. Historical embedded paths frozen; replay from original commit. GRPO imports/CLI/tests updated. External consumers unknown."
eval/results_sft_synth_v5.json,legacy/evaluation-results/results_sft_synth_v5.json,086be7af4ea5335fa05d76b2725b43b02140cc54,7058d0a0106ccbd7ba8958253e33c540ad0061cef1091f10128ac86fa6a4bc52,Earlier benchmark/shard snapshots with old checkpoint/packing identities; distinct from frozen research-v1 protocol.,"Reviewed configs/recorded run identities, CLI input/output behavior, imports and tests at 318bc90. Historical embedded paths frozen; replay from original commit. GRPO imports/CLI/tests updated. External consumers unknown."
eval/results_sft_synth_v5b.json,legacy/evaluation-results/results_sft_synth_v5b.json,f4c78b2582df32ffcde3444454ac6c93475a8cdc,d10364e2a3814a7d641a90b905466432af2e303cce163026aa03d888b2080c42,Earlier benchmark/shard snapshots with old checkpoint/packing identities; distinct from frozen research-v1 protocol.,"Reviewed configs/recorded run identities, CLI input/output behavior, imports and tests at 318bc90. Historical embedded paths frozen; replay from original commit. GRPO imports/CLI/tests updated. External consumers unknown."
eval/results_sft_v2_roundA_1.json,legacy/evaluation-results/results_sft_v2_roundA_1.json,cccb82c1d503724fd7c3daa43af0255418619162,c163b31cf30cca48df8c5ad7dc54859520d70cf7b9686372df859b790f0bcfb3,Earlier benchmark/shard snapshots with old checkpoint/packing identities; distinct from frozen research-v1 protocol.,"Reviewed configs/recorded run identities, CLI input/output behavior, imports and tests at 318bc90. Historical embedded paths frozen; replay from original commit. GRPO imports/CLI/tests updated. External consumers unknown."
eval/results_sft_v2_roundA_from4_1.json,legacy/evaluation-results/results_sft_v2_roundA_from4_1.json,ecb7cb571938e2de21fdf89e4943de5595ff8752,f0bf8101ceca00735de66bcb06b1ae1bceb43f13d7d7c70011fe6d86605a4919,Earlier benchmark/shard snapshots with old checkpoint/packing identities; distinct from frozen research-v1 protocol.,"Reviewed configs/recorded run identities, CLI input/output behavior, imports and tests at 318bc90. Historical embedded paths frozen; replay from original commit. GRPO imports/CLI/tests updated. External consumers unknown."
eval/results_sft_v2_roundA_from4_2.json,legacy/evaluation-results/results_sft_v2_roundA_from4_2.json,622b4820d3a2a3b29424c45990989b99a9840f82,fd8cdc18ca9f451b9b562449190dad9e3b2387f13f14b1de14224f7aa7061254,Earlier benchmark/shard snapshots with old checkpoint/packing identities; distinct from frozen research-v1 protocol.,"Reviewed configs/recorded run identities, CLI input/output behavior, imports and tests at 318bc90. Historical embedded paths frozen; replay from original commit. GRPO imports/CLI/tests updated. External consumers unknown."
eval/results_sft_v2_roundA_from4_3.json,legacy/evaluation-results/results_sft_v2_roundA_from4_3.json,28e0250c99250de94dad1b38e96827bac6ac30ac,c23d4f4cc9a7b956f865fac7f5552fcf0dcad42b7175251d8be4cb906105de3f,Earlier benchmark/shard snapshots with old checkpoint/packing identities; distinct from frozen research-v1 protocol.,"Reviewed configs/recorded run identities, CLI input/output behavior, imports and tests at 318bc90. Historical embedded paths frozen; replay from original commit. GRPO imports/CLI/tests updated. External consumers unknown."
eval/results_sft_v2_roundA_from6_1.json,legacy/evaluation-results/results_sft_v2_roundA_from6_1.json,f13dfa5aa7972d5315c8cc4c73663fc994f278f1,80f95acfd4d77716b68f1ba857d2d302e2c87552b357047f557ce32fe5c2e64c,Earlier benchmark/shard snapshots with old checkpoint/packing identities; distinct from frozen research-v1 protocol.,"Reviewed configs/recorded run identities, CLI input/output behavior, imports and tests at 318bc90. Historical embedded paths frozen; replay from original commit. GRPO imports/CLI/tests updated. External consumers unknown."
eval/results_sft_v2_roundA_from6_2.json,legacy/evaluation-results/results_sft_v2_roundA_from6_2.json,5d0e31dc9f17aad38e15204458adcdc295e8ff8c,f734c0503a0c7ee01f1cbd198b43af43e562c7672bae03389538072c662f9ef5,Earlier benchmark/shard snapshots with old checkpoint/packing identities; distinct from frozen research-v1 protocol.,"Reviewed configs/recorded run identities, CLI input/output behavior, imports and tests at 318bc90. Historical embedded paths frozen; replay from original commit. GRPO imports/CLI/tests updated. External consumers unknown."
eval/results_sft_v2_roundA_from6_3.json,legacy/evaluation-results/results_sft_v2_roundA_from6_3.json,cb5510685e20539b6ec8a39750bd5d058730298d,7dde2d762f985edf9711337d1c2923154032b7a009f40d3cc228332aacaa0b8c,Earlier benchmark/shard snapshots with old checkpoint/packing identities; distinct from frozen research-v1 protocol.,"Reviewed configs/recorded run identities, CLI input/output behavior, imports and tests at 318bc90. Historical embedded paths frozen; replay from original commit. GRPO imports/CLI/tests updated. External consumers unknown."
eval/results_step124000.json,legacy/evaluation-results/results_step124000.json,6a55cb4e63c8014ef49b30f4f03e01f18a6c90f6,630403fada6d0cba5f7f03ddc8825fec1ed8dad9e66db26e2a044a89ef4c0189,Earlier benchmark/shard snapshots with old checkpoint/packing identities; distinct from frozen research-v1 protocol.,"Reviewed configs/recorded run identities, CLI input/output behavior, imports and tests at 318bc90. Historical embedded paths frozen; replay from original commit. GRPO imports/CLI/tests updated. External consumers unknown."
eval/results_v5_chatfmt.json,legacy/evaluation-results/results_v5_chatfmt.json,406b854d737b45fe07d692643b15652c803a92d5,af22304e9a20e6cafea6e9f02cdb99c48b68920726505cb9d988c6c3c0412d12,Earlier benchmark/shard snapshots with old checkpoint/packing identities; distinct from frozen research-v1 protocol.,"Reviewed configs/recorded run identities, CLI input/output behavior, imports and tests at 318bc90. Historical embedded paths frozen; replay from original commit. GRPO imports/CLI/tests updated. External consumers unknown."
eval/results_v5_chatfmt_from_mixv6.json,legacy/evaluation-results/results_v5_chatfmt_from_mixv6.json,a8b7e12e9ae111dd9df344f1d83521cee6590109,5b23e9de456d8302622cbf60a30cda2d665db4393da1c9767a3f54ccd1d05354,Earlier benchmark/shard snapshots with old checkpoint/packing identities; distinct from frozen research-v1 protocol.,"Reviewed configs/recorded run identities, CLI input/output behavior, imports and tests at 318bc90. Historical embedded paths frozen; replay from original commit. GRPO imports/CLI/tests updated. External consumers unknown."
eval/shards_sanity_7b_v2.json,legacy/evaluation-results/shards_sanity_7b_v2.json,20d2a961fb961e02e96f495410e32c86b7189cf8,aaaf56c67710fb270d843428159417985b3525aeb2fe5a851c50fa1ee84c6f42,Earlier benchmark/shard snapshots with old checkpoint/packing identities; distinct from frozen research-v1 protocol.,"Reviewed configs/recorded run identities, CLI input/output behavior, imports and tests at 318bc90. Historical embedded paths frozen; replay from original commit. GRPO imports/CLI/tests updated. External consumers unknown."
eval/shards_sanity_7b_v2_big.json,legacy/evaluation-results/shards_sanity_7b_v2_big.json,3d9124fe31dc4ecab8e0d9dc028ec0f8ea98d340,7cd4b159c10e0f06dcc0bb1b680a5d0ed5eaa67c4e4ac8bb0ba87e8c6bb852d2,Earlier benchmark/shard snapshots with old checkpoint/packing identities; distinct from frozen research-v1 protocol.,"Reviewed configs/recorded run identities, CLI input/output behavior, imports and tests at 318bc90. Historical embedded paths frozen; replay from original commit. GRPO imports/CLI/tests updated. External consumers unknown."
grpo/grpo.py,experiments/grpo/grpo.py,bc10752763f53830d27fb9e33f9f97dcd656eb38,bf9fac0f8745f2fc36a0574c7b462ff417dedbfc91d0e1f75f0f68b1ad708eb2,Implementation-only GRPO; no measured research-v1 run or released-weight contribution established.,"Reviewed configs/recorded run identities, CLI input/output behavior, imports and tests at 318bc90. Historical embedded paths frozen; replay from original commit. GRPO imports/CLI/tests updated. External consumers unknown."
grpo/prepare_grpo_data.py,experiments/grpo/prepare_grpo_data.py,370220561e432a63461a1de00bc142abafae6ab1,811d92e052d6729d500404c1f91cc82ccd232968c8901e5bd2b50cd9644eb2ce,Implementation-only GRPO; no measured research-v1 run or released-weight contribution established.,"Reviewed configs/recorded run identities, CLI input/output behavior, imports and tests at 318bc90. Historical embedded paths frozen; replay from original commit. GRPO imports/CLI/tests updated. External consumers unknown."
grpo/rewards.py,experiments/grpo/rewards.py,dd7a4cc9803a044f8cace0aece32f0a7eae00242,90d0e323ac5959672765b89f5b16e7786a9121c47c1ff9f7a3f483ebed52a496,Implementation-only GRPO; no measured research-v1 run or released-weight contribution established.,"Reviewed configs/recorded run identities, CLI input/output behavior, imports and tests at 318bc90. Historical embedded paths frozen; replay from original commit. GRPO imports/CLI/tests updated. External consumers unknown."
outputs/pretrain_140m_3b_v1/config.json,legacy/outputs/pretrain_140m_3b_v1/config.json,e0844370d4a96cff1a50da311a43dd8bcabc9f61,7ac06927db73a1edfd0b5994c321152e55150ededb8422596ce316951b04eed4,Historical named run records: pretrain_140m 12-layer and pre-release SFT/distillation; not Base49590/P2/P3.,"Reviewed configs/recorded run identities, CLI input/output behavior, imports and tests at 318bc90. Historical embedded paths frozen; replay from original commit. GRPO imports/CLI/tests updated. External consumers unknown."
outputs/pretrain_140m_7b_v1/config.json,legacy/outputs/pretrain_140m_7b_v1/config.json,198946c0c811609bcc4a5363b9d8f444f9e944bd,55bcf0988313c475d204812f42fa9fb1bebfd5f32069ad02bfc5180511a55f53,Historical named run records: pretrain_140m 12-layer and pre-release SFT/distillation; not Base49590/P2/P3.,"Reviewed configs/recorded run identities, CLI input/output behavior, imports and tests at 318bc90. Historical embedded paths frozen; replay from original commit. GRPO imports/CLI/tests updated. External consumers unknown."
outputs/pretrain_140m_7b_v2/bench_eval/step_148000.json,legacy/outputs/pretrain_140m_7b_v2/bench_eval/step_148000.json,0d94b6fb925c75cac7e67e922ad37df672db5e05,134d55cdd025ade7e40bd92819b2f7468f9c5f62f995ccc10b11d66e9729175a,Historical named run records: pretrain_140m 12-layer and pre-release SFT/distillation; not Base49590/P2/P3.,"Reviewed configs/recorded run identities, CLI input/output behavior, imports and tests at 318bc90. Historical embedded paths frozen; replay from original commit. GRPO imports/CLI/tests updated. External consumers unknown."
outputs/pretrain_140m_7b_v2/bench_eval/step_150000.json,legacy/outputs/pretrain_140m_7b_v2/bench_eval/step_150000.json,d13765896525d7b95afef36285114332a4b7384a,c9110fb514ef2e9146c39636a0aa969fd8315eaea96bc408c1e6993995c52135,Historical named run records: pretrain_140m 12-layer and pre-release SFT/distillation; not Base49590/P2/P3.,"Reviewed configs/recorded run identities, CLI input/output behavior, imports and tests at 318bc90. Historical embedded paths frozen; replay from original commit. GRPO imports/CLI/tests updated. External consumers unknown."
outputs/pretrain_140m_7b_v2/bench_eval/step_152000.json,legacy/outputs/pretrain_140m_7b_v2/bench_eval/step_152000.json,c60b619d57dc25050edece850a88f4bea2507c5e,60bfdfcf4294eb108f5373a5cbd88a122f5b6c2c4aab9358a6a8c59a6c54c91d,Historical named run records: pretrain_140m 12-layer and pre-release SFT/distillation; not Base49590/P2/P3.,"Reviewed configs/recorded run identities, CLI input/output behavior, imports and tests at 318bc90. Historical embedded paths frozen; replay from original commit. GRPO imports/CLI/tests updated. External consumers unknown."
outputs/pretrain_140m_7b_v2/bench_eval/step_154000.json,legacy/outputs/pretrain_140m_7b_v2/bench_eval/step_154000.json,76a90d573396cfc8d346697cdd6a21e312492f81,2a2c4fe9e81e48e6e4235f45927dbb62c919efd02558508b4e74173319501374,Historical named run records: pretrain_140m 12-layer and pre-release SFT/distillation; not Base49590/P2/P3.,"Reviewed configs/recorded run identities, CLI input/output behavior, imports and tests at 318bc90. Historical embedded paths frozen; replay from original commit. GRPO imports/CLI/tests updated. External consumers unknown."
outputs/pretrain_140m_7b_v2/bench_eval/step_156000.json,legacy/outputs/pretrain_140m_7b_v2/bench_eval/step_156000.json,f2a3c2f658f8f22b9b2d1ad482e424b9c8b96775,b59dcf63b47978564a934a6a14113876f666b23e1f6e8fa2c24016930e012704,Historical named run records: pretrain_140m 12-layer and pre-release SFT/distillation; not Base49590/P2/P3.,"Reviewed configs/recorded run identities, CLI input/output behavior, imports and tests at 318bc90. Historical embedded paths frozen; replay from original commit. GRPO imports/CLI/tests updated. External consumers unknown."
outputs/pretrain_140m_7b_v2/bench_eval/step_158000.json,legacy/outputs/pretrain_140m_7b_v2/bench_eval/step_158000.json,3ef15c8b6d9206a4fe3087437cdd0c9d0e46c3ab,903052afaadd04da95648196e76a883833536b0c838593ac7fb94e7660fc02f6,Historical named run records: pretrain_140m 12-layer and pre-release SFT/distillation; not Base49590/P2/P3.,"Reviewed configs/recorded run identities, CLI input/output behavior, imports and tests at 318bc90. Historical embedded paths frozen; replay from original commit. GRPO imports/CLI/tests updated. External consumers unknown."
outputs/pretrain_140m_7b_v2/bench_eval/step_160000.json,legacy/outputs/pretrain_140m_7b_v2/bench_eval/step_160000.json,1a5d1ba956fec7d62553c37ca00cc9785b704124,bb047347bd6660d8509ddef1c32b2e7184f0266b9d2466b857849fe9d525f56d,Historical named run records: pretrain_140m 12-layer and pre-release SFT/distillation; not Base49590/P2/P3.,"Reviewed configs/recorded run identities, CLI input/output behavior, imports and tests at 318bc90. Historical embedded paths frozen; replay from original commit. GRPO imports/CLI/tests updated. External consumers unknown."
outputs/pretrain_140m_7b_v2/bench_eval/step_162000.json,legacy/outputs/pretrain_140m_7b_v2/bench_eval/step_162000.json,76dce9756ed2e2325a95d4f6d20da10190cca601,ef906038b92c498b949cb5fec6a059e79bb63b0dc0e3cf3ca6bffd84b6f28176,Historical named run records: pretrain_140m 12-layer and pre-release SFT/distillation; not Base49590/P2/P3.,"Reviewed configs/recorded run identities, CLI input/output behavior, imports and tests at 318bc90. Historical embedded paths frozen; replay from original commit. GRPO imports/CLI/tests updated. External consumers unknown."
outputs/pretrain_140m_7b_v2/bench_eval/step_164000.json,legacy/outputs/pretrain_140m_7b_v2/bench_eval/step_164000.json,5c80067ef933dbfa5ceb24d96f54d08624e76ab0,41e45286fb8f8938d3e8a039bf68f8406b7f1d60e3e3403f1f52e5dc0284b700,Historical named run records: pretrain_140m 12-layer and pre-release SFT/distillation; not Base49590/P2/P3.,"Reviewed configs/recorded run identities, CLI input/output behavior, imports and tests at 318bc90. Historical embedded paths frozen; replay from original commit. GRPO imports/CLI/tests updated. External consumers unknown."
outputs/pretrain_140m_7b_v2/bench_eval/step_166000.json,legacy/outputs/pretrain_140m_7b_v2/bench_eval/step_166000.json,802cb378bd957ca0456ee849c048c19250e98d56,8ee7f92ef26c860b447800d3154e1370369bd0d6f48e8c3a96a5307fe5334e88,Historical named run records: pretrain_140m 12-layer and pre-release SFT/distillation; not Base49590/P2/P3.,"Reviewed configs/recorded run identities, CLI input/output behavior, imports and tests at 318bc90. Historical embedded paths frozen; replay from original commit. GRPO imports/CLI/tests updated. External consumers unknown."
outputs/pretrain_140m_7b_v2/bench_eval/step_168000.json,legacy/outputs/pretrain_140m_7b_v2/bench_eval/step_168000.json,bebd5a8c056fb4bae2ff194f161ee5dfa135b8c0,8abf0c924525c02a30ab8d6995106aa8db8e82e2fb5ffc6f5657cff3f2301862,Historical named run records: pretrain_140m 12-layer and pre-release SFT/distillation; not Base49590/P2/P3.,"Reviewed configs/recorded run identities, CLI input/output behavior, imports and tests at 318bc90. Historical embedded paths frozen; replay from original commit. GRPO imports/CLI/tests updated. External consumers unknown."
outputs/pretrain_140m_7b_v2/bench_eval/step_170000.json,legacy/outputs/pretrain_140m_7b_v2/bench_eval/step_170000.json,136fe3f4cb31a4202fcb6367bc69ca2fbebfc788,23f1e67da7d64647b4de619c627a62854366e38f8cb50e950985beec49399f05,Historical named run records: pretrain_140m 12-layer and pre-release SFT/distillation; not Base49590/P2/P3.,"Reviewed configs/recorded run identities, CLI input/output behavior, imports and tests at 318bc90. Historical embedded paths frozen; replay from original commit. GRPO imports/CLI/tests updated. External consumers unknown."
outputs/pretrain_140m_7b_v2/bench_eval/step_172000.json,legacy/outputs/pretrain_140m_7b_v2/bench_eval/step_172000.json,cdaefd77eaadfbb7148b969a4c94e0af2d08fef8,8edb65f7c4cf5b7259a57a34d0fb8125740667407a205b6c59aeaa04399aba42,Historical named run records: pretrain_140m 12-layer and pre-release SFT/distillation; not Base49590/P2/P3.,"Reviewed configs/recorded run identities, CLI input/output behavior, imports and tests at 318bc90. Historical embedded paths frozen; replay from original commit. GRPO imports/CLI/tests updated. External consumers unknown."
outputs/pretrain_140m_7b_v2/bench_eval/step_174000.json,legacy/outputs/pretrain_140m_7b_v2/bench_eval/step_174000.json,56bc6249231da759df9e876d872943c6222e0bd6,e44208ac5a6759d302a588d8c50448dc6d71d1fe7ddbb3f7f4b5fe902cf74551,Historical named run records: pretrain_140m 12-layer and pre-release SFT/distillation; not Base49590/P2/P3.,"Reviewed configs/recorded run identities, CLI input/output behavior, imports and tests at 318bc90. Historical embedded paths frozen; replay from original commit. GRPO imports/CLI/tests updated. External consumers unknown."
outputs/pretrain_140m_7b_v2/bench_eval/step_176000.json,legacy/outputs/pretrain_140m_7b_v2/bench_eval/step_176000.json,cc6c4d49e92061c87bf415af5541f9fa9cf52dec,37ef0f52cc7fa0cc49743e17c9a4a46254cb519de3c4618fdd846605e3d19830,Historical named run records: pretrain_140m 12-layer and pre-release SFT/distillation; not Base49590/P2/P3.,"Reviewed configs/recorded run identities, CLI input/output behavior, imports and tests at 318bc90. Historical embedded paths frozen; replay from original commit. GRPO imports/CLI/tests updated. External consumers unknown."
outputs/pretrain_140m_7b_v2/bench_eval/step_178000.json,legacy/outputs/pretrain_140m_7b_v2/bench_eval/step_178000.json,0ebc4837cbfbfa2d5419ccff6b9a618242cb6ccf,0d3b4a2e41233ce80935096e71c3bd0db0ce6b8e678cec5cb57d6d4a23efab94,Historical named run records: pretrain_140m 12-layer and pre-release SFT/distillation; not Base49590/P2/P3.,"Reviewed configs/recorded run identities, CLI input/output behavior, imports and tests at 318bc90. Historical embedded paths frozen; replay from original commit. GRPO imports/CLI/tests updated. External consumers unknown."
outputs/pretrain_140m_7b_v2/bench_eval/step_180000.json,legacy/outputs/pretrain_140m_7b_v2/bench_eval/step_180000.json,23744789721a3cd88bdd7dd0d5db9f4505e2656b,16400b6f16683323a5e31935ca844a1704c786a5aa4a5522a061e4cc88e83844,Historical named run records: pretrain_140m 12-layer and pre-release SFT/distillation; not Base49590/P2/P3.,"Reviewed configs/recorded run identities, CLI input/output behavior, imports and tests at 318bc90. Historical embedded paths frozen; replay from original commit. GRPO imports/CLI/tests updated. External consumers unknown."
outputs/pretrain_140m_7b_v2/bench_eval/step_182000.json,legacy/outputs/pretrain_140m_7b_v2/bench_eval/step_182000.json,10724ec91666e57405461685887b42d9e5ef7e94,d791c303863429c17ac17622d7c5085fd2a2459bc4a901667c9da113abc088ba,Historical named run records: pretrain_140m 12-layer and pre-release SFT/distillation; not Base49590/P2/P3.,"Reviewed configs/recorded run identities, CLI input/output behavior, imports and tests at 318bc90. Historical embedded paths frozen; replay from original commit. GRPO imports/CLI/tests updated. External consumers unknown."
outputs/pretrain_140m_7b_v2/bench_eval/step_184000.json,legacy/outputs/pretrain_140m_7b_v2/bench_eval/step_184000.json,0d2d7e28de622481b5249a9daf9c782005b08958,ece2ee8c4b3ba6dcaa4e2a1a568010bae63d8d57afb12d09ccbe3813ba9772c7,Historical named run records: pretrain_140m 12-layer and pre-release SFT/distillation; not Base49590/P2/P3.,"Reviewed configs/recorded run identities, CLI input/output behavior, imports and tests at 318bc90. Historical embedded paths frozen; replay from original commit. GRPO imports/CLI/tests updated. External consumers unknown."
outputs/pretrain_140m_7b_v2/bench_eval/step_186000.json,legacy/outputs/pretrain_140m_7b_v2/bench_eval/step_186000.json,92130c8e645d22d4aa582827ce0aca738c7fdebe,2e29007cdebcbc889242a61979692ec00d0a7ed513aa8a058457da849f751854,Historical named run records: pretrain_140m 12-layer and pre-release SFT/distillation; not Base49590/P2/P3.,"Reviewed configs/recorded run identities, CLI input/output behavior, imports and tests at 318bc90. Historical embedded paths frozen; replay from original commit. GRPO imports/CLI/tests updated. External consumers unknown."
outputs/pretrain_140m_7b_v2/bench_eval/step_188000.json,legacy/outputs/pretrain_140m_7b_v2/bench_eval/step_188000.json,4b83b4854ee0de512f110d9ad3e346dc25bf379d,12d2ef0e0be99960893215179b7c444cfdac7a8aab73f638a7b5ef79f287e647,Historical named run records: pretrain_140m 12-layer and pre-release SFT/distillation; not Base49590/P2/P3.,"Reviewed configs/recorded run identities, CLI input/output behavior, imports and tests at 318bc90. Historical embedded paths frozen; replay from original commit. GRPO imports/CLI/tests updated. External consumers unknown."
outputs/pretrain_140m_7b_v2/bench_eval/step_190000.json,legacy/outputs/pretrain_140m_7b_v2/bench_eval/step_190000.json,0b57916d2fdeff44e66f4680968b5b0e4b67e5ad,ea201567772cce05c29255bf737683237b2b2ddf39dc27e78aa6e3b394f0ec57,Historical named run records: pretrain_140m 12-layer and pre-release SFT/distillation; not Base49590/P2/P3.,"Reviewed configs/recorded run identities, CLI input/output behavior, imports and tests at 318bc90. Historical embedded paths frozen; replay from original commit. GRPO imports/CLI/tests updated. External consumers unknown."
outputs/pretrain_140m_7b_v2/bench_eval/step_192000.json,legacy/outputs/pretrain_140m_7b_v2/bench_eval/step_192000.json,aeb08ceccd5a60c3ec9392a52363dda5ae7d9355,63d4ebec1c98ec4b8fd70c0cb80ef68449eca475cd08e611b38fa72ced753646,Historical named run records: pretrain_140m 12-layer and pre-release SFT/distillation; not Base49590/P2/P3.,"Reviewed configs/recorded run identities, CLI input/output behavior, imports and tests at 318bc90. Historical embedded paths frozen; replay from original commit. GRPO imports/CLI/tests updated. External consumers unknown."
outputs/pretrain_140m_7b_v2/bench_eval/step_194000.json,legacy/outputs/pretrain_140m_7b_v2/bench_eval/step_194000.json,bc29e2fe47d8cddc1db214b0927ccecdb7fc6a8f,8c5d81d2f09c9e374cb89c7c7e826bc42dab36376216f982500280ab0be274dc,Historical named run records: pretrain_140m 12-layer and pre-release SFT/distillation; not Base49590/P2/P3.,"Reviewed configs/recorded run identities, CLI input/output behavior, imports and tests at 318bc90. Historical embedded paths frozen; replay from original commit. GRPO imports/CLI/tests updated. External consumers unknown."
outputs/pretrain_140m_7b_v2/bench_eval/step_196000.json,legacy/outputs/pretrain_140m_7b_v2/bench_eval/step_196000.json,e247a0d6915f5f9b90126409bdefbba478ba0319,f552bdab2c9e46ced5f7e6f1915ec5a8241107e594f7c82f98f4628e3fb8ce17,Historical named run records: pretrain_140m 12-layer and pre-release SFT/distillation; not Base49590/P2/P3.,"Reviewed configs/recorded run identities, CLI input/output behavior, imports and tests at 318bc90. Historical embedded paths frozen; replay from original commit. GRPO imports/CLI/tests updated. External consumers unknown."
outputs/pretrain_140m_7b_v2/bench_eval/step_198000.json,legacy/outputs/pretrain_140m_7b_v2/bench_eval/step_198000.json,1cf17760d6f85d9431fa9d81008305ac0942ed84,ccbda03d853d884b1f087eae12f14c6fc895589c53e0b6cb47bf26b059079d16,Historical named run records: pretrain_140m 12-layer and pre-release SFT/distillation; not Base49590/P2/P3.,"Reviewed configs/recorded run identities, CLI input/output behavior, imports and tests at 318bc90. Historical embedded paths frozen; replay from original commit. GRPO imports/CLI/tests updated. External consumers unknown."
outputs/pretrain_140m_7b_v2/bench_eval/step_200000.json,legacy/outputs/pretrain_140m_7b_v2/bench_eval/step_200000.json,676279e2eb2a0b8cd81b3b7c2153473480675f22,7c06d7323740f0bd6b897d974326ce26dd03c516388e70ecc88d563b4c46c3ed,Historical named run records: pretrain_140m 12-layer and pre-release SFT/distillation; not Base49590/P2/P3.,"Reviewed configs/recorded run identities, CLI input/output behavior, imports and tests at 318bc90. Historical embedded paths frozen; replay from original commit. GRPO imports/CLI/tests updated. External consumers unknown."
outputs/pretrain_140m_7b_v2/bench_eval/step_202000.json,legacy/outputs/pretrain_140m_7b_v2/bench_eval/step_202000.json,9d1779b1cfb264fddfd0453702d3e9e2ff273d5b,65572baf0efdabd5b2e18f4a9e3a11f762e8aa39248bd9d7ea9126c6d34eac8e,Historical named run records: pretrain_140m 12-layer and pre-release SFT/distillation; not Base49590/P2/P3.,"Reviewed configs/recorded run identities, CLI input/output behavior, imports and tests at 318bc90. Historical embedded paths frozen; replay from original commit. GRPO imports/CLI/tests updated. External consumers unknown."
outputs/pretrain_140m_7b_v2/bench_eval/step_204000.json,legacy/outputs/pretrain_140m_7b_v2/bench_eval/step_204000.json,84d038cdbae637a80933fb296c483564c74f0e60,94d596d6c33e2287a3a3e37b0b24b06f3afbb5912095d3ece0c619b3fa85a2ad,Historical named run records: pretrain_140m 12-layer and pre-release SFT/distillation; not Base49590/P2/P3.,"Reviewed configs/recorded run identities, CLI input/output behavior, imports and tests at 318bc90. Historical embedded paths frozen; replay from original commit. GRPO imports/CLI/tests updated. External consumers unknown."
outputs/pretrain_140m_7b_v2/bench_eval/step_206000.json,legacy/outputs/pretrain_140m_7b_v2/bench_eval/step_206000.json,02ee5166ccd880b9ac1b9cbc8bbf24ef0518703e,c41bf7b764fe55a5a5fb2c9161a959f67b7c185c27a05cb6ec85e7a17e71c76d,Historical named run records: pretrain_140m 12-layer and pre-release SFT/distillation; not Base49590/P2/P3.,"Reviewed configs/recorded run identities, CLI input/output behavior, imports and tests at 318bc90. Historical embedded paths frozen; replay from original commit. GRPO imports/CLI/tests updated. External consumers unknown."
outputs/pretrain_140m_7b_v2/bench_eval/step_208000.json,legacy/outputs/pretrain_140m_7b_v2/bench_eval/step_208000.json,f1e0d71b00924b099ea1dd1037b42138b50d1838,dab9cb082986f8995b5f7f9ba9019319fe51f9e368fd99fd4266e3680ff9f8d4,Historical named run records: pretrain_140m 12-layer and pre-release SFT/distillation; not Base49590/P2/P3.,"Reviewed configs/recorded run identities, CLI input/output behavior, imports and tests at 318bc90. Historical embedded paths frozen; replay from original commit. GRPO imports/CLI/tests updated. External consumers unknown."
outputs/pretrain_140m_7b_v2/bench_eval/step_210000.json,legacy/outputs/pretrain_140m_7b_v2/bench_eval/step_210000.json,35ea9c6c65cb898fd5752161518602bd2a64731f,10d0ef178ef0f71e666b1f76e4038d44d22fe3c4323fbeae181d291cf79a2bfb,Historical named run records: pretrain_140m 12-layer and pre-release SFT/distillation; not Base49590/P2/P3.,"Reviewed configs/recorded run identities, CLI input/output behavior, imports and tests at 318bc90. Historical embedded paths frozen; replay from original commit. GRPO imports/CLI/tests updated. External consumers unknown."
outputs/pretrain_140m_7b_v2/bench_eval/step_212000.json,legacy/outputs/pretrain_140m_7b_v2/bench_eval/step_212000.json,0a0ddbb95bf0a2ffae84aa6173b21f17b0615990,0dcb452c29c43cf2dc0c2481ebb85bc856953df44e1cb88f3923db4536a937cb,Historical named run records: pretrain_140m 12-layer and pre-release SFT/distillation; not Base49590/P2/P3.,"Reviewed configs/recorded run identities, CLI input/output behavior, imports and tests at 318bc90. Historical embedded paths frozen; replay from original commit. GRPO imports/CLI/tests updated. External consumers unknown."
outputs/pretrain_140m_7b_v2/bench_eval/step_214000.json,legacy/outputs/pretrain_140m_7b_v2/bench_eval/step_214000.json,a62f38664505eb6e74c26b74e2a69e17080320d8,3317de1ce0aee8806012bf46cbf4cad04471e62a3b8203b08f1994902d065b65,Historical named run records: pretrain_140m 12-layer and pre-release SFT/distillation; not Base49590/P2/P3.,"Reviewed configs/recorded run identities, CLI input/output behavior, imports and tests at 318bc90. Historical embedded paths frozen; replay from original commit. GRPO imports/CLI/tests updated. External consumers unknown."
outputs/pretrain_140m_7b_v2/bench_eval/step_216000.json,legacy/outputs/pretrain_140m_7b_v2/bench_eval/step_216000.json,4f26bf7e72df63132060b831b74c3cb228e6b9fb,6a82c0575b7b2eb03bde64a5a9b546adff9dbf9e6ec4007eb0bdead33f93590e,Historical named run records: pretrain_140m 12-layer and pre-release SFT/distillation; not Base49590/P2/P3.,"Reviewed configs/recorded run identities, CLI input/output behavior, imports and tests at 318bc90. Historical embedded paths frozen; replay from original commit. GRPO imports/CLI/tests updated. External consumers unknown."
outputs/pretrain_140m_7b_v2/bench_eval/step_218000.json,legacy/outputs/pretrain_140m_7b_v2/bench_eval/step_218000.json,8ab36b14285c98fe0ca0d77d39af114c970cb2a0,905106e717bcb012c15336e6685c19dd5a1a80b90648a2065f0e8304791447eb,Historical named run records: pretrain_140m 12-layer and pre-release SFT/distillation; not Base49590/P2/P3.,"Reviewed configs/recorded run identities, CLI input/output behavior, imports and tests at 318bc90. Historical embedded paths frozen; replay from original commit. GRPO imports/CLI/tests updated. External consumers unknown."
outputs/pretrain_140m_7b_v2/bench_eval/step_220000.json,legacy/outputs/pretrain_140m_7b_v2/bench_eval/step_220000.json,e0b6af929f888d925afaa1739e2d139d65fceca4,ac13ab459210d439cb0ae90df317e79454a88cc1015aa514c67eb7042220577b,Historical named run records: pretrain_140m 12-layer and pre-release SFT/distillation; not Base49590/P2/P3.,"Reviewed configs/recorded run identities, CLI input/output behavior, imports and tests at 318bc90. Historical embedded paths frozen; replay from original commit. GRPO imports/CLI/tests updated. External consumers unknown."
outputs/pretrain_140m_7b_v2/bench_eval/step_222000.json,legacy/outputs/pretrain_140m_7b_v2/bench_eval/step_222000.json,c2f7a1dd2fc8d4e3dcd2c253574bbe99b21016ec,350c4b9eafe5326fa64d6d433e51d1f0fef45b8c34609be548bb9eaf0064439e,Historical named run records: pretrain_140m 12-layer and pre-release SFT/distillation; not Base49590/P2/P3.,"Reviewed configs/recorded run identities, CLI input/output behavior, imports and tests at 318bc90. Historical embedded paths frozen; replay from original commit. GRPO imports/CLI/tests updated. External consumers unknown."
outputs/pretrain_140m_7b_v2/bench_eval/step_224000.json,legacy/outputs/pretrain_140m_7b_v2/bench_eval/step_224000.json,9724073465e8f7d20ded1c2ff0e304bc2cb4a128,31bf1d4947797d32202e48b1266c4eff5ad0f126c9d615f02b45fe6fa9f377e5,Historical named run records: pretrain_140m 12-layer and pre-release SFT/distillation; not Base49590/P2/P3.,"Reviewed configs/recorded run identities, CLI input/output behavior, imports and tests at 318bc90. Historical embedded paths frozen; replay from original commit. GRPO imports/CLI/tests updated. External consumers unknown."
outputs/pretrain_140m_7b_v2/bench_eval/step_226000.json,legacy/outputs/pretrain_140m_7b_v2/bench_eval/step_226000.json,c3f50005d4b7ae8cda3bdd0dc27687d234c11d25,ceaf31dd2eb5045ef54d1dcdc1016b6e5c748e48dd77edabb5fe3fa8c91e3d8c,Historical named run records: pretrain_140m 12-layer and pre-release SFT/distillation; not Base49590/P2/P3.,"Reviewed configs/recorded run identities, CLI input/output behavior, imports and tests at 318bc90. Historical embedded paths frozen; replay from original commit. GRPO imports/CLI/tests updated. External consumers unknown."
outputs/pretrain_140m_7b_v2/bench_eval/step_228000.json,legacy/outputs/pretrain_140m_7b_v2/bench_eval/step_228000.json,edd25d3ddaa3c82c0c5a1f26631cefb83e096a75,4613f6bb63adf702c1ce1ddd93c3904b9654d12e51952eefbcb101b84273b619,Historical named run records: pretrain_140m 12-layer and pre-release SFT/distillation; not Base49590/P2/P3.,"Reviewed configs/recorded run identities, CLI input/output behavior, imports and tests at 318bc90. Historical embedded paths frozen; replay from original commit. GRPO imports/CLI/tests updated. External consumers unknown."
outputs/pretrain_140m_7b_v2/bench_eval/step_230000.json,legacy/outputs/pretrain_140m_7b_v2/bench_eval/step_230000.json,b5961670bc43f00507e86ce989029b67326882f8,10a425394976a80744d8c126745f71de36361797c68af27c40a28508f52b2945,Historical named run records: pretrain_140m 12-layer and pre-release SFT/distillation; not Base49590/P2/P3.,"Reviewed configs/recorded run identities, CLI input/output behavior, imports and tests at 318bc90. Historical embedded paths frozen; replay from original commit. GRPO imports/CLI/tests updated. External consumers unknown."
outputs/pretrain_140m_7b_v2/bench_eval/step_232000.json,legacy/outputs/pretrain_140m_7b_v2/bench_eval/step_232000.json,08cfe10610faa8288c9322a51aad367ce4ac09b3,d628b6aff3b9eb98393ba6cfefbfbbcc517aeb4848013ae6595664b88bb65b75,Historical named run records: pretrain_140m 12-layer and pre-release SFT/distillation; not Base49590/P2/P3.,"Reviewed configs/recorded run identities, CLI input/output behavior, imports and tests at 318bc90. Historical embedded paths frozen; replay from original commit. GRPO imports/CLI/tests updated. External consumers unknown."
outputs/pretrain_140m_7b_v2/bench_eval/step_234000.json,legacy/outputs/pretrain_140m_7b_v2/bench_eval/step_234000.json,c264d153e598c6a64005b06b01d2559c314b2dfb,c75b4aa2d3b52f6e692641f1cfd6bf9d0e9893438dd3bcd00b571fea9d5b0244,Historical named run records: pretrain_140m 12-layer and pre-release SFT/distillation; not Base49590/P2/P3.,"Reviewed configs/recorded run identities, CLI input/output behavior, imports and tests at 318bc90. Historical embedded paths frozen; replay from original commit. GRPO imports/CLI/tests updated. External consumers unknown."
outputs/pretrain_140m_7b_v2/bench_eval/step_236000.json,legacy/outputs/pretrain_140m_7b_v2/bench_eval/step_236000.json,ee0f1376da7c7de6823fa1523bf99c905cfeea77,6df797d15ee31dcf4b7de751c6b2de90fb4c722f158e4f9e9f350a1c165e797e,Historical named run records: pretrain_140m 12-layer and pre-release SFT/distillation; not Base49590/P2/P3.,"Reviewed configs/recorded run identities, CLI input/output behavior, imports and tests at 318bc90. Historical embedded paths frozen; replay from original commit. GRPO imports/CLI/tests updated. External consumers unknown."
outputs/pretrain_140m_7b_v2/bench_eval/step_238000.json,legacy/outputs/pretrain_140m_7b_v2/bench_eval/step_238000.json,174a9ffc7c850abfffd39f34dc4068e9a6167abb,58d7d24b033b6ca76e1239355c1babe463811d6ff04f2b29e5284049c53ae5c9,Historical named run records: pretrain_140m 12-layer and pre-release SFT/distillation; not Base49590/P2/P3.,"Reviewed configs/recorded run identities, CLI input/output behavior, imports and tests at 318bc90. Historical embedded paths frozen; replay from original commit. GRPO imports/CLI/tests updated. External consumers unknown."
outputs/pretrain_140m_7b_v2/bench_eval/step_240000.json,legacy/outputs/pretrain_140m_7b_v2/bench_eval/step_240000.json,884d574e08b353a345a07346bcc13dd5e95ce6b4,85e0d16775e3e0360c3ca61fa98e1c46ca99144407c6a50d7a03a81c732ab66a,Historical named run records: pretrain_140m 12-layer and pre-release SFT/distillation; not Base49590/P2/P3.,"Reviewed configs/recorded run identities, CLI input/output behavior, imports and tests at 318bc90. Historical embedded paths frozen; replay from original commit. GRPO imports/CLI/tests updated. External consumers unknown."
outputs/pretrain_140m_7b_v2/bench_eval/step_242000.json,legacy/outputs/pretrain_140m_7b_v2/bench_eval/step_242000.json,d5aafd431e938d117001187018b92389661cc8af,5a9d4bc1e68339b43f42068fd65d434c98c53ff0f35170379df31571557f48c7,Historical named run records: pretrain_140m 12-layer and pre-release SFT/distillation; not Base49590/P2/P3.,"Reviewed configs/recorded run identities, CLI input/output behavior, imports and tests at 318bc90. Historical embedded paths frozen; replay from original commit. GRPO imports/CLI/tests updated. External consumers unknown."
outputs/pretrain_140m_7b_v2/bench_eval/step_244000.json,legacy/outputs/pretrain_140m_7b_v2/bench_eval/step_244000.json,fe0df6e011ff09070baff2407f6e64ccec9e3a0d,a638fb68721cdf0d3c5c7c01473d5a62f8e1e684fb4efd25e715bda935366903,Historical named run records: pretrain_140m 12-layer and pre-release SFT/distillation; not Base49590/P2/P3.,"Reviewed configs/recorded run identities, CLI input/output behavior, imports and tests at 318bc90. Historical embedded paths frozen; replay from original commit. GRPO imports/CLI/tests updated. External consumers unknown."
outputs/pretrain_140m_7b_v2/bench_eval/step_246000.json,legacy/outputs/pretrain_140m_7b_v2/bench_eval/step_246000.json,ca1b3bcd8e63a272bce86132d2b235866b945216,271280a5209f63734a251417ea5cd008f71768e17f846be685905f8ea7d37426,Historical named run records: pretrain_140m 12-layer and pre-release SFT/distillation; not Base49590/P2/P3.,"Reviewed configs/recorded run identities, CLI input/output behavior, imports and tests at 318bc90. Historical embedded paths frozen; replay from original commit. GRPO imports/CLI/tests updated. External consumers unknown."
outputs/pretrain_140m_7b_v2/bench_eval/step_248000.json,legacy/outputs/pretrain_140m_7b_v2/bench_eval/step_248000.json,ea4132e71dcacbb63c515eb9bb2e6fd12077f6d7,8a3881f8e350e2a7b57a45f633ee3b82199c973fbb458ff6e0dcd5295158a6cb,Historical named run records: pretrain_140m 12-layer and pre-release SFT/distillation; not Base49590/P2/P3.,"Reviewed configs/recorded run identities, CLI input/output behavior, imports and tests at 318bc90. Historical embedded paths frozen; replay from original commit. GRPO imports/CLI/tests updated. External consumers unknown."
outputs/pretrain_140m_7b_v2/bench_eval/step_250000.json,legacy/outputs/pretrain_140m_7b_v2/bench_eval/step_250000.json,b51700e82ce9e8568e9e1e8f4e3447eec9331d21,c0bb44068e7a9e39e90ec1c8c5a26b7ccb011e9e7499cea7d00ab72d977c9a9e,Historical named run records: pretrain_140m 12-layer and pre-release SFT/distillation; not Base49590/P2/P3.,"Reviewed configs/recorded run identities, CLI input/output behavior, imports and tests at 318bc90. Historical embedded paths frozen; replay from original commit. GRPO imports/CLI/tests updated. External consumers unknown."
outputs/pretrain_140m_7b_v2/bench_eval/step_252000.json,legacy/outputs/pretrain_140m_7b_v2/bench_eval/step_252000.json,4404e604015b03fd2d9d208fbbfb7a6b62b2c179,72b5b61fc184ef75b16c94c401a4ae05f3e6e8709897f1549b55b76b2a00015d,Historical named run records: pretrain_140m 12-layer and pre-release SFT/distillation; not Base49590/P2/P3.,"Reviewed configs/recorded run identities, CLI input/output behavior, imports and tests at 318bc90. Historical embedded paths frozen; replay from original commit. GRPO imports/CLI/tests updated. External consumers unknown."
outputs/pretrain_140m_7b_v2/bench_eval/step_254000.json,legacy/outputs/pretrain_140m_7b_v2/bench_eval/step_254000.json,f4d8feb7958cf99e93bf1d591d831f4df8d643a6,ce690cf6566edeecc4de171628d34eec2c279cc5cb1ebfd8e61f4735170883ad,Historical named run records: pretrain_140m 12-layer and pre-release SFT/distillation; not Base49590/P2/P3.,"Reviewed configs/recorded run identities, CLI input/output behavior, imports and tests at 318bc90. Historical embedded paths frozen; replay from original commit. GRPO imports/CLI/tests updated. External consumers unknown."
outputs/pretrain_140m_7b_v2/bench_eval/step_256000.json,legacy/outputs/pretrain_140m_7b_v2/bench_eval/step_256000.json,5ffaed48c849aecb865b27eaa906d50f4372f944,50039a6849c134d9933aafcf79637fdf8160ae441802f9a2dca9451a0fc1bb7e,Historical named run records: pretrain_140m 12-layer and pre-release SFT/distillation; not Base49590/P2/P3.,"Reviewed configs/recorded run identities, CLI input/output behavior, imports and tests at 318bc90. Historical embedded paths frozen; replay from original commit. GRPO imports/CLI/tests updated. External consumers unknown."
outputs/pretrain_140m_7b_v2/bench_eval/step_258000.json,legacy/outputs/pretrain_140m_7b_v2/bench_eval/step_258000.json,1474deca040b9d935889740080b04be13dd72668,939d79f0a79652c534d82de82ae90d3fdd6c8d4e0cae57cdfe1c7e9cd14f75ed,Historical named run records: pretrain_140m 12-layer and pre-release SFT/distillation; not Base49590/P2/P3.,"Reviewed configs/recorded run identities, CLI input/output behavior, imports and tests at 318bc90. Historical embedded paths frozen; replay from original commit. GRPO imports/CLI/tests updated. External consumers unknown."
outputs/pretrain_140m_7b_v2/bench_eval/step_260000.json,legacy/outputs/pretrain_140m_7b_v2/bench_eval/step_260000.json,58998d5e450cb3dbaf9394b3dfc5f8326370dbe1,56f38133f4bb3afcaf2c71843202d6b15dc042f812880bc28c9c5f656ae3ad8f,Historical named run records: pretrain_140m 12-layer and pre-release SFT/distillation; not Base49590/P2/P3.,"Reviewed configs/recorded run identities, CLI input/output behavior, imports and tests at 318bc90. Historical embedded paths frozen; replay from original commit. GRPO imports/CLI/tests updated. External consumers unknown."
outputs/pretrain_140m_7b_v2/bench_eval/step_262000.json,legacy/outputs/pretrain_140m_7b_v2/bench_eval/step_262000.json,1f0a33eef6433a2ad8dd5393849b84f3c1eb9600,6634e12a318aaabb15c97af4f96d1cb8f9a9708b1b12ba6a69082d562bc504e6,Historical named run records: pretrain_140m 12-layer and pre-release SFT/distillation; not Base49590/P2/P3.,"Reviewed configs/recorded run identities, CLI input/output behavior, imports and tests at 318bc90. Historical embedded paths frozen; replay from original commit. GRPO imports/CLI/tests updated. External consumers unknown."
outputs/pretrain_140m_7b_v2/bench_eval/step_264000.json,legacy/outputs/pretrain_140m_7b_v2/bench_eval/step_264000.json,418b135379fcf3da320d383ac4cc66ba21e70f9b,bf6e24de83c502c339009672c0a3036edbd6808a9f36b6c95e19e0085e5654a6,Historical named run records: pretrain_140m 12-layer and pre-release SFT/distillation; not Base49590/P2/P3.,"Reviewed configs/recorded run identities, CLI input/output behavior, imports and tests at 318bc90. Historical embedded paths frozen; replay from original commit. GRPO imports/CLI/tests updated. External consumers unknown."
outputs/pretrain_140m_7b_v2/bench_eval/step_266000.json,legacy/outputs/pretrain_140m_7b_v2/bench_eval/step_266000.json,e5d121b465cb090635f70d40f0c59d277555742c,4b11ec79e093d7af56f619433bc9779397442e39e05bc03757912bfaaf5fc79c,Historical named run records: pretrain_140m 12-layer and pre-release SFT/distillation; not Base49590/P2/P3.,"Reviewed configs/recorded run identities, CLI input/output behavior, imports and tests at 318bc90. Historical embedded paths frozen; replay from original commit. GRPO imports/CLI/tests updated. External consumers unknown."
outputs/pretrain_140m_7b_v2/bench_eval/step_268000.json,legacy/outputs/pretrain_140m_7b_v2/bench_eval/step_268000.json,af7c02d56ebc4034d113d73c27337ee5a5f07c40,ff2000b0cea7b0d60a02ad05dcca66a1642000effefb25ec3c4a922100df54a9,Historical named run records: pretrain_140m 12-layer and pre-release SFT/distillation; not Base49590/P2/P3.,"Reviewed configs/recorded run identities, CLI input/output behavior, imports and tests at 318bc90. Historical embedded paths frozen; replay from original commit. GRPO imports/CLI/tests updated. External consumers unknown."
outputs/pretrain_140m_7b_v2/bench_eval/step_270000.json,legacy/outputs/pretrain_140m_7b_v2/bench_eval/step_270000.json,818ed1e8dcfa10354e03133ce2c0b78a18e368f6,169cb45a886fa0491caac4c304b33af257ff347fc1d3cd78e087a8e5cce26513,Historical named run records: pretrain_140m 12-layer and pre-release SFT/distillation; not Base49590/P2/P3.,"Reviewed configs/recorded run identities, CLI input/output behavior, imports and tests at 318bc90. Historical embedded paths frozen; replay from original commit. GRPO imports/CLI/tests updated. External consumers unknown."
outputs/pretrain_140m_7b_v2/bench_eval/step_272000.json,legacy/outputs/pretrain_140m_7b_v2/bench_eval/step_272000.json,a965a86c78d6b7e2a302fad9d58caa5f0f7eb410,bb01f0b398dc586a273cdd61fb4cd96b002eae662634f65101b5b80067cdd854,Historical named run records: pretrain_140m 12-layer and pre-release SFT/distillation; not Base49590/P2/P3.,"Reviewed configs/recorded run identities, CLI input/output behavior, imports and tests at 318bc90. Historical embedded paths frozen; replay from original commit. GRPO imports/CLI/tests updated. External consumers unknown."
outputs/pretrain_140m_7b_v2/bench_eval/step_274000.json,legacy/outputs/pretrain_140m_7b_v2/bench_eval/step_274000.json,39664dc8ecedff4765ac3a66045c9c94ab2b5f21,21f4bc8d93697ccded0b62f072ce71545971d0e72f39d2dfa05ee640c1502355,Historical named run records: pretrain_140m 12-layer and pre-release SFT/distillation; not Base49590/P2/P3.,"Reviewed configs/recorded run identities, CLI input/output behavior, imports and tests at 318bc90. Historical embedded paths frozen; replay from original commit. GRPO imports/CLI/tests updated. External consumers unknown."
outputs/pretrain_140m_7b_v2/bench_eval/step_276000.json,legacy/outputs/pretrain_140m_7b_v2/bench_eval/step_276000.json,ccd5db0a2ccea62be10b946e6d6cebb636695cd6,44cdc70d4186a94d8de1dc3fca8f265cbe15c6a48ead9b53e31bd66725ca657f,Historical named run records: pretrain_140m 12-layer and pre-release SFT/distillation; not Base49590/P2/P3.,"Reviewed configs/recorded run identities, CLI input/output behavior, imports and tests at 318bc90. Historical embedded paths frozen; replay from original commit. GRPO imports/CLI/tests updated. External consumers unknown."
outputs/pretrain_140m_7b_v2/bench_eval/step_278000.json,legacy/outputs/pretrain_140m_7b_v2/bench_eval/step_278000.json,01d67a128352cb4bd3eccabc31c7076f9a9b955b,b250725498e82bd4f12c4fc5f82b78750875fb8c07aff368a78eb6f6dde93b88,Historical named run records: pretrain_140m 12-layer and pre-release SFT/distillation; not Base49590/P2/P3.,"Reviewed configs/recorded run identities, CLI input/output behavior, imports and tests at 318bc90. Historical embedded paths frozen; replay from original commit. GRPO imports/CLI/tests updated. External consumers unknown."
outputs/pretrain_140m_7b_v2/bench_eval/step_280000.json,legacy/outputs/pretrain_140m_7b_v2/bench_eval/step_280000.json,06ba1fe786ffff6d2a69558e0190d3b1de418abe,03e1bec8b41b80ac7216127cee44e2701ecee17c7cbbb729006f6a64a9f86135,Historical named run records: pretrain_140m 12-layer and pre-release SFT/distillation; not Base49590/P2/P3.,"Reviewed configs/recorded run identities, CLI input/output behavior, imports and tests at 318bc90. Historical embedded paths frozen; replay from original commit. GRPO imports/CLI/tests updated. External consumers unknown."
outputs/pretrain_140m_7b_v2/bench_eval/step_282000.json,legacy/outputs/pretrain_140m_7b_v2/bench_eval/step_282000.json,0c3b85b16f5b3d80606660b1f9372519357b66b1,b091f1836ffb81580e4c587dbb0159a6395c51d531d913ae6fea795bbc4919a0,Historical named run records: pretrain_140m 12-layer and pre-release SFT/distillation; not Base49590/P2/P3.,"Reviewed configs/recorded run identities, CLI input/output behavior, imports and tests at 318bc90. Historical embedded paths frozen; replay from original commit. GRPO imports/CLI/tests updated. External consumers unknown."
outputs/pretrain_140m_7b_v2/bench_eval/step_284000.json,legacy/outputs/pretrain_140m_7b_v2/bench_eval/step_284000.json,3892dab094626f7fdcfe5a9103b7009552c22987,4034b27cc9da127424189bd17940ab102c765132889a23e4e9fcf60470ec1c1e,Historical named run records: pretrain_140m 12-layer and pre-release SFT/distillation; not Base49590/P2/P3.,"Reviewed configs/recorded run identities, CLI input/output behavior, imports and tests at 318bc90. Historical embedded paths frozen; replay from original commit. GRPO imports/CLI/tests updated. External consumers unknown."
outputs/pretrain_140m_7b_v2/bench_eval/step_286000.json,legacy/outputs/pretrain_140m_7b_v2/bench_eval/step_286000.json,158dbd01ee2b32f2be27951f52cf1e68bc366f4a,c138f4122def46959c73620a41a8b0ddda97df937fc8123fbc4993ba447111a1,Historical named run records: pretrain_140m 12-layer and pre-release SFT/distillation; not Base49590/P2/P3.,"Reviewed configs/recorded run identities, CLI input/output behavior, imports and tests at 318bc90. Historical embedded paths frozen; replay from original commit. GRPO imports/CLI/tests updated. External consumers unknown."
outputs/pretrain_140m_7b_v2/bench_eval/step_288000.json,legacy/outputs/pretrain_140m_7b_v2/bench_eval/step_288000.json,73a8d5a8b44f1734715186a50b3860c8d5588464,aab106bccf36f8414d9a22cff10f144cd9c412911125d88ae37b4b22a106db12,Historical named run records: pretrain_140m 12-layer and pre-release SFT/distillation; not Base49590/P2/P3.,"Reviewed configs/recorded run identities, CLI input/output behavior, imports and tests at 318bc90. Historical embedded paths frozen; replay from original commit. GRPO imports/CLI/tests updated. External consumers unknown."
outputs/pretrain_140m_7b_v2/bench_eval/step_290000.json,legacy/outputs/pretrain_140m_7b_v2/bench_eval/step_290000.json,f324c74341de552ac5b981728ca76f37e07deeab,452a53157d8d24dfcd6f927530b39de5b37ad53ccbdd72fed85d22f5d832fdfb,Historical named run records: pretrain_140m 12-layer and pre-release SFT/distillation; not Base49590/P2/P3.,"Reviewed configs/recorded run identities, CLI input/output behavior, imports and tests at 318bc90. Historical embedded paths frozen; replay from original commit. GRPO imports/CLI/tests updated. External consumers unknown."
outputs/pretrain_140m_7b_v2/bench_eval/step_292000.json,legacy/outputs/pretrain_140m_7b_v2/bench_eval/step_292000.json,45b3181cbd09d6fa2571c906a08f30cc07444e2a,99b0843398d05da9c7d0aa3b263bb125e156a447ebe804e0ed5cbeb128f510ef,Historical named run records: pretrain_140m 12-layer and pre-release SFT/distillation; not Base49590/P2/P3.,"Reviewed configs/recorded run identities, CLI input/output behavior, imports and tests at 318bc90. Historical embedded paths frozen; replay from original commit. GRPO imports/CLI/tests updated. External consumers unknown."
outputs/pretrain_140m_7b_v2/bench_eval/step_294000.json,legacy/outputs/pretrain_140m_7b_v2/bench_eval/step_294000.json,ff2fb2a761a31f6f583ea51ed71b24d9d307a184,d32d6554d5be8380b876a2508dbd53ef6e08372b2dc5effbdcf6312461acfbdc,Historical named run records: pretrain_140m 12-layer and pre-release SFT/distillation; not Base49590/P2/P3.,"Reviewed configs/recorded run identities, CLI input/output behavior, imports and tests at 318bc90. Historical embedded paths frozen; replay from original commit. GRPO imports/CLI/tests updated. External consumers unknown."
outputs/pretrain_140m_7b_v2/bench_eval/step_296000.json,legacy/outputs/pretrain_140m_7b_v2/bench_eval/step_296000.json,b310a777b908596e8560b501a1180bef3f773d84,6e306f1d056b67e2250fb19b1b71afa2a5b84c12cf208e9069f3c7730ac7e932,Historical named run records: pretrain_140m 12-layer and pre-release SFT/distillation; not Base49590/P2/P3.,"Reviewed configs/recorded run identities, CLI input/output behavior, imports and tests at 318bc90. Historical embedded paths frozen; replay from original commit. GRPO imports/CLI/tests updated. External consumers unknown."
outputs/pretrain_140m_7b_v2/bench_eval/step_298000.json,legacy/outputs/pretrain_140m_7b_v2/bench_eval/step_298000.json,f92b441b7f661713c6499333d8655cce813c7822,b65d049f6a78eba204d43881e8c75e55e82ffb4e856f6f8d1305b19347f1e559,Historical named run records: pretrain_140m 12-layer and pre-release SFT/distillation; not Base49590/P2/P3.,"Reviewed configs/recorded run identities, CLI input/output behavior, imports and tests at 318bc90. Historical embedded paths frozen; replay from original commit. GRPO imports/CLI/tests updated. External consumers unknown."
outputs/pretrain_140m_7b_v2/bench_eval/step_300000.json,legacy/outputs/pretrain_140m_7b_v2/bench_eval/step_300000.json,b2ac79fe307a0cfb176dd989bd0fefd5dd519f25,9ab99349b632edccdd084283b5147d0a0ce693835498b66ff86987986209cdb2,Historical named run records: pretrain_140m 12-layer and pre-release SFT/distillation; not Base49590/P2/P3.,"Reviewed configs/recorded run identities, CLI input/output behavior, imports and tests at 318bc90. Historical embedded paths frozen; replay from original commit. GRPO imports/CLI/tests updated. External consumers unknown."
outputs/pretrain_140m_7b_v2/bench_eval/step_302000.json,legacy/outputs/pretrain_140m_7b_v2/bench_eval/step_302000.json,acf45bd98bd9850529661e0e13e5a178fd230820,90d4e8ae64afa8458cc67d5ccca58464418078ae2bb195e366328ce37bdbe2e3,Historical named run records: pretrain_140m 12-layer and pre-release SFT/distillation; not Base49590/P2/P3.,"Reviewed configs/recorded run identities, CLI input/output behavior, imports and tests at 318bc90. Historical embedded paths frozen; replay from original commit. GRPO imports/CLI/tests updated. External consumers unknown."
outputs/pretrain_140m_7b_v2/bench_eval/step_304000.json,legacy/outputs/pretrain_140m_7b_v2/bench_eval/step_304000.json,66dc575a5432ef5da323471f92866545171fa1e1,d7bd4cb732459deb0c4e79ae97cde2628dbad11867ce4fae819faf911d597762,Historical named run records: pretrain_140m 12-layer and pre-release SFT/distillation; not Base49590/P2/P3.,"Reviewed configs/recorded run identities, CLI input/output behavior, imports and tests at 318bc90. Historical embedded paths frozen; replay from original commit. GRPO imports/CLI/tests updated. External consumers unknown."
outputs/pretrain_140m_7b_v2/bench_eval/step_306000.json,legacy/outputs/pretrain_140m_7b_v2/bench_eval/step_306000.json,bb36c94b693c9eab38f39ac5ca0514160e0154f9,2a405583d1c5bfdf3a03145bd6dbc45b8987d610cbd8da9e423f04f6f581c8cb,Historical named run records: pretrain_140m 12-layer and pre-release SFT/distillation; not Base49590/P2/P3.,"Reviewed configs/recorded run identities, CLI input/output behavior, imports and tests at 318bc90. Historical embedded paths frozen; replay from original commit. GRPO imports/CLI/tests updated. External consumers unknown."
outputs/pretrain_140m_7b_v2/bench_eval/step_308000.json,legacy/outputs/pretrain_140m_7b_v2/bench_eval/step_308000.json,fb46a516bfcb1f2bb91924716aa7d73fad2f8644,77dc41d6bd34ee0eb2ee45407f7c5250f06edcc26986e33465a118f455b3fdbb,Historical named run records: pretrain_140m 12-layer and pre-release SFT/distillation; not Base49590/P2/P3.,"Reviewed configs/recorded run identities, CLI input/output behavior, imports and tests at 318bc90. Historical embedded paths frozen; replay from original commit. GRPO imports/CLI/tests updated. External consumers unknown."
outputs/pretrain_140m_7b_v2/bench_eval/step_310000.json,legacy/outputs/pretrain_140m_7b_v2/bench_eval/step_310000.json,b0746fc1e395905aa8429254fd2bedba2b0b7f06,b6864cec407e1faedc1b2cac07cecddf303e60f496dab81e37ce7fb442bb7a77,Historical named run records: pretrain_140m 12-layer and pre-release SFT/distillation; not Base49590/P2/P3.,"Reviewed configs/recorded run identities, CLI input/output behavior, imports and tests at 318bc90. Historical embedded paths frozen; replay from original commit. GRPO imports/CLI/tests updated. External consumers unknown."
outputs/pretrain_140m_7b_v2/bench_eval/step_312000.json,legacy/outputs/pretrain_140m_7b_v2/bench_eval/step_312000.json,86ff4618df03fceabd9433fa3765c685cc46829f,38bbb53443a739ba8bcbede8bd7adde2abd9a5dd87aa723d517ee3b2b5cfb06b,Historical named run records: pretrain_140m 12-layer and pre-release SFT/distillation; not Base49590/P2/P3.,"Reviewed configs/recorded run identities, CLI input/output behavior, imports and tests at 318bc90. Historical embedded paths frozen; replay from original commit. GRPO imports/CLI/tests updated. External consumers unknown."
outputs/pretrain_140m_7b_v2/bench_eval/step_314000.json,legacy/outputs/pretrain_140m_7b_v2/bench_eval/step_314000.json,0897c396643041514ba6f1ac8d1478bc3522b020,b9558b4cc0111b20eaaf145e0fc944762bd3d8d7f9c05d611535980fca3b1946,Historical named run records: pretrain_140m 12-layer and pre-release SFT/distillation; not Base49590/P2/P3.,"Reviewed configs/recorded run identities, CLI input/output behavior, imports and tests at 318bc90. Historical embedded paths frozen; replay from original commit. GRPO imports/CLI/tests updated. External consumers unknown."
outputs/pretrain_140m_7b_v2/bench_eval/step_316000.json,legacy/outputs/pretrain_140m_7b_v2/bench_eval/step_316000.json,17972a147c0df1257fa59c97e4880e6946ee0b3e,58577dad35bf0ce41b3224c68461a1a1d3735eab4c1b809431d06bd35835076b,Historical named run records: pretrain_140m 12-layer and pre-release SFT/distillation; not Base49590/P2/P3.,"Reviewed configs/recorded run identities, CLI input/output behavior, imports and tests at 318bc90. Historical embedded paths frozen; replay from original commit. GRPO imports/CLI/tests updated. External consumers unknown."
outputs/pretrain_140m_7b_v2/bench_eval/step_318000.json,legacy/outputs/pretrain_140m_7b_v2/bench_eval/step_318000.json,0ce7547f1aab0c1e0f63e752cb35689dc532c297,0a048448bf8712b290e1bfce67bfddbf07ae030039a298356758c66400f6e04f,Historical named run records: pretrain_140m 12-layer and pre-release SFT/distillation; not Base49590/P2/P3.,"Reviewed configs/recorded run identities, CLI input/output behavior, imports and tests at 318bc90. Historical embedded paths frozen; replay from original commit. GRPO imports/CLI/tests updated. External consumers unknown."
outputs/pretrain_140m_7b_v2/bench_eval/step_320000.json,legacy/outputs/pretrain_140m_7b_v2/bench_eval/step_320000.json,5c82b914098198923ab3a3f1d4a372986e3f1be6,b6e11859229ee93242179bd9f219da9f625872fea332a4354594e8aa79122378,Historical named run records: pretrain_140m 12-layer and pre-release SFT/distillation; not Base49590/P2/P3.,"Reviewed configs/recorded run identities, CLI input/output behavior, imports and tests at 318bc90. Historical embedded paths frozen; replay from original commit. GRPO imports/CLI/tests updated. External consumers unknown."
outputs/pretrain_140m_7b_v2/bench_eval/step_322000.json,legacy/outputs/pretrain_140m_7b_v2/bench_eval/step_322000.json,d887a652f5d74dc61ee53f7181f03019245eb959,abe88657541bef4a336344b5490f8468c4d0ddec4d811d8c945a07bcf9268396,Historical named run records: pretrain_140m 12-layer and pre-release SFT/distillation; not Base49590/P2/P3.,"Reviewed configs/recorded run identities, CLI input/output behavior, imports and tests at 318bc90. Historical embedded paths frozen; replay from original commit. GRPO imports/CLI/tests updated. External consumers unknown."
outputs/pretrain_140m_7b_v2/bench_eval/step_324000.json,legacy/outputs/pretrain_140m_7b_v2/bench_eval/step_324000.json,d6aaf90fa535ab667e8c290e498d657964353ac9,03ddf03d1a624d600a7cd33457cdc3cc4a4ff6d347fa10568ca497c3a25d645e,Historical named run records: pretrain_140m 12-layer and pre-release SFT/distillation; not Base49590/P2/P3.,"Reviewed configs/recorded run identities, CLI input/output behavior, imports and tests at 318bc90. Historical embedded paths frozen; replay from original commit. GRPO imports/CLI/tests updated. External consumers unknown."
outputs/pretrain_140m_7b_v2/bench_eval/step_326000.json,legacy/outputs/pretrain_140m_7b_v2/bench_eval/step_326000.json,f7aa685dbe1d114e04f99980d81ec5955f7aef88,9ff89ef1b5c3eac31b74d989d887914f45940b1db9ff9153a18332e1676ea33e,Historical named run records: pretrain_140m 12-layer and pre-release SFT/distillation; not Base49590/P2/P3.,"Reviewed configs/recorded run identities, CLI input/output behavior, imports and tests at 318bc90. Historical embedded paths frozen; replay from original commit. GRPO imports/CLI/tests updated. External consumers unknown."
outputs/pretrain_140m_7b_v2/bench_eval/step_328000.json,legacy/outputs/pretrain_140m_7b_v2/bench_eval/step_328000.json,aaa97294578f8f3e838fec63f4e8b17ad92493d1,5b0498faec67cee395d62aaad1cc5cfd879ae1bd45ec354c81dfea891cb0133b,Historical named run records: pretrain_140m 12-layer and pre-release SFT/distillation; not Base49590/P2/P3.,"Reviewed configs/recorded run identities, CLI input/output behavior, imports and tests at 318bc90. Historical embedded paths frozen; replay from original commit. GRPO imports/CLI/tests updated. External consumers unknown."
outputs/pretrain_140m_7b_v2/bench_eval/step_330000.json,legacy/outputs/pretrain_140m_7b_v2/bench_eval/step_330000.json,dd11e55549101eaedcbf04f57e25beaef749ffa0,d1219e55200444e20ff8572285e5725734d72f870a8e6dc02ffd0b5a7351a40e,Historical named run records: pretrain_140m 12-layer and pre-release SFT/distillation; not Base49590/P2/P3.,"Reviewed configs/recorded run identities, CLI input/output behavior, imports and tests at 318bc90. Historical embedded paths frozen; replay from original commit. GRPO imports/CLI/tests updated. External consumers unknown."
outputs/pretrain_140m_7b_v2/bench_eval/step_332000.json,legacy/outputs/pretrain_140m_7b_v2/bench_eval/step_332000.json,5841758650d6fd6c1fac356698bc077d260e5080,76f01def5330b327a4f598a47b56cae1e0ae6b631dba4a47ba1470558335a90d,Historical named run records: pretrain_140m 12-layer and pre-release SFT/distillation; not Base49590/P2/P3.,"Reviewed configs/recorded run identities, CLI input/output behavior, imports and tests at 318bc90. Historical embedded paths frozen; replay from original commit. GRPO imports/CLI/tests updated. External consumers unknown."
outputs/pretrain_140m_7b_v2/bench_eval/step_334000.json,legacy/outputs/pretrain_140m_7b_v2/bench_eval/step_334000.json,9e5b9ca84a1563cc41b082563332aeb422c7aed1,67219f31d36b9cf851e0f2197acc03fbb5964dda166a5b421ed821be3c3159cc,Historical named run records: pretrain_140m 12-layer and pre-release SFT/distillation; not Base49590/P2/P3.,"Reviewed configs/recorded run identities, CLI input/output behavior, imports and tests at 318bc90. Historical embedded paths frozen; replay from original commit. GRPO imports/CLI/tests updated. External consumers unknown."
outputs/pretrain_140m_7b_v2/bench_eval/step_336000.json,legacy/outputs/pretrain_140m_7b_v2/bench_eval/step_336000.json,2ceffdc50b8583efdf878e7a7606da0c77eb5ba3,8d28207c37d6a57307d95464f921114c7da8ea564af56b888c8b752109aec7cd,Historical named run records: pretrain_140m 12-layer and pre-release SFT/distillation; not Base49590/P2/P3.,"Reviewed configs/recorded run identities, CLI input/output behavior, imports and tests at 318bc90. Historical embedded paths frozen; replay from original commit. GRPO imports/CLI/tests updated. External consumers unknown."
outputs/pretrain_140m_7b_v2/bench_eval/step_338000.json,legacy/outputs/pretrain_140m_7b_v2/bench_eval/step_338000.json,f055a9be86333690cb7b01a496536cc4ac40100e,134f7a1e72301ef739a3ea45488150ba0f8427b1425f536d20012e66ea93d687,Historical named run records: pretrain_140m 12-layer and pre-release SFT/distillation; not Base49590/P2/P3.,"Reviewed configs/recorded run identities, CLI input/output behavior, imports and tests at 318bc90. Historical embedded paths frozen; replay from original commit. GRPO imports/CLI/tests updated. External consumers unknown."
outputs/pretrain_140m_7b_v2/bench_eval/step_340000.json,legacy/outputs/pretrain_140m_7b_v2/bench_eval/step_340000.json,0edaa85795b7dce8a4ccb2736f89ace42b088b34,87ffd8b9753440d7c604716383a8f8303237da7428e715e2259ad1412b63d009,Historical named run records: pretrain_140m 12-layer and pre-release SFT/distillation; not Base49590/P2/P3.,"Reviewed configs/recorded run identities, CLI input/output behavior, imports and tests at 318bc90. Historical embedded paths frozen; replay from original commit. GRPO imports/CLI/tests updated. External consumers unknown."
outputs/pretrain_140m_7b_v2/bench_eval/step_342000.json,legacy/outputs/pretrain_140m_7b_v2/bench_eval/step_342000.json,0cdfd90ea94b641ee2352b00c9bf61cd566356ac,ac66cf19019961bf1eed0ac2bc13e3590557628f1313e3f7e3778f5e311f1480,Historical named run records: pretrain_140m 12-layer and pre-release SFT/distillation; not Base49590/P2/P3.,"Reviewed configs/recorded run identities, CLI input/output behavior, imports and tests at 318bc90. Historical embedded paths frozen; replay from original commit. GRPO imports/CLI/tests updated. External consumers unknown."
outputs/pretrain_140m_7b_v2/bench_eval/step_344000.json,legacy/outputs/pretrain_140m_7b_v2/bench_eval/step_344000.json,871ca7958baf014fa62efa0830931cd0cb785188,ac76865a41807285051113e4cba1353dadb333b1b20f9965a3531aa53226ab64,Historical named run records: pretrain_140m 12-layer and pre-release SFT/distillation; not Base49590/P2/P3.,"Reviewed configs/recorded run identities, CLI input/output behavior, imports and tests at 318bc90. Historical embedded paths frozen; replay from original commit. GRPO imports/CLI/tests updated. External consumers unknown."
outputs/pretrain_140m_7b_v2/bench_eval/step_346000.json,legacy/outputs/pretrain_140m_7b_v2/bench_eval/step_346000.json,f02ff7837bee5a2bd7e143ac060bebb7b35d85be,e4d4695bfd525dad1a33b64947265cd64cd7216727896809286313ed1bd09266,Historical named run records: pretrain_140m 12-layer and pre-release SFT/distillation; not Base49590/P2/P3.,"Reviewed configs/recorded run identities, CLI input/output behavior, imports and tests at 318bc90. Historical embedded paths frozen; replay from original commit. GRPO imports/CLI/tests updated. External consumers unknown."
outputs/pretrain_140m_7b_v2/bench_eval/step_348000.json,legacy/outputs/pretrain_140m_7b_v2/bench_eval/step_348000.json,c2a63d2eb11a19b1635ad96d05704909886afa53,e9e9a9648ddf9eaee4e6f83aae99ed72da40d5f68d41490314884bff24e9f037,Historical named run records: pretrain_140m 12-layer and pre-release SFT/distillation; not Base49590/P2/P3.,"Reviewed configs/recorded run identities, CLI input/output behavior, imports and tests at 318bc90. Historical embedded paths frozen; replay from original commit. GRPO imports/CLI/tests updated. External consumers unknown."
outputs/pretrain_140m_7b_v2/bench_eval/step_350000.json,legacy/outputs/pretrain_140m_7b_v2/bench_eval/step_350000.json,a1580c5d7a512e06b832238c581a54ee8261b7c1,65d67ca90b5860ecafe6e608c2635429a1e5e558677f4eb47c757cbec3509b84,Historical named run records: pretrain_140m 12-layer and pre-release SFT/distillation; not Base49590/P2/P3.,"Reviewed configs/recorded run identities, CLI input/output behavior, imports and tests at 318bc90. Historical embedded paths frozen; replay from original commit. GRPO imports/CLI/tests updated. External consumers unknown."
outputs/pretrain_140m_7b_v2/bench_eval/step_352000.json,legacy/outputs/pretrain_140m_7b_v2/bench_eval/step_352000.json,9defa76ace922633111c876747c7ea2da534d01f,a21fb94e6b0009d5623982a4c07a8aea42136c6c26d683b1c30d42a604c3e393,Historical named run records: pretrain_140m 12-layer and pre-release SFT/distillation; not Base49590/P2/P3.,"Reviewed configs/recorded run identities, CLI input/output behavior, imports and tests at 318bc90. Historical embedded paths frozen; replay from original commit. GRPO imports/CLI/tests updated. External consumers unknown."
outputs/pretrain_140m_7b_v2/bench_eval/step_354000.json,legacy/outputs/pretrain_140m_7b_v2/bench_eval/step_354000.json,1b6d3f450c6692bc26f76afd0ca5ef78d648f057,0ca81501688cbb10b937f8b025ba7edf4cad5f4daf3adf6ec1076cbb10fd34e8,Historical named run records: pretrain_140m 12-layer and pre-release SFT/distillation; not Base49590/P2/P3.,"Reviewed configs/recorded run identities, CLI input/output behavior, imports and tests at 318bc90. Historical embedded paths frozen; replay from original commit. GRPO imports/CLI/tests updated. External consumers unknown."
outputs/pretrain_140m_7b_v2/bench_eval/step_356000.json,legacy/outputs/pretrain_140m_7b_v2/bench_eval/step_356000.json,f007ea1675759e3febfe332744d7961bfa9c0be3,381c5bfd2e51a8fdb864df5f1b8c24742aeb4dd02ff68b2f34c23fbfb6e55e3b,Historical named run records: pretrain_140m 12-layer and pre-release SFT/distillation; not Base49590/P2/P3.,"Reviewed configs/recorded run identities, CLI input/output behavior, imports and tests at 318bc90. Historical embedded paths frozen; replay from original commit. GRPO imports/CLI/tests updated. External consumers unknown."
outputs/pretrain_140m_7b_v2/bench_eval/step_358000.json,legacy/outputs/pretrain_140m_7b_v2/bench_eval/step_358000.json,1fec87b327f5d8053f6644d6cc9f4bb53b865045,434dbe10ed7d9e071fc4b80f9384aba222e1cc6c57191e8235b3fc7d4a41ca64,Historical named run records: pretrain_140m 12-layer and pre-release SFT/distillation; not Base49590/P2/P3.,"Reviewed configs/recorded run identities, CLI input/output behavior, imports and tests at 318bc90. Historical embedded paths frozen; replay from original commit. GRPO imports/CLI/tests updated. External consumers unknown."
outputs/pretrain_140m_7b_v2/bench_eval/step_360000.json,legacy/outputs/pretrain_140m_7b_v2/bench_eval/step_360000.json,5cb6f919fa9bd50a97af3b9ca37b3b01d07a082a,e9f14ad4e4d6db6c6b89681a1433bca9a42d3e8a232da648cb0cad43143cbb43,Historical named run records: pretrain_140m 12-layer and pre-release SFT/distillation; not Base49590/P2/P3.,"Reviewed configs/recorded run identities, CLI input/output behavior, imports and tests at 318bc90. Historical embedded paths frozen; replay from original commit. GRPO imports/CLI/tests updated. External consumers unknown."
outputs/pretrain_140m_7b_v2/bench_eval/step_362000.json,legacy/outputs/pretrain_140m_7b_v2/bench_eval/step_362000.json,f7c8a31cdf520354712b5d5f13b39d29d9e05ef6,8f7455369a3878fafdbcc23e31fc3944c1683fe1532d60424a30699cb5b600f3,Historical named run records: pretrain_140m 12-layer and pre-release SFT/distillation; not Base49590/P2/P3.,"Reviewed configs/recorded run identities, CLI input/output behavior, imports and tests at 318bc90. Historical embedded paths frozen; replay from original commit. GRPO imports/CLI/tests updated. External consumers unknown."
outputs/pretrain_140m_7b_v2/bench_eval/step_364000.json,legacy/outputs/pretrain_140m_7b_v2/bench_eval/step_364000.json,511e68846fb905151c2ed2a30049424f602e115e,8b79b41bc2b8c93469ec443140449018cb26bbc5705d6b57c53fade8ba6d86e2,Historical named run records: pretrain_140m 12-layer and pre-release SFT/distillation; not Base49590/P2/P3.,"Reviewed configs/recorded run identities, CLI input/output behavior, imports and tests at 318bc90. Historical embedded paths frozen; replay from original commit. GRPO imports/CLI/tests updated. External consumers unknown."
outputs/pretrain_140m_7b_v2/config.json,legacy/outputs/pretrain_140m_7b_v2/config.json,15370a493e387e10f510548d8e637b0be695a203,5a28e458153b2dc3affc95e3954223b043ac0512ad8797260e80cbe02946b2c1,Historical named run records: pretrain_140m 12-layer and pre-release SFT/distillation; not Base49590/P2/P3.,"Reviewed configs/recorded run identities, CLI input/output behavior, imports and tests at 318bc90. Historical embedded paths frozen; replay from original commit. GRPO imports/CLI/tests updated. External consumers unknown."
outputs/pretrain_140m_v3_general_code/best_val.json,legacy/outputs/pretrain_140m_v3_general_code/best_val.json,b33626548bec98fb7ae4303fd7f0efda6988661d,8506706f6607c381146ae7e2141bb5c9c23698342ade9bfc8e29afcf4fe34a5f,Historical named run records: pretrain_140m 12-layer and pre-release SFT/distillation; not Base49590/P2/P3.,"Reviewed configs/recorded run identities, CLI input/output behavior, imports and tests at 318bc90. Historical embedded paths frozen; replay from original commit. GRPO imports/CLI/tests updated. External consumers unknown."
outputs/pretrain_140m_v3_general_code/config.json,legacy/outputs/pretrain_140m_v3_general_code/config.json,6bb68308148692b45b4b94c20d8507092ada4b41,feba41a3839520634d97d94d5399f9ec9ecb0b4429493dd999a732c727a657a3,Historical named run records: pretrain_140m 12-layer and pre-release SFT/distillation; not Base49590/P2/P3.,"Reviewed configs/recorded run identities, CLI input/output behavior, imports and tests at 318bc90. Historical embedded paths frozen; replay from original commit. GRPO imports/CLI/tests updated. External consumers unknown."
outputs/pretrain_140m_v3_general_code/metrics.jsonl,legacy/outputs/pretrain_140m_v3_general_code/metrics.jsonl,f8ad7578ffee077ca9c2dfb8d35c0d98cd58c65b,3f888712f8688f418ee198a2961300b96eab0381fa0a59ffd8afd85a4e09eed7,Historical named run records: pretrain_140m 12-layer and pre-release SFT/distillation; not Base49590/P2/P3.,"Reviewed configs/recorded run identities, CLI input/output behavior, imports and tests at 318bc90. Historical embedded paths frozen; replay from original commit. GRPO imports/CLI/tests updated. External consumers unknown."
outputs/sft_mix_v2/samples/step_001000.txt,legacy/outputs/sft_mix_v2/samples/step_001000.txt,afb4553783fbc22efbc657b1f7fd2d5a6f43aeef,a5464bcf1c6192984400f02966e36b04a7d6b09835e3cd8098db53ad8a055721,Historical named run records: pretrain_140m 12-layer and pre-release SFT/distillation; not Base49590/P2/P3.,"Reviewed configs/recorded run identities, CLI input/output behavior, imports and tests at 318bc90. Historical embedded paths frozen; replay from original commit. GRPO imports/CLI/tests updated. External consumers unknown."
outputs/sft_mix_v2/samples/step_002000.txt,legacy/outputs/sft_mix_v2/samples/step_002000.txt,7fb66f595b410257ef707a1fbba3122b2d7a8fb6,8b92e3403ec21181ccff5c6933d84f662c7664d82c1aa45b45c3cac877b0dba0,Historical named run records: pretrain_140m 12-layer and pre-release SFT/distillation; not Base49590/P2/P3.,"Reviewed configs/recorded run identities, CLI input/output behavior, imports and tests at 318bc90. Historical embedded paths frozen; replay from original commit. GRPO imports/CLI/tests updated. External consumers unknown."
outputs/sft_mix_v2/samples/step_003000.txt,legacy/outputs/sft_mix_v2/samples/step_003000.txt,6f5e02c179eb13be672c3c4d45f8a5140101feaa,f01a087c5c9196f550311b77e854b6cc277ac073f0ce463e1a9961d55b28555e,Historical named run records: pretrain_140m 12-layer and pre-release SFT/distillation; not Base49590/P2/P3.,"Reviewed configs/recorded run identities, CLI input/output behavior, imports and tests at 318bc90. Historical embedded paths frozen; replay from original commit. GRPO imports/CLI/tests updated. External consumers unknown."
outputs/sft_mix_v2/samples/step_004000.txt,legacy/outputs/sft_mix_v2/samples/step_004000.txt,172608a5f128903467f05f91fbded1a05e542a52,22e821c26a46e584a9b91f4229760567d616d777cb0ef545b6bc53d89b3ca2be,Historical named run records: pretrain_140m 12-layer and pre-release SFT/distillation; not Base49590/P2/P3.,"Reviewed configs/recorded run identities, CLI input/output behavior, imports and tests at 318bc90. Historical embedded paths frozen; replay from original commit. GRPO imports/CLI/tests updated. External consumers unknown."
outputs/sft_mix_v2/samples/step_005000.txt,legacy/outputs/sft_mix_v2/samples/step_005000.txt,a2fabe816c52def13195c890c555f2b817868609,51e5a76043efba896b3aa49cc7c0635a80cfc91bf1fb3d5660ddf45c62b0fdc7,Historical named run records: pretrain_140m 12-layer and pre-release SFT/distillation; not Base49590/P2/P3.,"Reviewed configs/recorded run identities, CLI input/output behavior, imports and tests at 318bc90. Historical embedded paths frozen; replay from original commit. GRPO imports/CLI/tests updated. External consumers unknown."
outputs/sft_mix_v2/samples/step_006000.txt,legacy/outputs/sft_mix_v2/samples/step_006000.txt,5bc3d69a34c710d63c213a6e887639f1aebf2238,3fa2da858fb43e6f3f90cfab4ffc741f4bb56f9914eec618f096097f4e87cab8,Historical named run records: pretrain_140m 12-layer and pre-release SFT/distillation; not Base49590/P2/P3.,"Reviewed configs/recorded run identities, CLI input/output behavior, imports and tests at 318bc90. Historical embedded paths frozen; replay from original commit. GRPO imports/CLI/tests updated. External consumers unknown."
outputs/sft_mix_v2/samples/step_007000.txt,legacy/outputs/sft_mix_v2/samples/step_007000.txt,9bbe9b6c21b7eeec4984c20f0e305a4ccc252a7c,f6038a0d0c5428dea160289d58a6d283842ccfc1622c3749902d759f068b8b50,Historical named run records: pretrain_140m 12-layer and pre-release SFT/distillation; not Base49590/P2/P3.,"Reviewed configs/recorded run identities, CLI input/output behavior, imports and tests at 318bc90. Historical embedded paths frozen; replay from original commit. GRPO imports/CLI/tests updated. External consumers unknown."
outputs/sft_mix_v2/samples/step_008000.txt,legacy/outputs/sft_mix_v2/samples/step_008000.txt,6bb7ad9e60a622f49a940479ad0d534ea7f5b2f6,867d997bab7ae0c26a7b4129fdfb8cc9457123ec3c2238b993ce6d022d64e5b1,Historical named run records: pretrain_140m 12-layer and pre-release SFT/distillation; not Base49590/P2/P3.,"Reviewed configs/recorded run identities, CLI input/output behavior, imports and tests at 318bc90. Historical embedded paths frozen; replay from original commit. GRPO imports/CLI/tests updated. External consumers unknown."
outputs/sft_v3_general_code/samples/step_000500.txt,legacy/outputs/sft_v3_general_code/samples/step_000500.txt,5fc994ba139a274d55e9c0c733b8be1bc05f79a6,0831596f486c9fdb6a02e7aa4a73b8db345ce5a236df7a6765d8e328e56cec64,Historical named run records: pretrain_140m 12-layer and pre-release SFT/distillation; not Base49590/P2/P3.,"Reviewed configs/recorded run identities, CLI input/output behavior, imports and tests at 318bc90. Historical embedded paths frozen; replay from original commit. GRPO imports/CLI/tests updated. External consumers unknown."
outputs/sft_v3_general_code/samples/step_001000.txt,legacy/outputs/sft_v3_general_code/samples/step_001000.txt,3e3d0c75c81aad838d2a9839ce89572e321e8c7d,3e39c7c12dbfbaed1cfa3dfa6188a81ab169688dffbf31f8456682cd81e77581,Historical named run records: pretrain_140m 12-layer and pre-release SFT/distillation; not Base49590/P2/P3.,"Reviewed configs/recorded run identities, CLI input/output behavior, imports and tests at 318bc90. Historical embedded paths frozen; replay from original commit. GRPO imports/CLI/tests updated. External consumers unknown."
outputs/sft_v3_general_code/samples/step_001500.txt,legacy/outputs/sft_v3_general_code/samples/step_001500.txt,184298b3cad139d5e6e3a405caf3f9be6908fc03,120085d1429f235d7dadcacb6d8b5167feaf6dcab624fc8952399f3d411f185e,Historical named run records: pretrain_140m 12-layer and pre-release SFT/distillation; not Base49590/P2/P3.,"Reviewed configs/recorded run identities, CLI input/output behavior, imports and tests at 318bc90. Historical embedded paths frozen; replay from original commit. GRPO imports/CLI/tests updated. External consumers unknown."
outputs/sft_v3_general_code/samples/step_002000.txt,legacy/outputs/sft_v3_general_code/samples/step_002000.txt,47e0c3bb69b499b8565cfd28ae57dfd1086a3cc8,77f64a6aff7196cc5ca63f9b6f4409756d78d5dd93aa344c30627ac8766b9c13,Historical named run records: pretrain_140m 12-layer and pre-release SFT/distillation; not Base49590/P2/P3.,"Reviewed configs/recorded run identities, CLI input/output behavior, imports and tests at 318bc90. Historical embedded paths frozen; replay from original commit. GRPO imports/CLI/tests updated. External consumers unknown."
outputs/sft_v3_general_code/samples/step_002500.txt,legacy/outputs/sft_v3_general_code/samples/step_002500.txt,6cb77f3bddfeb4f4438b046673c810c43b53544c,b7a97f2b3ce37a5a7af87a4c2e7445813b92ae622b2b8d24717a371350bee259,Historical named run records: pretrain_140m 12-layer and pre-release SFT/distillation; not Base49590/P2/P3.,"Reviewed configs/recorded run identities, CLI input/output behavior, imports and tests at 318bc90. Historical embedded paths frozen; replay from original commit. GRPO imports/CLI/tests updated. External consumers unknown."
outputs/sft_v3_general_code/samples/step_003000.txt,legacy/outputs/sft_v3_general_code/samples/step_003000.txt,8da4d99cc5c57b6b3cff433a59c7d9a0cfecd86a,1b21b2fb34dac38a4d2e69954f57d0c19ef369ff2ba169fd6b11ac90de8d9d0e,Historical named run records: pretrain_140m 12-layer and pre-release SFT/distillation; not Base49590/P2/P3.,"Reviewed configs/recorded run identities, CLI input/output behavior, imports and tests at 318bc90. Historical embedded paths frozen; replay from original commit. GRPO imports/CLI/tests updated. External consumers unknown."
outputs/sft_v3_general_code/samples/step_003500.txt,legacy/outputs/sft_v3_general_code/samples/step_003500.txt,ca6e6ae48309d7c458719a12d7b983aecc0687c9,68d79e8a13ceec1734fa10207522f4802415f73bb423ca9a7daaa1a5f11505a8,Historical named run records: pretrain_140m 12-layer and pre-release SFT/distillation; not Base49590/P2/P3.,"Reviewed configs/recorded run identities, CLI input/output behavior, imports and tests at 318bc90. Historical embedded paths frozen; replay from original commit. GRPO imports/CLI/tests updated. External consumers unknown."
outputs/sft_v3_general_code/samples/step_004000.txt,legacy/outputs/sft_v3_general_code/samples/step_004000.txt,79e06237ddfcc7fa335ec3d1ecdfe3dcce2aefdc,ec7e1c9f08537e7d719704a84920fabed9f1d6591e0720c478e1e08819b0b044,Historical named run records: pretrain_140m 12-layer and pre-release SFT/distillation; not Base49590/P2/P3.,"Reviewed configs/recorded run identities, CLI input/output behavior, imports and tests at 318bc90. Historical embedded paths frozen; replay from original commit. GRPO imports/CLI/tests updated. External consumers unknown."
outputs/sft_v3_general_code/samples/step_004500.txt,legacy/outputs/sft_v3_general_code/samples/step_004500.txt,2e89a6c50b6661eb226f34202e989672af4981ea,cac1d603a50b1340d7c68c3a3e37191c224a9d8abed777aba578b0d5b702347b,Historical named run records: pretrain_140m 12-layer and pre-release SFT/distillation; not Base49590/P2/P3.,"Reviewed configs/recorded run identities, CLI input/output behavior, imports and tests at 318bc90. Historical embedded paths frozen; replay from original commit. GRPO imports/CLI/tests updated. External consumers unknown."
outputs/sft_v3_general_code/samples/step_005000.txt,legacy/outputs/sft_v3_general_code/samples/step_005000.txt,61804f4a2d15d27cc32b956fe882d26e9374a5e1,a43515617de7a1c0d2a9a8bec4976611ab08a6421c865813795972012049f797,Historical named run records: pretrain_140m 12-layer and pre-release SFT/distillation; not Base49590/P2/P3.,"Reviewed configs/recorded run identities, CLI input/output behavior, imports and tests at 318bc90. Historical embedded paths frozen; replay from original commit. GRPO imports/CLI/tests updated. External consumers unknown."
outputs/sft_v3_general_code/samples/step_005500.txt,legacy/outputs/sft_v3_general_code/samples/step_005500.txt,456e145f59ab7655182929d61f3939fa61992140,ad66fdb2185fd20401b2c1d7adb49d2ce41e86a3b3cc6cbb1a6d8cf59e9fb11b,Historical named run records: pretrain_140m 12-layer and pre-release SFT/distillation; not Base49590/P2/P3.,"Reviewed configs/recorded run identities, CLI input/output behavior, imports and tests at 318bc90. Historical embedded paths frozen; replay from original commit. GRPO imports/CLI/tests updated. External consumers unknown."
outputs/sft_v3_general_code/samples/step_006000.txt,legacy/outputs/sft_v3_general_code/samples/step_006000.txt,b102b81eb01315d99ba5a6a2cb75bc1ed2acc74c,b0c8c59174683c143b42a347ac93432a07a0b3e06e78b38d2f2fef5bda9f43cb,Historical named run records: pretrain_140m 12-layer and pre-release SFT/distillation; not Base49590/P2/P3.,"Reviewed configs/recorded run identities, CLI input/output behavior, imports and tests at 318bc90. Historical embedded paths frozen; replay from original commit. GRPO imports/CLI/tests updated. External consumers unknown."
outputs/sft_v3_general_code/samples/step_006500.txt,legacy/outputs/sft_v3_general_code/samples/step_006500.txt,928cf5156120ef76f33092fe2a881e7033277001,d5e60d8c181cc2cdbe33b22511f7faf9d6b7a9cca3db7e40b7c7b8a13e7b7013,Historical named run records: pretrain_140m 12-layer and pre-release SFT/distillation; not Base49590/P2/P3.,"Reviewed configs/recorded run identities, CLI input/output behavior, imports and tests at 318bc90. Historical embedded paths frozen; replay from original commit. GRPO imports/CLI/tests updated. External consumers unknown."
outputs/sft_v3_general_code/samples/step_007000.txt,legacy/outputs/sft_v3_general_code/samples/step_007000.txt,487d2e152d2656298c44815230a9acc851c23dc1,4d4768bff94e192ab03b2188b507b0a23846073638cf1b80d99e3e570f385d21,Historical named run records: pretrain_140m 12-layer and pre-release SFT/distillation; not Base49590/P2/P3.,"Reviewed configs/recorded run identities, CLI input/output behavior, imports and tests at 318bc90. Historical embedded paths frozen; replay from original commit. GRPO imports/CLI/tests updated. External consumers unknown."
outputs/sft_v3_general_code/samples/step_007500.txt,legacy/outputs/sft_v3_general_code/samples/step_007500.txt,589cefd2e53eb93b3982a5229d944675c7b5829a,92d496a6fd4edb455bc1478305b2cce21cbbb3d9b242a5151c481f6322477eb3,Historical named run records: pretrain_140m 12-layer and pre-release SFT/distillation; not Base49590/P2/P3.,"Reviewed configs/recorded run identities, CLI input/output behavior, imports and tests at 318bc90. Historical embedded paths frozen; replay from original commit. GRPO imports/CLI/tests updated. External consumers unknown."
outputs/sft_v3_general_code/samples/step_008000.txt,legacy/outputs/sft_v3_general_code/samples/step_008000.txt,b6e28d30abf2f235e08d16144cedb6239a86acba,5fd8aaf86771bb55b160d90e838ab4b5fdb69275bc1999d74d3abf32535f0bfc,Historical named run records: pretrain_140m 12-layer and pre-release SFT/distillation; not Base49590/P2/P3.,"Reviewed configs/recorded run identities, CLI input/output behavior, imports and tests at 318bc90. Historical embedded paths frozen; replay from original commit. GRPO imports/CLI/tests updated. External consumers unknown."
outputs/sft_v3_general_code/samples/step_008500.txt,legacy/outputs/sft_v3_general_code/samples/step_008500.txt,2431fa5b194b55d1cf9717f16068a0cb51626f4a,cdfb10e9b0b0b391f835ec7a7260a55c179fc842551f552dd4c240d64653976b,Historical named run records: pretrain_140m 12-layer and pre-release SFT/distillation; not Base49590/P2/P3.,"Reviewed configs/recorded run identities, CLI input/output behavior, imports and tests at 318bc90. Historical embedded paths frozen; replay from original commit. GRPO imports/CLI/tests updated. External consumers unknown."
outputs/sft_v3_general_code/samples/step_009000.txt,legacy/outputs/sft_v3_general_code/samples/step_009000.txt,f3e7f8d3e7ba7401f9a263451ccaddf8a7113bdd,a6cd1f4302f60acb9f87062afc5b3ee813420256a3010e0b74f2518e3b7f826d,Historical named run records: pretrain_140m 12-layer and pre-release SFT/distillation; not Base49590/P2/P3.,"Reviewed configs/recorded run identities, CLI input/output behavior, imports and tests at 318bc90. Historical embedded paths frozen; replay from original commit. GRPO imports/CLI/tests updated. External consumers unknown."
outputs/sft_v3_general_code/samples/step_009500.txt,legacy/outputs/sft_v3_general_code/samples/step_009500.txt,b515a62a1fb9e21f7985580dcfeafb9bc03edb87,d30aaed2fe247289bf4feac02a5024a55025e4effa7bd2f83749a846bcb7b6a8,Historical named run records: pretrain_140m 12-layer and pre-release SFT/distillation; not Base49590/P2/P3.,"Reviewed configs/recorded run identities, CLI input/output behavior, imports and tests at 318bc90. Historical embedded paths frozen; replay from original commit. GRPO imports/CLI/tests updated. External consumers unknown."
outputs/sft_v3_general_code/samples/step_010000.txt,legacy/outputs/sft_v3_general_code/samples/step_010000.txt,842e39f53f5947020fe2be62b1367530880babb0,fa33dbd47960ac2c23b9d5ea5b137e89a0be93dfe01d095457d2b9e3623863c6,Historical named run records: pretrain_140m 12-layer and pre-release SFT/distillation; not Base49590/P2/P3.,"Reviewed configs/recorded run identities, CLI input/output behavior, imports and tests at 318bc90. Historical embedded paths frozen; replay from original commit. GRPO imports/CLI/tests updated. External consumers unknown."
outputs/sft_v4_general_code/samples/step_000500.txt,legacy/outputs/sft_v4_general_code/samples/step_000500.txt,c340b3beab4bd7d6c4ded99734c35acae064d41a,1da003776c07fea0020dc0934af2b6bdda5fc6d1fc61f2b446c6cc3807cc22f4,Historical named run records: pretrain_140m 12-layer and pre-release SFT/distillation; not Base49590/P2/P3.,"Reviewed configs/recorded run identities, CLI input/output behavior, imports and tests at 318bc90. Historical embedded paths frozen; replay from original commit. GRPO imports/CLI/tests updated. External consumers unknown."
outputs/sft_v4_general_code/samples/step_001000.txt,legacy/outputs/sft_v4_general_code/samples/step_001000.txt,812895153eaa3383ae3ee2f10ad62741b04f21d1,e8a202503cca495333cf784fc0045e6e5f7e880c3ec9217c0f923ea6d4b9972f,Historical named run records: pretrain_140m 12-layer and pre-release SFT/distillation; not Base49590/P2/P3.,"Reviewed configs/recorded run identities, CLI input/output behavior, imports and tests at 318bc90. Historical embedded paths frozen; replay from original commit. GRPO imports/CLI/tests updated. External consumers unknown."
outputs/sft_v4_general_code/samples/step_001500.txt,legacy/outputs/sft_v4_general_code/samples/step_001500.txt,04628391357366b9b17941b4a584c6dde0340e3d,93f78b0974ef89000b99206380640ffc8b450fcfe97502465e0ec7de6bcca312,Historical named run records: pretrain_140m 12-layer and pre-release SFT/distillation; not Base49590/P2/P3.,"Reviewed configs/recorded run identities, CLI input/output behavior, imports and tests at 318bc90. Historical embedded paths frozen; replay from original commit. GRPO imports/CLI/tests updated. External consumers unknown."
outputs/sft_v4_general_code/samples/step_002000.txt,legacy/outputs/sft_v4_general_code/samples/step_002000.txt,055d8417d37b04497129547155a9b093916367d2,f0dbba85f65ae7f0296968aae911835fb2dfca070b8c444971b42c82b0a3f7ba,Historical named run records: pretrain_140m 12-layer and pre-release SFT/distillation; not Base49590/P2/P3.,"Reviewed configs/recorded run identities, CLI input/output behavior, imports and tests at 318bc90. Historical embedded paths frozen; replay from original commit. GRPO imports/CLI/tests updated. External consumers unknown."
outputs/sft_v4_general_code/samples/step_002500.txt,legacy/outputs/sft_v4_general_code/samples/step_002500.txt,41272a98d00c3fbb40bfdd8199f41daa8954c5b8,aadbd4583bf36fc7a09d12a8522bc8f3ca8d7210122e8915b6433b3c8eaa2059,Historical named run records: pretrain_140m 12-layer and pre-release SFT/distillation; not Base49590/P2/P3.,"Reviewed configs/recorded run identities, CLI input/output behavior, imports and tests at 318bc90. Historical embedded paths frozen; replay from original commit. GRPO imports/CLI/tests updated. External consumers unknown."
outputs/sft_v4_general_code/samples/step_003000.txt,legacy/outputs/sft_v4_general_code/samples/step_003000.txt,d02e19a486b61a986f96f98223c825ac8c82c3b1,6269b04ff1da2f9b64e2eb4cb6457975986c5f82427d19e485a2109de30ced24,Historical named run records: pretrain_140m 12-layer and pre-release SFT/distillation; not Base49590/P2/P3.,"Reviewed configs/recorded run identities, CLI input/output behavior, imports and tests at 318bc90. Historical embedded paths frozen; replay from original commit. GRPO imports/CLI/tests updated. External consumers unknown."
outputs/sft_v4_general_code/samples/step_003500.txt,legacy/outputs/sft_v4_general_code/samples/step_003500.txt,718526a6ff17cb9c2a2421c3ef61899147a1a0c4,abe1c7da09d9f06560f1f99ef1087fc2bb1f8ee587e9ec179df8f124eccf7c75,Historical named run records: pretrain_140m 12-layer and pre-release SFT/distillation; not Base49590/P2/P3.,"Reviewed configs/recorded run identities, CLI input/output behavior, imports and tests at 318bc90. Historical embedded paths frozen; replay from original commit. GRPO imports/CLI/tests updated. External consumers unknown."
outputs/sft_v4_general_code/samples/step_004000.txt,legacy/outputs/sft_v4_general_code/samples/step_004000.txt,539dfd296fc0b5d8c2d19622751c004213283e39,3786dbaae242235ed39cd7dd33eb7b4215f4fecd485c7446ef085f1d58232610,Historical named run records: pretrain_140m 12-layer and pre-release SFT/distillation; not Base49590/P2/P3.,"Reviewed configs/recorded run identities, CLI input/output behavior, imports and tests at 318bc90. Historical embedded paths frozen; replay from original commit. GRPO imports/CLI/tests updated. External consumers unknown."
outputs/sft_v4_general_code/samples/step_004500.txt,legacy/outputs/sft_v4_general_code/samples/step_004500.txt,7d539ce05df1ff73f31c21719a9603f5f947f34f,10cc2a74184361182f473f34f495d46280717ea34bca4287193105f3153d485f,Historical named run records: pretrain_140m 12-layer and pre-release SFT/distillation; not Base49590/P2/P3.,"Reviewed configs/recorded run identities, CLI input/output behavior, imports and tests at 318bc90. Historical embedded paths frozen; replay from original commit. GRPO imports/CLI/tests updated. External consumers unknown."
outputs/sft_v4_general_code/samples/step_005000.txt,legacy/outputs/sft_v4_general_code/samples/step_005000.txt,11569a76e757286a10390d7ebf8d91e4efe54797,412c7a6984a0f8cd1b78a4b4767ab14033da4b5625d0b88ba108643ca5486233,Historical named run records: pretrain_140m 12-layer and pre-release SFT/distillation; not Base49590/P2/P3.,"Reviewed configs/recorded run identities, CLI input/output behavior, imports and tests at 318bc90. Historical embedded paths frozen; replay from original commit. GRPO imports/CLI/tests updated. External consumers unknown."
outputs/sft_v4_general_code/samples/step_005500.txt,legacy/outputs/sft_v4_general_code/samples/step_005500.txt,f5e352ac38ad54483025360e92a351db7d5b95c1,3d7f732df6bbf0c97c0748d58c9904d121001ad4ab940c8f30414cbe00251618,Historical named run records: pretrain_140m 12-layer and pre-release SFT/distillation; not Base49590/P2/P3.,"Reviewed configs/recorded run identities, CLI input/output behavior, imports and tests at 318bc90. Historical embedded paths frozen; replay from original commit. GRPO imports/CLI/tests updated. External consumers unknown."
outputs/sft_v4_general_code/samples/step_006000.txt,legacy/outputs/sft_v4_general_code/samples/step_006000.txt,5602d41ae1b0dd8f84bcdd185f727c202ed5797e,d10e01a863200fb59b9d366fe1a86dfc50ede3f53a2cb21f5262096713306764,Historical named run records: pretrain_140m 12-layer and pre-release SFT/distillation; not Base49590/P2/P3.,"Reviewed configs/recorded run identities, CLI input/output behavior, imports and tests at 318bc90. Historical embedded paths frozen; replay from original commit. GRPO imports/CLI/tests updated. External consumers unknown."
outputs/sft_v4_general_code/samples/step_006500.txt,legacy/outputs/sft_v4_general_code/samples/step_006500.txt,4cf7b8f545627234ee387f3231f6dbb957902886,c8fe587a81671cd54d6e1ee6d8bc141649a63f2c74f4a50b690764097581e0c2,Historical named run records: pretrain_140m 12-layer and pre-release SFT/distillation; not Base49590/P2/P3.,"Reviewed configs/recorded run identities, CLI input/output behavior, imports and tests at 318bc90. Historical embedded paths frozen; replay from original commit. GRPO imports/CLI/tests updated. External consumers unknown."
outputs/sft_v4_general_code/samples/step_007000.txt,legacy/outputs/sft_v4_general_code/samples/step_007000.txt,11ff80354924bdf490ef7ad05efb9ef78a430a9d,268736eba7292a96fefe073705c0d04a66a8103351f807343236615d8995f234,Historical named run records: pretrain_140m 12-layer and pre-release SFT/distillation; not Base49590/P2/P3.,"Reviewed configs/recorded run identities, CLI input/output behavior, imports and tests at 318bc90. Historical embedded paths frozen; replay from original commit. GRPO imports/CLI/tests updated. External consumers unknown."
outputs/sft_v4_general_code/samples/step_007500.txt,legacy/outputs/sft_v4_general_code/samples/step_007500.txt,b36076c69a0ad67cc8c402d49bd7fc93a3080044,167d9e3fe3248c5b67d88de49ba8631e9287718b79ff454df34083a64bd35ab3,Historical named run records: pretrain_140m 12-layer and pre-release SFT/distillation; not Base49590/P2/P3.,"Reviewed configs/recorded run identities, CLI input/output behavior, imports and tests at 318bc90. Historical embedded paths frozen; replay from original commit. GRPO imports/CLI/tests updated. External consumers unknown."
outputs/sft_v4_general_code/samples/step_008000.txt,legacy/outputs/sft_v4_general_code/samples/step_008000.txt,1ae1a543b0ff5378f6c1ebe166519db4af795cf7,5a79cfb1b33104fdf7158da73609ee1dab4c785fe70ab354e4f099ca6ee555c5,Historical named run records: pretrain_140m 12-layer and pre-release SFT/distillation; not Base49590/P2/P3.,"Reviewed configs/recorded run identities, CLI input/output behavior, imports and tests at 318bc90. Historical embedded paths frozen; replay from original commit. GRPO imports/CLI/tests updated. External consumers unknown."
outputs/sft_v4_general_code/samples/step_008500.txt,legacy/outputs/sft_v4_general_code/samples/step_008500.txt,ae98bbc0325451b37d0c8d7212b40158a7574675,d24437238313733e391f4f4d3cad4ca3105f188152e0026aaa0917de6727c875,Historical named run records: pretrain_140m 12-layer and pre-release SFT/distillation; not Base49590/P2/P3.,"Reviewed configs/recorded run identities, CLI input/output behavior, imports and tests at 318bc90. Historical embedded paths frozen; replay from original commit. GRPO imports/CLI/tests updated. External consumers unknown."
outputs/sft_v4_general_code/samples/step_009000.txt,legacy/outputs/sft_v4_general_code/samples/step_009000.txt,f66ff0cf188484b2235929635254fc255452b11f,c888a8dfaceeaad41e4edd42ff46ad3c328de679009abe732d8494d782134cb9,Historical named run records: pretrain_140m 12-layer and pre-release SFT/distillation; not Base49590/P2/P3.,"Reviewed configs/recorded run identities, CLI input/output behavior, imports and tests at 318bc90. Historical embedded paths frozen; replay from original commit. GRPO imports/CLI/tests updated. External consumers unknown."
outputs/sft_v4_general_code/samples/step_009500.txt,legacy/outputs/sft_v4_general_code/samples/step_009500.txt,8a8f1fa43e712176bb259a685a3a6d10965dcd9a,0c9e5424dad878675dcca34d7ecbe97d99e3c791450c29a5d35fad710afe81d8,Historical named run records: pretrain_140m 12-layer and pre-release SFT/distillation; not Base49590/P2/P3.,"Reviewed configs/recorded run identities, CLI input/output behavior, imports and tests at 318bc90. Historical embedded paths frozen; replay from original commit. GRPO imports/CLI/tests updated. External consumers unknown."
outputs/sft_v4_general_code/samples/step_010000.txt,legacy/outputs/sft_v4_general_code/samples/step_010000.txt,6bb72873bc718cb0fe2c95461dc8754e9d2ce834,73a4ba108e8aaa7b69aa6e2bc5d4b006084528d6762db1a350da29fdc70eb32c,Historical named run records: pretrain_140m 12-layer and pre-release SFT/distillation; not Base49590/P2/P3.,"Reviewed configs/recorded run identities, CLI input/output behavior, imports and tests at 318bc90. Historical embedded paths frozen; replay from original commit. GRPO imports/CLI/tests updated. External consumers unknown."
outputs/sft_v5_general_code/samples/step_000500.txt,legacy/outputs/sft_v5_general_code/samples/step_000500.txt,015ea867b88e919cf4c7cc224e9c294cdeae834e,9977cfbe17f4dd2c6ba612fd37071ef85ce1786f20e0445894acc92f69676329,Historical named run records: pretrain_140m 12-layer and pre-release SFT/distillation; not Base49590/P2/P3.,"Reviewed configs/recorded run identities, CLI input/output behavior, imports and tests at 318bc90. Historical embedded paths frozen; replay from original commit. GRPO imports/CLI/tests updated. External consumers unknown."
outputs/sft_v5_general_code/samples/step_001000.txt,legacy/outputs/sft_v5_general_code/samples/step_001000.txt,50e5e7725a3de76664e776113ae2c557d62b67c2,a0336ef26fac053f3467b5f954ddec3863ce3dc260719218cc265cd16cfed92d,Historical named run records: pretrain_140m 12-layer and pre-release SFT/distillation; not Base49590/P2/P3.,"Reviewed configs/recorded run identities, CLI input/output behavior, imports and tests at 318bc90. Historical embedded paths frozen; replay from original commit. GRPO imports/CLI/tests updated. External consumers unknown."
outputs/sft_v5_general_code/samples/step_001500.txt,legacy/outputs/sft_v5_general_code/samples/step_001500.txt,4a4d21d03dc5ed982f2e3e679fe89f761abcca60,1919277ca98682329d9af43274f3728393bc4a3df9ab25275ea1c82e3c29ec4f,Historical named run records: pretrain_140m 12-layer and pre-release SFT/distillation; not Base49590/P2/P3.,"Reviewed configs/recorded run identities, CLI input/output behavior, imports and tests at 318bc90. Historical embedded paths frozen; replay from original commit. GRPO imports/CLI/tests updated. External consumers unknown."
outputs/sft_v5_general_code/samples/step_002000.txt,legacy/outputs/sft_v5_general_code/samples/step_002000.txt,c067a2b1988e0b8125c31f9a7ac44c6b9f7586db,c59fea0dfd2fbdcac85349916c4e1a6bf7cc1e08814828c928cc84e7dcc4051a,Historical named run records: pretrain_140m 12-layer and pre-release SFT/distillation; not Base49590/P2/P3.,"Reviewed configs/recorded run identities, CLI input/output behavior, imports and tests at 318bc90. Historical embedded paths frozen; replay from original commit. GRPO imports/CLI/tests updated. External consumers unknown."
outputs/sft_v5_general_code/samples/step_002500.txt,legacy/outputs/sft_v5_general_code/samples/step_002500.txt,048926619a5817cb218864c4b2788ae6fe541c7f,f750156d73b1da870b9bec04d3e76396c430ec76f6897efefabbd9d14dfd1bca,Historical named run records: pretrain_140m 12-layer and pre-release SFT/distillation; not Base49590/P2/P3.,"Reviewed configs/recorded run identities, CLI input/output behavior, imports and tests at 318bc90. Historical embedded paths frozen; replay from original commit. GRPO imports/CLI/tests updated. External consumers unknown."
outputs/sft_v5_general_code/samples/step_003000.txt,legacy/outputs/sft_v5_general_code/samples/step_003000.txt,16775b3dcf49b6cdedde82907a1d05c2be0502ef,bc234eddf6af8e93298cbd809da061f874d655ad87fbe9be76e282e508a505c8,Historical named run records: pretrain_140m 12-layer and pre-release SFT/distillation; not Base49590/P2/P3.,"Reviewed configs/recorded run identities, CLI input/output behavior, imports and tests at 318bc90. Historical embedded paths frozen; replay from original commit. GRPO imports/CLI/tests updated. External consumers unknown."
outputs/sft_v5_general_code/samples/step_003500.txt,legacy/outputs/sft_v5_general_code/samples/step_003500.txt,fc0f2774e2a90e327285880435f7a4b5f87fa0db,ebc229cd7a8a9e2623d80a94954f3f26f5dd8365eb4027a84b9f95dc2ea46a1e,Historical named run records: pretrain_140m 12-layer and pre-release SFT/distillation; not Base49590/P2/P3.,"Reviewed configs/recorded run identities, CLI input/output behavior, imports and tests at 318bc90. Historical embedded paths frozen; replay from original commit. GRPO imports/CLI/tests updated. External consumers unknown."
outputs/sft_v5_general_code/samples/step_004000.txt,legacy/outputs/sft_v5_general_code/samples/step_004000.txt,ff87cfc7cef137775528a2e2879546288b724917,d210bada5fa68234aa9700b6b6b2194bbf27c855cc8b625df2d80dbd30c80856,Historical named run records: pretrain_140m 12-layer and pre-release SFT/distillation; not Base49590/P2/P3.,"Reviewed configs/recorded run identities, CLI input/output behavior, imports and tests at 318bc90. Historical embedded paths frozen; replay from original commit. GRPO imports/CLI/tests updated. External consumers unknown."
outputs/sft_v5_general_code/samples/step_004500.txt,legacy/outputs/sft_v5_general_code/samples/step_004500.txt,f0edbec547cd01cfe1cbdffb9fc03bf916590936,3d3ac516c3207590a1e94300e776aaaf64360d01c8fbed1dff72f20d284a55d8,Historical named run records: pretrain_140m 12-layer and pre-release SFT/distillation; not Base49590/P2/P3.,"Reviewed configs/recorded run identities, CLI input/output behavior, imports and tests at 318bc90. Historical embedded paths frozen; replay from original commit. GRPO imports/CLI/tests updated. External consumers unknown."
outputs/sft_v5_general_code/samples/step_005000.txt,legacy/outputs/sft_v5_general_code/samples/step_005000.txt,9e0c0d57923d047d45a9761359a303d8be9328c0,a30cbdcddd62d9ecd4574ac662acf26a4b988f9bec08946d82fb64a145af40f2,Historical named run records: pretrain_140m 12-layer and pre-release SFT/distillation; not Base49590/P2/P3.,"Reviewed configs/recorded run identities, CLI input/output behavior, imports and tests at 318bc90. Historical embedded paths frozen; replay from original commit. GRPO imports/CLI/tests updated. External consumers unknown."
outputs/sft_v5_general_code/samples/step_005500.txt,legacy/outputs/sft_v5_general_code/samples/step_005500.txt,e2ff3a450e65a7d1f0ec808b1d4011c56caaecd4,8ad2ae5fa5b7cce89741b82c2a288442bea53ae06fdeaeca79d251597f526c9d,Historical named run records: pretrain_140m 12-layer and pre-release SFT/distillation; not Base49590/P2/P3.,"Reviewed configs/recorded run identities, CLI input/output behavior, imports and tests at 318bc90. Historical embedded paths frozen; replay from original commit. GRPO imports/CLI/tests updated. External consumers unknown."
outputs/sft_v5_general_code/samples/step_006000.txt,legacy/outputs/sft_v5_general_code/samples/step_006000.txt,816c1f2ef8746654908669248caa7e96586b57c7,0645339ae2ef2940b22a766fe653da8f4cc864b87859a6d5b466234a337d1db5,Historical named run records: pretrain_140m 12-layer and pre-release SFT/distillation; not Base49590/P2/P3.,"Reviewed configs/recorded run identities, CLI input/output behavior, imports and tests at 318bc90. Historical embedded paths frozen; replay from original commit. GRPO imports/CLI/tests updated. External consumers unknown."
outputs/sft_v5_general_code/samples/step_006500.txt,legacy/outputs/sft_v5_general_code/samples/step_006500.txt,2365623adb4a1b38346c55e3ad0b194dc606d634,4c898e19729c25aa733803c8d312d8c436d1be0997ca07b1a87124e952d323b8,Historical named run records: pretrain_140m 12-layer and pre-release SFT/distillation; not Base49590/P2/P3.,"Reviewed configs/recorded run identities, CLI input/output behavior, imports and tests at 318bc90. Historical embedded paths frozen; replay from original commit. GRPO imports/CLI/tests updated. External consumers unknown."
outputs/sft_v5_general_code/samples/step_007000.txt,legacy/outputs/sft_v5_general_code/samples/step_007000.txt,331b39aeefef07a433dcb15f6dd58e67894ddf80,0df7e5b86f11151cd87e7b3849a7fe40711316aca5faa6da469aea39406c5c14,Historical named run records: pretrain_140m 12-layer and pre-release SFT/distillation; not Base49590/P2/P3.,"Reviewed configs/recorded run identities, CLI input/output behavior, imports and tests at 318bc90. Historical embedded paths frozen; replay from original commit. GRPO imports/CLI/tests updated. External consumers unknown."
outputs/sft_v5_general_code/samples/step_007500.txt,legacy/outputs/sft_v5_general_code/samples/step_007500.txt,1193b8bcaf7620b68926afe6470133787f05b6a2,352d4b2294869050b464688efd8adb924241fcd802b519b318d547970ce2139e,Historical named run records: pretrain_140m 12-layer and pre-release SFT/distillation; not Base49590/P2/P3.,"Reviewed configs/recorded run identities, CLI input/output behavior, imports and tests at 318bc90. Historical embedded paths frozen; replay from original commit. GRPO imports/CLI/tests updated. External consumers unknown."
outputs/sft_v5_general_code/samples/step_008000.txt,legacy/outputs/sft_v5_general_code/samples/step_008000.txt,909d6d2042fbbde416c62a8653ffa9bc5eff14c3,ea2d1be55d1a869ca057643d9803906e991224ccc4feec03c53ae4f3ba8ea3da,Historical named run records: pretrain_140m 12-layer and pre-release SFT/distillation; not Base49590/P2/P3.,"Reviewed configs/recorded run identities, CLI input/output behavior, imports and tests at 318bc90. Historical embedded paths frozen; replay from original commit. GRPO imports/CLI/tests updated. External consumers unknown."
outputs/sft_v6_general_code/samples/step_000250.txt,legacy/outputs/sft_v6_general_code/samples/step_000250.txt,150dd5e4b746e34fff71253141b4b43dd16bf900,7c2c33419c5331347d3b8c35cb4cc0b51fb7f42a34ea43a65653897586006345,Historical named run records: pretrain_140m 12-layer and pre-release SFT/distillation; not Base49590/P2/P3.,"Reviewed configs/recorded run identities, CLI input/output behavior, imports and tests at 318bc90. Historical embedded paths frozen; replay from original commit. GRPO imports/CLI/tests updated. External consumers unknown."
outputs/sft_v6_general_code/samples/step_000500.txt,legacy/outputs/sft_v6_general_code/samples/step_000500.txt,2a0c8a49b208326b0a3130a6522874890ca7553f,f95a046dbf2451a2efef0b135fcdeb79f4b58be4f3435ba0fe1196cf09f0ff64,Historical named run records: pretrain_140m 12-layer and pre-release SFT/distillation; not Base49590/P2/P3.,"Reviewed configs/recorded run identities, CLI input/output behavior, imports and tests at 318bc90. Historical embedded paths frozen; replay from original commit. GRPO imports/CLI/tests updated. External consumers unknown."
outputs/sft_v6_general_code/samples/step_000750.txt,legacy/outputs/sft_v6_general_code/samples/step_000750.txt,506a4700a4324038335660a8ecdaabd30c842de2,13bca4542c8b7b6ed9016b4d1537e19ffa7ca81b683995d0d6e6804f0d0d33d4,Historical named run records: pretrain_140m 12-layer and pre-release SFT/distillation; not Base49590/P2/P3.,"Reviewed configs/recorded run identities, CLI input/output behavior, imports and tests at 318bc90. Historical embedded paths frozen; replay from original commit. GRPO imports/CLI/tests updated. External consumers unknown."
outputs/sft_v6_general_code/samples/step_001000.txt,legacy/outputs/sft_v6_general_code/samples/step_001000.txt,5b9363f559375e0cc65bf8a643a22e54d4c20edb,9f4637626b1b5dc74894ff7272da3213b2af43b9068aff52d1d0850b5c379b8a,Historical named run records: pretrain_140m 12-layer and pre-release SFT/distillation; not Base49590/P2/P3.,"Reviewed configs/recorded run identities, CLI input/output behavior, imports and tests at 318bc90. Historical embedded paths frozen; replay from original commit. GRPO imports/CLI/tests updated. External consumers unknown."
outputs/sft_v6_general_code/samples/step_001250.txt,legacy/outputs/sft_v6_general_code/samples/step_001250.txt,d71c8e63eef7f266461d72a296e743290ba1541d,b52c2aa00b05801dbde3dc831d9c49efdfa715dfeb05d3bf4cd959a5639aceca,Historical named run records: pretrain_140m 12-layer and pre-release SFT/distillation; not Base49590/P2/P3.,"Reviewed configs/recorded run identities, CLI input/output behavior, imports and tests at 318bc90. Historical embedded paths frozen; replay from original commit. GRPO imports/CLI/tests updated. External consumers unknown."
outputs/sft_v6_general_code/samples/step_001500.txt,legacy/outputs/sft_v6_general_code/samples/step_001500.txt,75ce049290e555cdf82fb5c9bdb197d1205e2a0a,eea93a0ac0243128e7d0f00c7d73f4970597ea93a6e09cb8244f6e5bf6250d80,Historical named run records: pretrain_140m 12-layer and pre-release SFT/distillation; not Base49590/P2/P3.,"Reviewed configs/recorded run identities, CLI input/output behavior, imports and tests at 318bc90. Historical embedded paths frozen; replay from original commit. GRPO imports/CLI/tests updated. External consumers unknown."
outputs/sft_v6_general_code/samples/step_001750.txt,legacy/outputs/sft_v6_general_code/samples/step_001750.txt,9853aad44230e93b5d2a0042cc25eb1c04d23d73,cde3ef8b397a583886febc02cb673c642e029c9044010db1bca412f97d8e8082,Historical named run records: pretrain_140m 12-layer and pre-release SFT/distillation; not Base49590/P2/P3.,"Reviewed configs/recorded run identities, CLI input/output behavior, imports and tests at 318bc90. Historical embedded paths frozen; replay from original commit. GRPO imports/CLI/tests updated. External consumers unknown."
outputs/sft_v6_general_code/samples/step_002000.txt,legacy/outputs/sft_v6_general_code/samples/step_002000.txt,fc8d2397a8de6b1a4e3be603aeb32ff996895e07,8d37a585e45d02c3758aae4c3c1e69e144586ba0b0784a926f45191bf25f14d9,Historical named run records: pretrain_140m 12-layer and pre-release SFT/distillation; not Base49590/P2/P3.,"Reviewed configs/recorded run identities, CLI input/output behavior, imports and tests at 318bc90. Historical embedded paths frozen; replay from original commit. GRPO imports/CLI/tests updated. External consumers unknown."
outputs/sft_v6_general_code/samples/step_002250.txt,legacy/outputs/sft_v6_general_code/samples/step_002250.txt,46af7ce3c4b05d6d63dba89d3138a12273f0d73c,e56373539a9d8802077c26af9951db43ba8c778de2e97d2e575a0a5092cc7d0a,Historical named run records: pretrain_140m 12-layer and pre-release SFT/distillation; not Base49590/P2/P3.,"Reviewed configs/recorded run identities, CLI input/output behavior, imports and tests at 318bc90. Historical embedded paths frozen; replay from original commit. GRPO imports/CLI/tests updated. External consumers unknown."
outputs/sft_v6_general_code/samples/step_002500.txt,legacy/outputs/sft_v6_general_code/samples/step_002500.txt,e6569ff375b297198ebaa5d91593a27cc85ed4d5,8df7df942972197e26b26284beceb2df1cbbaf35943949e9ca406953ce68d37e,Historical named run records: pretrain_140m 12-layer and pre-release SFT/distillation; not Base49590/P2/P3.,"Reviewed configs/recorded run identities, CLI input/output behavior, imports and tests at 318bc90. Historical embedded paths frozen; replay from original commit. GRPO imports/CLI/tests updated. External consumers unknown."
outputs/sft_v6_general_code/samples/step_002750.txt,legacy/outputs/sft_v6_general_code/samples/step_002750.txt,0f0d5fbfe4a5f5b3b94492c4fe786b35d3e986a9,c39222814086d7e3e8bbe1b1625249ab7a17cf29c4cea9fbf510a57d026419e2,Historical named run records: pretrain_140m 12-layer and pre-release SFT/distillation; not Base49590/P2/P3.,"Reviewed configs/recorded run identities, CLI input/output behavior, imports and tests at 318bc90. Historical embedded paths frozen; replay from original commit. GRPO imports/CLI/tests updated. External consumers unknown."
outputs/sft_v6_general_code/samples/step_003000.txt,legacy/outputs/sft_v6_general_code/samples/step_003000.txt,c3409076d56e24256096997755364da28f0ea4dc,76e92d627081fc8030b52c151e9b20b9a134aa733fa7b6f7df006a262242a921,Historical named run records: pretrain_140m 12-layer and pre-release SFT/distillation; not Base49590/P2/P3.,"Reviewed configs/recorded run identities, CLI input/output behavior, imports and tests at 318bc90. Historical embedded paths frozen; replay from original commit. GRPO imports/CLI/tests updated. External consumers unknown."
outputs/sft_v6_general_code/samples/step_003250.txt,legacy/outputs/sft_v6_general_code/samples/step_003250.txt,52aefcc191d93236f260594fe74edfb507e2bb92,8026c1591173f10e592db1dae7474eabaa6071c3714ee1c57c34f820344014e9,Historical named run records: pretrain_140m 12-layer and pre-release SFT/distillation; not Base49590/P2/P3.,"Reviewed configs/recorded run identities, CLI input/output behavior, imports and tests at 318bc90. Historical embedded paths frozen; replay from original commit. GRPO imports/CLI/tests updated. External consumers unknown."
outputs/sft_v6_general_code/samples/step_003500.txt,legacy/outputs/sft_v6_general_code/samples/step_003500.txt,200ad444e6e32e50c34193cb43808b66e26ce523,d0ea0638b6f5280984c62e5b6863410a103187e8a9b4f0d6dfbbdae116c14f5c,Historical named run records: pretrain_140m 12-layer and pre-release SFT/distillation; not Base49590/P2/P3.,"Reviewed configs/recorded run identities, CLI input/output behavior, imports and tests at 318bc90. Historical embedded paths frozen; replay from original commit. GRPO imports/CLI/tests updated. External consumers unknown."
outputs/sft_v6_general_code/samples/step_003750.txt,legacy/outputs/sft_v6_general_code/samples/step_003750.txt,111c7af2c235bb1e21512890cbee6d44829298c5,a82bc2a5a3a6c515b8b54a39d68b24140a766e31fd81c28120bbfd63e162af1d,Historical named run records: pretrain_140m 12-layer and pre-release SFT/distillation; not Base49590/P2/P3.,"Reviewed configs/recorded run identities, CLI input/output behavior, imports and tests at 318bc90. Historical embedded paths frozen; replay from original commit. GRPO imports/CLI/tests updated. External consumers unknown."
outputs/sft_v6_general_code/samples/step_004000.txt,legacy/outputs/sft_v6_general_code/samples/step_004000.txt,11c6d2c08eff5c25b58280ac32a65696ec526e3b,f89a4b7722b92440794075b20ae230f24328e45b02e2a7c1d1b72c8364923afb,Historical named run records: pretrain_140m 12-layer and pre-release SFT/distillation; not Base49590/P2/P3.,"Reviewed configs/recorded run identities, CLI input/output behavior, imports and tests at 318bc90. Historical embedded paths frozen; replay from original commit. GRPO imports/CLI/tests updated. External consumers unknown."
outputs/sft_v6_general_code/samples/step_004250.txt,legacy/outputs/sft_v6_general_code/samples/step_004250.txt,12e4259d40d2eb8237f19e87046fa7c2206e6792,c7f918998b4be5ed1ad904fefec44133bf1d9544b01825127db153a671314894,Historical named run records: pretrain_140m 12-layer and pre-release SFT/distillation; not Base49590/P2/P3.,"Reviewed configs/recorded run identities, CLI input/output behavior, imports and tests at 318bc90. Historical embedded paths frozen; replay from original commit. GRPO imports/CLI/tests updated. External consumers unknown."
outputs/sft_v6_general_code/samples/step_004500.txt,legacy/outputs/sft_v6_general_code/samples/step_004500.txt,a46861a58ebed5403f800c0c3c94cf9ca5c2b909,8b099a533f259ec1101080cb1573938b1aaa28694414f262e2ece29674868878,Historical named run records: pretrain_140m 12-layer and pre-release SFT/distillation; not Base49590/P2/P3.,"Reviewed configs/recorded run identities, CLI input/output behavior, imports and tests at 318bc90. Historical embedded paths frozen; replay from original commit. GRPO imports/CLI/tests updated. External consumers unknown."
outputs/sft_v6_general_code/samples/step_004750.txt,legacy/outputs/sft_v6_general_code/samples/step_004750.txt,7365893f61a5d130ccbcbfc1ad0be79ae8a0fea2,0d641b9aedbafec4071ddaf726a9ef941fb17e7dc867fcc87ef3a74ee485ffc5,Historical named run records: pretrain_140m 12-layer and pre-release SFT/distillation; not Base49590/P2/P3.,"Reviewed configs/recorded run identities, CLI input/output behavior, imports and tests at 318bc90. Historical embedded paths frozen; replay from original commit. GRPO imports/CLI/tests updated. External consumers unknown."
outputs/sft_v6_general_code/samples/step_005000.txt,legacy/outputs/sft_v6_general_code/samples/step_005000.txt,5d7e2c467951dcc7dd3df74afb910b9a258c71b4,2e4b474e409f6f1dc38fdfbe59e5863c8b839218b09a41013a42b0fc33cdaf04,Historical named run records: pretrain_140m 12-layer and pre-release SFT/distillation; not Base49590/P2/P3.,"Reviewed configs/recorded run identities, CLI input/output behavior, imports and tests at 318bc90. Historical embedded paths frozen; replay from original commit. GRPO imports/CLI/tests updated. External consumers unknown."
outputs/sft_v6_general_code/samples/step_005250.txt,legacy/outputs/sft_v6_general_code/samples/step_005250.txt,966d770c3be3eb95a0775bc8ea1d140cf2c881b8,c019abc08aee28bcf567670b69c756e037acf5528fbc31e720cc841707a95c8a,Historical named run records: pretrain_140m 12-layer and pre-release SFT/distillation; not Base49590/P2/P3.,"Reviewed configs/recorded run identities, CLI input/output behavior, imports and tests at 318bc90. Historical embedded paths frozen; replay from original commit. GRPO imports/CLI/tests updated. External consumers unknown."
outputs/sft_v6_general_code/samples/step_005500.txt,legacy/outputs/sft_v6_general_code/samples/step_005500.txt,08ea402ace4ee33e1199e98145697fc2c775e232,1d2316a3e02a4940258c490de9db17033b9929006380fd5c62b90e512243c510,Historical named run records: pretrain_140m 12-layer and pre-release SFT/distillation; not Base49590/P2/P3.,"Reviewed configs/recorded run identities, CLI input/output behavior, imports and tests at 318bc90. Historical embedded paths frozen; replay from original commit. GRPO imports/CLI/tests updated. External consumers unknown."
outputs/sft_v6_general_code/samples/step_005750.txt,legacy/outputs/sft_v6_general_code/samples/step_005750.txt,dc4a2b41cb75b7fadfc84b6ce6fe19a7b09bb782,584191bc8420082e4c968b851ec17a83cb8deb06947f7a1a7c57186099e929e1,Historical named run records: pretrain_140m 12-layer and pre-release SFT/distillation; not Base49590/P2/P3.,"Reviewed configs/recorded run identities, CLI input/output behavior, imports and tests at 318bc90. Historical embedded paths frozen; replay from original commit. GRPO imports/CLI/tests updated. External consumers unknown."
outputs/sft_v6_general_code/samples/step_006000.txt,legacy/outputs/sft_v6_general_code/samples/step_006000.txt,41de1b59da73263b8b29e3be096ab6f1a879de72,2d32a9b2d166e654d7fe99ebfd0019c1280f5221458c37f8c19a9d2e0c5f3d5e,Historical named run records: pretrain_140m 12-layer and pre-release SFT/distillation; not Base49590/P2/P3.,"Reviewed configs/recorded run identities, CLI input/output behavior, imports and tests at 318bc90. Historical embedded paths frozen; replay from original commit. GRPO imports/CLI/tests updated. External consumers unknown."
outputs/sft_v6_general_code/samples/step_006250.txt,legacy/outputs/sft_v6_general_code/samples/step_006250.txt,06be7f58e567c45293d09f5c45da18fdfb045bf7,7bfa4571a60260d3c6b39e3200554f29b8ceef06c1996121484465fbcce6c2fc,Historical named run records: pretrain_140m 12-layer and pre-release SFT/distillation; not Base49590/P2/P3.,"Reviewed configs/recorded run identities, CLI input/output behavior, imports and tests at 318bc90. Historical embedded paths frozen; replay from original commit. GRPO imports/CLI/tests updated. External consumers unknown."
outputs/sft_v6_general_code/samples/step_006500.txt,legacy/outputs/sft_v6_general_code/samples/step_006500.txt,ffab12459ae44760fa03e96b8f4089518b578902,dee91666e4349035e87406c7505ae84a7980b05b8e27e7c407ce15e50db07ef4,Historical named run records: pretrain_140m 12-layer and pre-release SFT/distillation; not Base49590/P2/P3.,"Reviewed configs/recorded run identities, CLI input/output behavior, imports and tests at 318bc90. Historical embedded paths frozen; replay from original commit. GRPO imports/CLI/tests updated. External consumers unknown."
outputs/sft_v6_general_code/samples/step_006750.txt,legacy/outputs/sft_v6_general_code/samples/step_006750.txt,33502533f4d688d13fcc7dd96f6c87713f7a98d6,44f0a391018d608ca918994de198c10ec99f0b81c56986e0dee5e0ffa5a8369d,Historical named run records: pretrain_140m 12-layer and pre-release SFT/distillation; not Base49590/P2/P3.,"Reviewed configs/recorded run identities, CLI input/output behavior, imports and tests at 318bc90. Historical embedded paths frozen; replay from original commit. GRPO imports/CLI/tests updated. External consumers unknown."
outputs/sft_v6_general_code/samples/step_007000.txt,legacy/outputs/sft_v6_general_code/samples/step_007000.txt,f9e3081add29a720783ec1bb075de74a6690f5ba,31aa36643c75f2ecf78b0a0e27b32edbc1dedd6f07af8f22d65b99cb92c882fb,Historical named run records: pretrain_140m 12-layer and pre-release SFT/distillation; not Base49590/P2/P3.,"Reviewed configs/recorded run identities, CLI input/output behavior, imports and tests at 318bc90. Historical embedded paths frozen; replay from original commit. GRPO imports/CLI/tests updated. External consumers unknown."
outputs/sft_v6_general_code/samples/step_007250.txt,legacy/outputs/sft_v6_general_code/samples/step_007250.txt,5bd35ecf67b5b83cb487734ddd0f351febd32581,73d6e27e35092a2d818bc7a055e4dacf45237eb9c6a939ad4a66e9464ee19f55,Historical named run records: pretrain_140m 12-layer and pre-release SFT/distillation; not Base49590/P2/P3.,"Reviewed configs/recorded run identities, CLI input/output behavior, imports and tests at 318bc90. Historical embedded paths frozen; replay from original commit. GRPO imports/CLI/tests updated. External consumers unknown."
outputs/sft_v6_general_code/samples/step_007500.txt,legacy/outputs/sft_v6_general_code/samples/step_007500.txt,bb3642a9ef5926cc51e486d82e4bc2cff5f4c40d,188e2d2786ee7b1dc02dfa9f91824ef81d3546891c4ae17b0fa71c9575e5d1e9,Historical named run records: pretrain_140m 12-layer and pre-release SFT/distillation; not Base49590/P2/P3.,"Reviewed configs/recorded run identities, CLI input/output behavior, imports and tests at 318bc90. Historical embedded paths frozen; replay from original commit. GRPO imports/CLI/tests updated. External consumers unknown."
outputs/sft_v6_general_code/samples/step_007750.txt,legacy/outputs/sft_v6_general_code/samples/step_007750.txt,b3f93d73e6e26af09bffd7a630bf23282dd34ecf,c09fc5ad5972610acb3f3a3dea1691e85ea860523f92fe3a901a22b2bdf0c2be,Historical named run records: pretrain_140m 12-layer and pre-release SFT/distillation; not Base49590/P2/P3.,"Reviewed configs/recorded run identities, CLI input/output behavior, imports and tests at 318bc90. Historical embedded paths frozen; replay from original commit. GRPO imports/CLI/tests updated. External consumers unknown."
outputs/sft_v6_general_code/samples/step_008000.txt,legacy/outputs/sft_v6_general_code/samples/step_008000.txt,01f461688cf2fed894cfc4116cfe1143eb3f5e3e,678bc0c79b890ba08915b0c097e290f5e749886bf19930db81508f4cde124c03,Historical named run records: pretrain_140m 12-layer and pre-release SFT/distillation; not Base49590/P2/P3.,"Reviewed configs/recorded run identities, CLI input/output behavior, imports and tests at 318bc90. Historical embedded paths frozen; replay from original commit. GRPO imports/CLI/tests updated. External consumers unknown."
outputs/stage2_distill_v1_3_smoke/samples/step_000050.txt,legacy/outputs/stage2_distill_v1_3_smoke/samples/step_000050.txt,0b48b1a11a42cb7f3f610e1b857329c7434db8fe,5291e9ce24c446a33c762404ff0970af079aff3c176b298cac5946021d02f638,Historical named run records: pretrain_140m 12-layer and pre-release SFT/distillation; not Base49590/P2/P3.,"Reviewed configs/recorded run identities, CLI input/output behavior, imports and tests at 318bc90. Historical embedded paths frozen; replay from original commit. GRPO imports/CLI/tests updated. External consumers unknown."
outputs/stage2_distill_v1_3_smoke/samples/step_000100.txt,legacy/outputs/stage2_distill_v1_3_smoke/samples/step_000100.txt,b40762ed509037c49d6b93b791688ed98c2b1631,e53e0c271e9623875c01051c63405f1b3f9d3722459ecac1520527145eec0eff,Historical named run records: pretrain_140m 12-layer and pre-release SFT/distillation; not Base49590/P2/P3.,"Reviewed configs/recorded run identities, CLI input/output behavior, imports and tests at 318bc90. Historical embedded paths frozen; replay from original commit. GRPO imports/CLI/tests updated. External consumers unknown."
outputs/stage2_distill_v1_3_smoke/samples/step_000150.txt,legacy/outputs/stage2_distill_v1_3_smoke/samples/step_000150.txt,b75dca4301eed0fd7951dedad0a43ca4598163cf,18247d539ff5cbadb3da9ae638dca77c689d45e401cb31da1f60826859d1329f,Historical named run records: pretrain_140m 12-layer and pre-release SFT/distillation; not Base49590/P2/P3.,"Reviewed configs/recorded run identities, CLI input/output behavior, imports and tests at 318bc90. Historical embedded paths frozen; replay from original commit. GRPO imports/CLI/tests updated. External consumers unknown."
outputs/stage2_distill_v1_3_smoke/samples/step_000200.txt,legacy/outputs/stage2_distill_v1_3_smoke/samples/step_000200.txt,374c24b94e279bb2ae5ca59c2d1db37ea3eafded,868aa6e6cacfcf295adb8447e42d7db92151fb10eb121ecddfc1967fc35e9c02,Historical named run records: pretrain_140m 12-layer and pre-release SFT/distillation; not Base49590/P2/P3.,"Reviewed configs/recorded run identities, CLI input/output behavior, imports and tests at 318bc90. Historical embedded paths frozen; replay from original commit. GRPO imports/CLI/tests updated. External consumers unknown."
outputs/stage2_distill_v1_3_smoke/samples/step_000250.txt,legacy/outputs/stage2_distill_v1_3_smoke/samples/step_000250.txt,2e63d40c94d238ee54c47920f889d4da67707e93,a9994a316bcbb5bcfcb4761ffa4d74e039b0f878a80ce18f32c4cd968843ad5f,Historical named run records: pretrain_140m 12-layer and pre-release SFT/distillation; not Base49590/P2/P3.,"Reviewed configs/recorded run identities, CLI input/output behavior, imports and tests at 318bc90. Historical embedded paths frozen; replay from original commit. GRPO imports/CLI/tests updated. External consumers unknown."
outputs/stage2_distill_v1_3_smoke/samples/step_000300.txt,legacy/outputs/stage2_distill_v1_3_smoke/samples/step_000300.txt,f33829ff3619fc138710c7f222e475b0d648ffbe,f457711ead07800cd70e0bbbf72b502c14694798baa697dd12d3c5c59df539ea,Historical named run records: pretrain_140m 12-layer and pre-release SFT/distillation; not Base49590/P2/P3.,"Reviewed configs/recorded run identities, CLI input/output behavior, imports and tests at 318bc90. Historical embedded paths frozen; replay from original commit. GRPO imports/CLI/tests updated. External consumers unknown."
outputs/stage2_distill_v1_3_smoke/samples/step_000350.txt,legacy/outputs/stage2_distill_v1_3_smoke/samples/step_000350.txt,3465edb7ed333c97de936c52613a7aafe0d469e0,1a63504255205f0961a42c332fc523d2de68a7ba33ac20e6c51e6ae88146c6be,Historical named run records: pretrain_140m 12-layer and pre-release SFT/distillation; not Base49590/P2/P3.,"Reviewed configs/recorded run identities, CLI input/output behavior, imports and tests at 318bc90. Historical embedded paths frozen; replay from original commit. GRPO imports/CLI/tests updated. External consumers unknown."
outputs/stage2_distill_v1_3_smoke/samples/step_000400.txt,legacy/outputs/stage2_distill_v1_3_smoke/samples/step_000400.txt,e7c61ebab65822aca208dcb7ccd00d9fd9b69f76,11314258d02ef2744a55fcd005e6743c72d7c9d236d0aec6b290b140a8a30602,Historical named run records: pretrain_140m 12-layer and pre-release SFT/distillation; not Base49590/P2/P3.,"Reviewed configs/recorded run identities, CLI input/output behavior, imports and tests at 318bc90. Historical embedded paths frozen; replay from original commit. GRPO imports/CLI/tests updated. External consumers unknown."
outputs/stage2_distill_v1_3_smoke/samples/step_000450.txt,legacy/outputs/stage2_distill_v1_3_smoke/samples/step_000450.txt,c0c0af0c7e8babf49bd68706bbcd4d6978863b71,d8a6aea6d5653c9a67e1ed5e3ed6956faf30c778ef2daaa10520740374ed0b42,Historical named run records: pretrain_140m 12-layer and pre-release SFT/distillation; not Base49590/P2/P3.,"Reviewed configs/recorded run identities, CLI input/output behavior, imports and tests at 318bc90. Historical embedded paths frozen; replay from original commit. GRPO imports/CLI/tests updated. External consumers unknown."
outputs/stage2_distill_v1_3_smoke/samples/step_000500.txt,legacy/outputs/stage2_distill_v1_3_smoke/samples/step_000500.txt,9f1e258c08f9dbb47d87e87c409373d84fc8888c,65f9ca40a28fdf765b1fc6ff1403bef11ac4ff5401f23ca8fe389ff335f01e7a,Historical named run records: pretrain_140m 12-layer and pre-release SFT/distillation; not Base49590/P2/P3.,"Reviewed configs/recorded run identities, CLI input/output behavior, imports and tests at 318bc90. Historical embedded paths frozen; replay from original commit. GRPO imports/CLI/tests updated. External consumers unknown."
outputs/stage2_distill_v1_3_smoke/samples/step_000550.txt,legacy/outputs/stage2_distill_v1_3_smoke/samples/step_000550.txt,59bb12ffb850a87f9e8f8ae6854318f3999434e3,a7072238d8279cbb1f7576315705e97f3a36c6c408cc0974c2d76ac93a1e2be9,Historical named run records: pretrain_140m 12-layer and pre-release SFT/distillation; not Base49590/P2/P3.,"Reviewed configs/recorded run identities, CLI input/output behavior, imports and tests at 318bc90. Historical embedded paths frozen; replay from original commit. GRPO imports/CLI/tests updated. External consumers unknown."
outputs/stage2_distill_v1_3_smoke/samples/step_000600.txt,legacy/outputs/stage2_distill_v1_3_smoke/samples/step_000600.txt,c1427b1d6e9b4b5e70283697a353e106a91296db,27adc4557e2c31c69ea415f91c04dafacabd91d22db0b32f34da90f608b414e6,Historical named run records: pretrain_140m 12-layer and pre-release SFT/distillation; not Base49590/P2/P3.,"Reviewed configs/recorded run identities, CLI input/output behavior, imports and tests at 318bc90. Historical embedded paths frozen; replay from original commit. GRPO imports/CLI/tests updated. External consumers unknown."
outputs/stage2_distill_v1_3_smoke/samples/step_000700.txt,legacy/outputs/stage2_distill_v1_3_smoke/samples/step_000700.txt,4421c1fd69a07aac2ea30ac7f91f1933f53e30ce,50883e5c148ebe96c837611232db55a1fe615041e5740b3927c5a11d794f5c81,Historical named run records: pretrain_140m 12-layer and pre-release SFT/distillation; not Base49590/P2/P3.,"Reviewed configs/recorded run identities, CLI input/output behavior, imports and tests at 318bc90. Historical embedded paths frozen; replay from original commit. GRPO imports/CLI/tests updated. External consumers unknown."
outputs/stage2_distill_v1_3_smoke/samples/step_000750.txt,legacy/outputs/stage2_distill_v1_3_smoke/samples/step_000750.txt,7a35487175235fbee2005a229665652a3c1a2532,cc3b55490fab2a5498b17a7732818a3c7101a9ea3d936b62d9a5703d38ad310d,Historical named run records: pretrain_140m 12-layer and pre-release SFT/distillation; not Base49590/P2/P3.,"Reviewed configs/recorded run identities, CLI input/output behavior, imports and tests at 318bc90. Historical embedded paths frozen; replay from original commit. GRPO imports/CLI/tests updated. External consumers unknown."
outputs/stage2_distill_v1_3_smoke/samples/step_000800.txt,legacy/outputs/stage2_distill_v1_3_smoke/samples/step_000800.txt,880a67bdbe947bba8b06e6f913e772c0098f0453,41207ee1b4c1bc3ca0bf5b5c9c68571c54140badf7b19a0d4df63aee8ead4b21,Historical named run records: pretrain_140m 12-layer and pre-release SFT/distillation; not Base49590/P2/P3.,"Reviewed configs/recorded run identities, CLI input/output behavior, imports and tests at 318bc90. Historical embedded paths frozen; replay from original commit. GRPO imports/CLI/tests updated. External consumers unknown."
outputs/stage2_distill_v1_3_smoke/samples/step_000850.txt,legacy/outputs/stage2_distill_v1_3_smoke/samples/step_000850.txt,1ad39b35f6d8fc18d4d61b9acf9312c267954099,9a52b0d46aaded53c347b843c98f859f0347a104515e3670186872c82793f458,Historical named run records: pretrain_140m 12-layer and pre-release SFT/distillation; not Base49590/P2/P3.,"Reviewed configs/recorded run identities, CLI input/output behavior, imports and tests at 318bc90. Historical embedded paths frozen; replay from original commit. GRPO imports/CLI/tests updated. External consumers unknown."
outputs/stage2_distill_v1_3_smoke/samples/step_000900.txt,legacy/outputs/stage2_distill_v1_3_smoke/samples/step_000900.txt,32d0373c3427ff08f438942bd64d2ed13a71392f,3687d5a5368e21bef1d592e2f8e8d4c446eb5888eb25b01159a34a6837daf8c9,Historical named run records: pretrain_140m 12-layer and pre-release SFT/distillation; not Base49590/P2/P3.,"Reviewed configs/recorded run identities, CLI input/output behavior, imports and tests at 318bc90. Historical embedded paths frozen; replay from original commit. GRPO imports/CLI/tests updated. External consumers unknown."
outputs/stage2_distill_v1_3_smoke/samples/step_000950.txt,legacy/outputs/stage2_distill_v1_3_smoke/samples/step_000950.txt,803a18ee4057bf22ec47e0eef200ace8d37eaf5e,e11b3ac3dcf80141448ece2ddcbd7f8396ed7f8149e0e92825b10f416a55a143,Historical named run records: pretrain_140m 12-layer and pre-release SFT/distillation; not Base49590/P2/P3.,"Reviewed configs/recorded run identities, CLI input/output behavior, imports and tests at 318bc90. Historical embedded paths frozen; replay from original commit. GRPO imports/CLI/tests updated. External consumers unknown."
outputs/stage2_distill_v1_3_smoke/samples/step_001000.txt,legacy/outputs/stage2_distill_v1_3_smoke/samples/step_001000.txt,0e40b00734467022f6ef9859c81bc885d028c354,c76f30d1ca9eb613de013da0cf8d5da5ef3e0c15154e1f7966280487098971a4,Historical named run records: pretrain_140m 12-layer and pre-release SFT/distillation; not Base49590/P2/P3.,"Reviewed configs/recorded run identities, CLI input/output behavior, imports and tests at 318bc90. Historical embedded paths frozen; replay from original commit. GRPO imports/CLI/tests updated. External consumers unknown."
outputs/stage2_distill_v1_3_smoke/samples/step_001050.txt,legacy/outputs/stage2_distill_v1_3_smoke/samples/step_001050.txt,75ddd3609e34b315c9e3fa83ffd15c10000f2e38,d92c39416efef18237b6e0e5b335e2e6dc13f01cc41c4ccb716b71992622c216,Historical named run records: pretrain_140m 12-layer and pre-release SFT/distillation; not Base49590/P2/P3.,"Reviewed configs/recorded run identities, CLI input/output behavior, imports and tests at 318bc90. Historical embedded paths frozen; replay from original commit. GRPO imports/CLI/tests updated. External consumers unknown."
outputs/stage2_distill_v1_3_smoke/samples/step_001100.txt,legacy/outputs/stage2_distill_v1_3_smoke/samples/step_001100.txt,6cabd64d816e9e29891b826262ffd5095ce04e6f,034eae9b316812008e20d2d02c8e9ee63503274a4997e1017721ffca83e3e6d7,Historical named run records: pretrain_140m 12-layer and pre-release SFT/distillation; not Base49590/P2/P3.,"Reviewed configs/recorded run identities, CLI input/output behavior, imports and tests at 318bc90. Historical embedded paths frozen; replay from original commit. GRPO imports/CLI/tests updated. External consumers unknown."
outputs/stage2_distill_v1_3_smoke/samples/step_001150.txt,legacy/outputs/stage2_distill_v1_3_smoke/samples/step_001150.txt,6dc106d0dbb0c1a231dfb510bf37e666795aa2e9,f04c586aae2ab1535c8a32994c9c8026db4b3a082e8bb7050cd038aabf41753c,Historical named run records: pretrain_140m 12-layer and pre-release SFT/distillation; not Base49590/P2/P3.,"Reviewed configs/recorded run identities, CLI input/output behavior, imports and tests at 318bc90. Historical embedded paths frozen; replay from original commit. GRPO imports/CLI/tests updated. External consumers unknown."
outputs/stage2_distill_v1_3_smoke/samples/step_001200.txt,legacy/outputs/stage2_distill_v1_3_smoke/samples/step_001200.txt,bd9f8a9723015684440582295ae5dc527c943d17,97c15e42f5c86622f3837d20d798cf9fad13b06b6c188dbc0697ab8f948d3d48,Historical named run records: pretrain_140m 12-layer and pre-release SFT/distillation; not Base49590/P2/P3.,"Reviewed configs/recorded run identities, CLI input/output behavior, imports and tests at 318bc90. Historical embedded paths frozen; replay from original commit. GRPO imports/CLI/tests updated. External consumers unknown."
outputs/stage2_distill_v1_3_smoke/samples/step_001250.txt,legacy/outputs/stage2_distill_v1_3_smoke/samples/step_001250.txt,7ff78dd5a8f0a4014b73b2554d4a93d9da2f7e41,4bb1ddfcd6c52a2c168e7d14eff78c873ad98e2e9553c3c2ed7ac3ca06d9bac4,Historical named run records: pretrain_140m 12-layer and pre-release SFT/distillation; not Base49590/P2/P3.,"Reviewed configs/recorded run identities, CLI input/output behavior, imports and tests at 318bc90. Historical embedded paths frozen; replay from original commit. GRPO imports/CLI/tests updated. External consumers unknown."
outputs/stage2_distill_v1_3_smoke/samples/step_001300.txt,legacy/outputs/stage2_distill_v1_3_smoke/samples/step_001300.txt,4cc1ddcabf35367a1e6d0b8b8a6bcac7ec755d42,a05a628ff4580364202a52b8dd862c1974f7dc10acc926da72fc3018cf7cbeee,Historical named run records: pretrain_140m 12-layer and pre-release SFT/distillation; not Base49590/P2/P3.,"Reviewed configs/recorded run identities, CLI input/output behavior, imports and tests at 318bc90. Historical embedded paths frozen; replay from original commit. GRPO imports/CLI/tests updated. External consumers unknown."
outputs/stage2_distill_v1_3_smoke/samples/step_001350.txt,legacy/outputs/stage2_distill_v1_3_smoke/samples/step_001350.txt,0bdf929aaa27fd0f11c1e86f6dcda009b87d832e,a4b34cca19344179d4677f2fdd611cde33324c65fdbaa0a578fd71904f691f7c,Historical named run records: pretrain_140m 12-layer and pre-release SFT/distillation; not Base49590/P2/P3.,"Reviewed configs/recorded run identities, CLI input/output behavior, imports and tests at 318bc90. Historical embedded paths frozen; replay from original commit. GRPO imports/CLI/tests updated. External consumers unknown."
outputs/stage2_distill_v1_3_smoke/samples/step_001400.txt,legacy/outputs/stage2_distill_v1_3_smoke/samples/step_001400.txt,fdaa7ba6cd775cfb77da950ecc772a09646dd0d6,60593020e964565cdc359f1c79554d955e223042a056aaf475d0499943e813c2,Historical named run records: pretrain_140m 12-layer and pre-release SFT/distillation; not Base49590/P2/P3.,"Reviewed configs/recorded run identities, CLI input/output behavior, imports and tests at 318bc90. Historical embedded paths frozen; replay from original commit. GRPO imports/CLI/tests updated. External consumers unknown."
outputs/stage2_distill_v1_3_smoke/samples/step_001450.txt,legacy/outputs/stage2_distill_v1_3_smoke/samples/step_001450.txt,81cde875d02eb0150b44e53099e2694bd282af5a,8f88df4e8590c7a92e6905a2950651a5c444dd3071766ac0e27f52ba0e4980c4,Historical named run records: pretrain_140m 12-layer and pre-release SFT/distillation; not Base49590/P2/P3.,"Reviewed configs/recorded run identities, CLI input/output behavior, imports and tests at 318bc90. Historical embedded paths frozen; replay from original commit. GRPO imports/CLI/tests updated. External consumers unknown."
outputs/stage2_distill_v1_3_smoke/samples/step_001500.txt,legacy/outputs/stage2_distill_v1_3_smoke/samples/step_001500.txt,e08be44e92823e989de4a800ca24ca35212f1c0e,175c4007b260040800845b78675a1613ac649acc433fd20b028439fe01c4d797,Historical named run records: pretrain_140m 12-layer and pre-release SFT/distillation; not Base49590/P2/P3.,"Reviewed configs/recorded run identities, CLI input/output behavior, imports and tests at 318bc90. Historical embedded paths frozen; replay from original commit. GRPO imports/CLI/tests updated. External consumers unknown."
outputs/stage2_distill_v1_3_smoke/samples/step_001550.txt,legacy/outputs/stage2_distill_v1_3_smoke/samples/step_001550.txt,efc7777ba6023310d098f29a820255ca1395bb24,58a02f8736478b89cf4121028604cafde5928541237ece2d3ce9914b7cca4dec,Historical named run records: pretrain_140m 12-layer and pre-release SFT/distillation; not Base49590/P2/P3.,"Reviewed configs/recorded run identities, CLI input/output behavior, imports and tests at 318bc90. Historical embedded paths frozen; replay from original commit. GRPO imports/CLI/tests updated. External consumers unknown."
outputs/stage2_distill_v1_3_smoke/samples/step_001600.txt,legacy/outputs/stage2_distill_v1_3_smoke/samples/step_001600.txt,c02762ef7a9421d81ba898afa82ce9231c59e714,ebc13f56bafc8924a038966846f663dc450375d85bc7bf7691edb15e86290ae2,Historical named run records: pretrain_140m 12-layer and pre-release SFT/distillation; not Base49590/P2/P3.,"Reviewed configs/recorded run identities, CLI input/output behavior, imports and tests at 318bc90. Historical embedded paths frozen; replay from original commit. GRPO imports/CLI/tests updated. External consumers unknown."
outputs/stage2_distill_v1_3_smoke/samples/step_001650.txt,legacy/outputs/stage2_distill_v1_3_smoke/samples/step_001650.txt,f4a7c0525969f91479f6348abcd552350643f3ed,6249eeafca10b6db51cf7ef44e95da744ad187d5b8b140747baee0186e454716,Historical named run records: pretrain_140m 12-layer and pre-release SFT/distillation; not Base49590/P2/P3.,"Reviewed configs/recorded run identities, CLI input/output behavior, imports and tests at 318bc90. Historical embedded paths frozen; replay from original commit. GRPO imports/CLI/tests updated. External consumers unknown."
outputs/stage2_distill_v1_3_smoke/samples/step_001700.txt,legacy/outputs/stage2_distill_v1_3_smoke/samples/step_001700.txt,321fabeb3c47a380fd80fc514c7977357e51799c,67b0fb2d123c2e3723651f5416528ba8cb153553d11ff9d4152c995c2a840493,Historical named run records: pretrain_140m 12-layer and pre-release SFT/distillation; not Base49590/P2/P3.,"Reviewed configs/recorded run identities, CLI input/output behavior, imports and tests at 318bc90. Historical embedded paths frozen; replay from original commit. GRPO imports/CLI/tests updated. External consumers unknown."
outputs/stage2_distill_v1_3_smoke/samples/step_001750.txt,legacy/outputs/stage2_distill_v1_3_smoke/samples/step_001750.txt,38aa2d64247c3d38b658b9550315acb001ddda6a,f1adb68abb038e76311cfb1ab70b2bb9414386db0fccd5941509190baa98f2e0,Historical named run records: pretrain_140m 12-layer and pre-release SFT/distillation; not Base49590/P2/P3.,"Reviewed configs/recorded run identities, CLI input/output behavior, imports and tests at 318bc90. Historical embedded paths frozen; replay from original commit. GRPO imports/CLI/tests updated. External consumers unknown."
outputs/stage2_distill_v1_3_smoke/samples/step_001800.txt,legacy/outputs/stage2_distill_v1_3_smoke/samples/step_001800.txt,8531a2512b4c8f081e3bcc003114ea7a14bdec05,83ff319adb52a590ce20d8db5a0e55c8bed0272519095da6e0b984ced531a94f,Historical named run records: pretrain_140m 12-layer and pre-release SFT/distillation; not Base49590/P2/P3.,"Reviewed configs/recorded run identities, CLI input/output behavior, imports and tests at 318bc90. Historical embedded paths frozen; replay from original commit. GRPO imports/CLI/tests updated. External consumers unknown."
outputs/stage2_distill_v1_3_smoke/samples/step_001850.txt,legacy/outputs/stage2_distill_v1_3_smoke/samples/step_001850.txt,e41fa5c40547717046381e243d7f3c7e1c7118bd,5f3be72af4f4bee3a85b88fbe044e91b485b4ad8ab398ffdf2d07055b59bbf1d,Historical named run records: pretrain_140m 12-layer and pre-release SFT/distillation; not Base49590/P2/P3.,"Reviewed configs/recorded run identities, CLI input/output behavior, imports and tests at 318bc90. Historical embedded paths frozen; replay from original commit. GRPO imports/CLI/tests updated. External consumers unknown."
outputs/stage2_distill_v1_3_smoke/samples/step_001900.txt,legacy/outputs/stage2_distill_v1_3_smoke/samples/step_001900.txt,96e805e46344e1294ca299a5d56843fab91579dc,d8cd7433362c1401e2a5b99b58d02e1fdd2d4a0bd1321c5e37c8006c0c92ecf4,Historical named run records: pretrain_140m 12-layer and pre-release SFT/distillation; not Base49590/P2/P3.,"Reviewed configs/recorded run identities, CLI input/output behavior, imports and tests at 318bc90. Historical embedded paths frozen; replay from original commit. GRPO imports/CLI/tests updated. External consumers unknown."
outputs/stage2_distill_v1_3_smoke/samples/step_001950.txt,legacy/outputs/stage2_distill_v1_3_smoke/samples/step_001950.txt,cf07082efbed0e25a68e0b8c444395084e1874ce,a982c5f679550c3ae6ee20f375fe2b68e1323ff2c5a6ece6882b04460182e9f8,Historical named run records: pretrain_140m 12-layer and pre-release SFT/distillation; not Base49590/P2/P3.,"Reviewed configs/recorded run identities, CLI input/output behavior, imports and tests at 318bc90. Historical embedded paths frozen; replay from original commit. GRPO imports/CLI/tests updated. External consumers unknown."
outputs/stage2_distill_v1_3_smoke/samples/step_002000.txt,legacy/outputs/stage2_distill_v1_3_smoke/samples/step_002000.txt,864631c150d5384bd5cd9e71564380f92c1dd75e,0cd94760c8ea506ad92eb6c992e9e1b9b0febdeee950a45ad6f7b141a59e2cb5,Historical named run records: pretrain_140m 12-layer and pre-release SFT/distillation; not Base49590/P2/P3.,"Reviewed configs/recorded run identities, CLI input/output behavior, imports and tests at 318bc90. Historical embedded paths frozen; replay from original commit. GRPO imports/CLI/tests updated. External consumers unknown."
outputs/stage2_distill_v1_3_smoke/samples/step_002050.txt,legacy/outputs/stage2_distill_v1_3_smoke/samples/step_002050.txt,900f6095eec6ce97b8faebe79f069a54493bb499,173a9ac4d498a8b3a8b17a35b312aa15d680b385e9db63b6f4de4b4d699fd64b,Historical named run records: pretrain_140m 12-layer and pre-release SFT/distillation; not Base49590/P2/P3.,"Reviewed configs/recorded run identities, CLI input/output behavior, imports and tests at 318bc90. Historical embedded paths frozen; replay from original commit. GRPO imports/CLI/tests updated. External consumers unknown."
outputs/stage2_distill_v1_3_smoke/samples/step_002100.txt,legacy/outputs/stage2_distill_v1_3_smoke/samples/step_002100.txt,33bfac4e580a7f47f92b48bdfe8995ab6df70db9,e2d588a7a4040aff906708b8171ca2b4c69356a96c25c4d480a5c6abf0c004b1,Historical named run records: pretrain_140m 12-layer and pre-release SFT/distillation; not Base49590/P2/P3.,"Reviewed configs/recorded run identities, CLI input/output behavior, imports and tests at 318bc90. Historical embedded paths frozen; replay from original commit. GRPO imports/CLI/tests updated. External consumers unknown."
outputs/stage2_distill_v1_3_smoke/samples/step_002150.txt,legacy/outputs/stage2_distill_v1_3_smoke/samples/step_002150.txt,614ab4fb33ae8f255101072071c38acf0cf4b173,20616fc60cbe77ce6399345df180ac06532dafc0a75a470f4d3f409c7b0d71b8,Historical named run records: pretrain_140m 12-layer and pre-release SFT/distillation; not Base49590/P2/P3.,"Reviewed configs/recorded run identities, CLI input/output behavior, imports and tests at 318bc90. Historical embedded paths frozen; replay from original commit. GRPO imports/CLI/tests updated. External consumers unknown."
outputs/stage2_distill_v1_3_smoke/samples/step_002200.txt,legacy/outputs/stage2_distill_v1_3_smoke/samples/step_002200.txt,99ad571f772f43ffe6ad95d70c9de99d1e70c070,3079c9c386a7c7714c866dfd7d533346f076a7c187c51ed0234a14cac406b69b,Historical named run records: pretrain_140m 12-layer and pre-release SFT/distillation; not Base49590/P2/P3.,"Reviewed configs/recorded run identities, CLI input/output behavior, imports and tests at 318bc90. Historical embedded paths frozen; replay from original commit. GRPO imports/CLI/tests updated. External consumers unknown."
outputs/stage2_distill_v1_3_smoke/samples/step_002250.txt,legacy/outputs/stage2_distill_v1_3_smoke/samples/step_002250.txt,a2a77919d4f377c47795e61772234b4d73ce4872,faced97501d00b8c7a24fb4e710b8894e769e2b5d75d55f5f66838e810df4d14,Historical named run records: pretrain_140m 12-layer and pre-release SFT/distillation; not Base49590/P2/P3.,"Reviewed configs/recorded run identities, CLI input/output behavior, imports and tests at 318bc90. Historical embedded paths frozen; replay from original commit. GRPO imports/CLI/tests updated. External consumers unknown."
outputs/stage2_distill_v1_3_smoke/samples/step_002300.txt,legacy/outputs/stage2_distill_v1_3_smoke/samples/step_002300.txt,969f2ac88a783ef2eca51173e230191552110456,a0be8b730cbd6db9da64f1d4307e848aebf282167e1a7de3e8a4eb1a9b38d9f4,Historical named run records: pretrain_140m 12-layer and pre-release SFT/distillation; not Base49590/P2/P3.,"Reviewed configs/recorded run identities, CLI input/output behavior, imports and tests at 318bc90. Historical embedded paths frozen; replay from original commit. GRPO imports/CLI/tests updated. External consumers unknown."
outputs/stage2_distill_v1_3_smoke/samples/step_002350.txt,legacy/outputs/stage2_distill_v1_3_smoke/samples/step_002350.txt,bb0ffc54c2695a34cd4e28f88cbfc88af1e778ed,2b72d0065d6014a944da1a5df801b1f4e6cdd860ed24994907f6d3944468d3bc,Historical named run records: pretrain_140m 12-layer and pre-release SFT/distillation; not Base49590/P2/P3.,"Reviewed configs/recorded run identities, CLI input/output behavior, imports and tests at 318bc90. Historical embedded paths frozen; replay from original commit. GRPO imports/CLI/tests updated. External consumers unknown."
outputs/stage2_distill_v1_3_smoke/samples/step_002400.txt,legacy/outputs/stage2_distill_v1_3_smoke/samples/step_002400.txt,b85d093c1e84346cb2d7ac6062949678b3054059,a057108bb84ce8a14e3edb227767736619a6bd567a00449af837ccc684682b27,Historical named run records: pretrain_140m 12-layer and pre-release SFT/distillation; not Base49590/P2/P3.,"Reviewed configs/recorded run identities, CLI input/output behavior, imports and tests at 318bc90. Historical embedded paths frozen; replay from original commit. GRPO imports/CLI/tests updated. External consumers unknown."
outputs/stage2_distill_v1_3_smoke/samples/step_002450.txt,legacy/outputs/stage2_distill_v1_3_smoke/samples/step_002450.txt,537ff3f3e98904da0e75ee80388bee9b0d1c5191,a2b1aa697172de63d87efdbf4561082a4ded4db36f7658fdf5861640514e6b83,Historical named run records: pretrain_140m 12-layer and pre-release SFT/distillation; not Base49590/P2/P3.,"Reviewed configs/recorded run identities, CLI input/output behavior, imports and tests at 318bc90. Historical embedded paths frozen; replay from original commit. GRPO imports/CLI/tests updated. External consumers unknown."
outputs/stage2_distill_v1_3_smoke/samples/step_002500.txt,legacy/outputs/stage2_distill_v1_3_smoke/samples/step_002500.txt,3ae01e83b0e20292396fb3b586f30e8aedf837ec,3f6e2a48357f4e5b5ad803d6a1baf37a545ebaaae699f08ac854da3e0f1936d6,Historical named run records: pretrain_140m 12-layer and pre-release SFT/distillation; not Base49590/P2/P3.,"Reviewed configs/recorded run identities, CLI input/output behavior, imports and tests at 318bc90. Historical embedded paths frozen; replay from original commit. GRPO imports/CLI/tests updated. External consumers unknown."
outputs/stage2_distill_v1_3_smoke/samples/step_002550.txt,legacy/outputs/stage2_distill_v1_3_smoke/samples/step_002550.txt,06b749910de60baecb808800c316f78cf9e55046,67e50bd3811b5dfeb558b5d4eab404527c7ee9f1fe5a53f429d38d2778d772cd,Historical named run records: pretrain_140m 12-layer and pre-release SFT/distillation; not Base49590/P2/P3.,"Reviewed configs/recorded run identities, CLI input/output behavior, imports and tests at 318bc90. Historical embedded paths frozen; replay from original commit. GRPO imports/CLI/tests updated. External consumers unknown."
outputs/stage2_distill_v1_3_smoke/samples/step_002600.txt,legacy/outputs/stage2_distill_v1_3_smoke/samples/step_002600.txt,9c9482e8f5c2f977211eb39856ee0de2ca5934d8,62e1d6d3e21d29e40ac5d06d2f169a2005f1ae670b47f3e7be2876991abcc45f,Historical named run records: pretrain_140m 12-layer and pre-release SFT/distillation; not Base49590/P2/P3.,"Reviewed configs/recorded run identities, CLI input/output behavior, imports and tests at 318bc90. Historical embedded paths frozen; replay from original commit. GRPO imports/CLI/tests updated. External consumers unknown."
outputs/stage2_distill_v1_3_smoke/samples/step_002650.txt,legacy/outputs/stage2_distill_v1_3_smoke/samples/step_002650.txt,b461b4e1b28393bb5f7e3411904aec89920335ee,5bfbcdffc5ca48283b615fd5c767b5f9c9bbdc5f83b450717138d579a04dbef2,Historical named run records: pretrain_140m 12-layer and pre-release SFT/distillation; not Base49590/P2/P3.,"Reviewed configs/recorded run identities, CLI input/output behavior, imports and tests at 318bc90. Historical embedded paths frozen; replay from original commit. GRPO imports/CLI/tests updated. External consumers unknown."
outputs/stage2_distill_v1_3_smoke/samples/step_002700.txt,legacy/outputs/stage2_distill_v1_3_smoke/samples/step_002700.txt,2db80a69bb596bdcb6a5ead428f881a0e0baee5f,cf76bd4fbd6281fe57f5f59727d720663051a21bb349e19f547b2a76e4ee40e1,Historical named run records: pretrain_140m 12-layer and pre-release SFT/distillation; not Base49590/P2/P3.,"Reviewed configs/recorded run identities, CLI input/output behavior, imports and tests at 318bc90. Historical embedded paths frozen; replay from original commit. GRPO imports/CLI/tests updated. External consumers unknown."
outputs/stage2_distill_v1_3_smoke/samples/step_002750.txt,legacy/outputs/stage2_distill_v1_3_smoke/samples/step_002750.txt,85750d22e80ab23aafcb84b9df59d153c83da894,012a39dc3d80b77058d3cf1049a45acaa4a435032e3c14dc7115d9cab1632f1b,Historical named run records: pretrain_140m 12-layer and pre-release SFT/distillation; not Base49590/P2/P3.,"Reviewed configs/recorded run identities, CLI input/output behavior, imports and tests at 318bc90. Historical embedded paths frozen; replay from original commit. GRPO imports/CLI/tests updated. External consumers unknown."
outputs/stage2_distill_v1_3_smoke/samples/step_002800.txt,legacy/outputs/stage2_distill_v1_3_smoke/samples/step_002800.txt,5558ea0b7fa6e5d617b446c0a64f9f0263408521,93a3927a34261d573783cc526d14d9b9f3900ad32d7ab7c228ea59277790f10e,Historical named run records: pretrain_140m 12-layer and pre-release SFT/distillation; not Base49590/P2/P3.,"Reviewed configs/recorded run identities, CLI input/output behavior, imports and tests at 318bc90. Historical embedded paths frozen; replay from original commit. GRPO imports/CLI/tests updated. External consumers unknown."
outputs/stage2_distill_v1_3_smoke/samples/step_002850.txt,legacy/outputs/stage2_distill_v1_3_smoke/samples/step_002850.txt,4680abff9519ac78ba09b37d91768f3e6c1c482a,bca5b780789b77ecfa8db32b0118bc1354cf529b20e873f4158a8a9c90fec605,Historical named run records: pretrain_140m 12-layer and pre-release SFT/distillation; not Base49590/P2/P3.,"Reviewed configs/recorded run identities, CLI input/output behavior, imports and tests at 318bc90. Historical embedded paths frozen; replay from original commit. GRPO imports/CLI/tests updated. External consumers unknown."
outputs/targeted_distill_v1_simple_code/logs/eval_loss.csv,legacy/outputs/targeted_distill_v1_simple_code/logs/eval_loss.csv,428f85c8834a85a1e2f098145ff8761cced262c3,319904a6e8548efb5df348e3dc17e1959cbad004c8a607dbf4871af2b4226e43,Historical named run records: pretrain_140m 12-layer and pre-release SFT/distillation; not Base49590/P2/P3.,"Reviewed configs/recorded run identities, CLI input/output behavior, imports and tests at 318bc90. Historical embedded paths frozen; replay from original commit. GRPO imports/CLI/tests updated. External consumers unknown."
outputs/targeted_distill_v1_simple_code/logs/eval_loss.jsonl,legacy/outputs/targeted_distill_v1_simple_code/logs/eval_loss.jsonl,2a49be43edd870702092c80dcf4873f5289e5991,a467a600b12220e48f714dd62d429ddffe739923d762581b8f05850581613b62,Historical named run records: pretrain_140m 12-layer and pre-release SFT/distillation; not Base49590/P2/P3.,"Reviewed configs/recorded run identities, CLI input/output behavior, imports and tests at 318bc90. Historical embedded paths frozen; replay from original commit. GRPO imports/CLI/tests updated. External consumers unknown."
outputs/targeted_distill_v1_simple_code/logs/train_loss.csv,legacy/outputs/targeted_distill_v1_simple_code/logs/train_loss.csv,981a7e5ee6a8cf46baf1d88fe888c21254cc7ada,8415ec4719b72ecc06a8d2c25ff158db40e3fc545f2a52b20cba244954cffed5,Historical named run records: pretrain_140m 12-layer and pre-release SFT/distillation; not Base49590/P2/P3.,"Reviewed configs/recorded run identities, CLI input/output behavior, imports and tests at 318bc90. Historical embedded paths frozen; replay from original commit. GRPO imports/CLI/tests updated. External consumers unknown."
outputs/targeted_distill_v1_simple_code/logs/train_loss.jsonl,legacy/outputs/targeted_distill_v1_simple_code/logs/train_loss.jsonl,b5699ae792a2b1a1f935a986af39404878a4f515,4784cef8d0a3f6fbd0023da2975dd454ce2afd314ad2d93894644e9bdc70f7be,Historical named run records: pretrain_140m 12-layer and pre-release SFT/distillation; not Base49590/P2/P3.,"Reviewed configs/recorded run identities, CLI input/output behavior, imports and tests at 318bc90. Historical embedded paths frozen; replay from original commit. GRPO imports/CLI/tests updated. External consumers unknown."
outputs/targeted_distill_v1_simple_code/samples/step_000100.txt,legacy/outputs/targeted_distill_v1_simple_code/samples/step_000100.txt,4c1b48b6be2c66536007e47763293ce148de8c86,d2c042784aad48f2451393c67a19301e25a15c3d02406a0c5796bdd98da55be8,Historical named run records: pretrain_140m 12-layer and pre-release SFT/distillation; not Base49590/P2/P3.,"Reviewed configs/recorded run identities, CLI input/output behavior, imports and tests at 318bc90. Historical embedded paths frozen; replay from original commit. GRPO imports/CLI/tests updated. External consumers unknown."
outputs/targeted_distill_v1_simple_code/samples/step_000200.txt,legacy/outputs/targeted_distill_v1_simple_code/samples/step_000200.txt,7d6da2e8ff00f9558902d2dc8a649a42a95a6bf6,279cd126f3e61f208714980f920e7dc79b0c6eb32b556a436cbd6a59536247b7,Historical named run records: pretrain_140m 12-layer and pre-release SFT/distillation; not Base49590/P2/P3.,"Reviewed configs/recorded run identities, CLI input/output behavior, imports and tests at 318bc90. Historical embedded paths frozen; replay from original commit. GRPO imports/CLI/tests updated. External consumers unknown."
outputs/targeted_distill_v1_simple_code/samples/step_000300.txt,legacy/outputs/targeted_distill_v1_simple_code/samples/step_000300.txt,b60e1ee4951cd42a03ad65b72def444cbf7b6317,221805ee4353fb675bb705929c108044183f3a7f5e4f1a28405a213ae06d985b,Historical named run records: pretrain_140m 12-layer and pre-release SFT/distillation; not Base49590/P2/P3.,"Reviewed configs/recorded run identities, CLI input/output behavior, imports and tests at 318bc90. Historical embedded paths frozen; replay from original commit. GRPO imports/CLI/tests updated. External consumers unknown."
outputs/targeted_distill_v1_simple_code/samples/step_000400.txt,legacy/outputs/targeted_distill_v1_simple_code/samples/step_000400.txt,4a247730ed98f2705ad229a816bd8f29f7b3ea9b,df0e134b163b26f7433ba3e244be00340df556fa15858af63fafff6c97ba927e,Historical named run records: pretrain_140m 12-layer and pre-release SFT/distillation; not Base49590/P2/P3.,"Reviewed configs/recorded run identities, CLI input/output behavior, imports and tests at 318bc90. Historical embedded paths frozen; replay from original commit. GRPO imports/CLI/tests updated. External consumers unknown."
outputs/targeted_distill_v1_simple_code/samples/step_000500.txt,legacy/outputs/targeted_distill_v1_simple_code/samples/step_000500.txt,a1681e700661b66c4817b000108e1d202f3008d9,3b325db666ec3b40b6024f0df06860fa439476cba6721b27a4a480f51ddeb5e9,Historical named run records: pretrain_140m 12-layer and pre-release SFT/distillation; not Base49590/P2/P3.,"Reviewed configs/recorded run identities, CLI input/output behavior, imports and tests at 318bc90. Historical embedded paths frozen; replay from original commit. GRPO imports/CLI/tests updated. External consumers unknown."
outputs/targeted_distill_v1_simple_code/samples/step_000600.txt,legacy/outputs/targeted_distill_v1_simple_code/samples/step_000600.txt,015b3aec956362e112a4804095cdd23f45dc8abc,cfa84f4d4d3905bed8b97e1842f49dfb59b1731eb4f4d7c714de957ab9191259,Historical named run records: pretrain_140m 12-layer and pre-release SFT/distillation; not Base49590/P2/P3.,"Reviewed configs/recorded run identities, CLI input/output behavior, imports and tests at 318bc90. Historical embedded paths frozen; replay from original commit. GRPO imports/CLI/tests updated. External consumers unknown."
outputs/targeted_distill_v1_simple_code/samples/step_000700.txt,legacy/outputs/targeted_distill_v1_simple_code/samples/step_000700.txt,b97f42b18b025f2acb91a9d991cbabf1feb25cc2,2647bb836651dcaa19f2199f2b17cad2ce7dd54c26af62a93b8bf91ba98014fb,Historical named run records: pretrain_140m 12-layer and pre-release SFT/distillation; not Base49590/P2/P3.,"Reviewed configs/recorded run identities, CLI input/output behavior, imports and tests at 318bc90. Historical embedded paths frozen; replay from original commit. GRPO imports/CLI/tests updated. External consumers unknown."
outputs/targeted_distill_v1_simple_code/samples/step_000800.txt,legacy/outputs/targeted_distill_v1_simple_code/samples/step_000800.txt,5e998a77fc22f1331840a9bf4e002d10d1167be4,17dd6e0fe0876e795b74bbaa58549d2137be79849d0aa73780bf4c5739bbc670,Historical named run records: pretrain_140m 12-layer and pre-release SFT/distillation; not Base49590/P2/P3.,"Reviewed configs/recorded run identities, CLI input/output behavior, imports and tests at 318bc90. Historical embedded paths frozen; replay from original commit. GRPO imports/CLI/tests updated. External consumers unknown."
outputs/targeted_distill_v1_simple_code/samples/step_000900.txt,legacy/outputs/targeted_distill_v1_simple_code/samples/step_000900.txt,043a517647c89b23a7ed36bb2b3e40f71d51cc27,14ca0a39d10aff82459ead12cc722f6a30c33d4c7b3c972c116ed8c9aeb26724,Historical named run records: pretrain_140m 12-layer and pre-release SFT/distillation; not Base49590/P2/P3.,"Reviewed configs/recorded run identities, CLI input/output behavior, imports and tests at 318bc90. Historical embedded paths frozen; replay from original commit. GRPO imports/CLI/tests updated. External consumers unknown."
outputs/targeted_distill_v1_simple_code/samples/step_001000.txt,legacy/outputs/targeted_distill_v1_simple_code/samples/step_001000.txt,d14af35fa21c91109d15e91fb387f584d888c6ed,86ac1b400b963499e26f9dc55cf7c6d3d5f9ef888bf713693d7196db48d41e56,Historical named run records: pretrain_140m 12-layer and pre-release SFT/distillation; not Base49590/P2/P3.,"Reviewed configs/recorded run identities, CLI input/output behavior, imports and tests at 318bc90. Historical embedded paths frozen; replay from original commit. GRPO imports/CLI/tests updated. External consumers unknown."
outputs/targeted_distill_v1_simple_code/samples/step_001100.txt,legacy/outputs/targeted_distill_v1_simple_code/samples/step_001100.txt,0681d8b10d20cda73b3ed2e22ae57f613bca8d83,4fe2ab0656234bde6a3bd0e38e0559832a1477b3a12f55c6c6fb11bcf2358a58,Historical named run records: pretrain_140m 12-layer and pre-release SFT/distillation; not Base49590/P2/P3.,"Reviewed configs/recorded run identities, CLI input/output behavior, imports and tests at 318bc90. Historical embedded paths frozen; replay from original commit. GRPO imports/CLI/tests updated. External consumers unknown."
outputs/targeted_distill_v1_simple_code/samples/step_001200.txt,legacy/outputs/targeted_distill_v1_simple_code/samples/step_001200.txt,8587f6f60f195b0f330eb0343a9e043447cc2a0c,03e6549543d3a93146e23c7af38022264477280201a479db7f9c17302ffdf050,Historical named run records: pretrain_140m 12-layer and pre-release SFT/distillation; not Base49590/P2/P3.,"Reviewed configs/recorded run identities, CLI input/output behavior, imports and tests at 318bc90. Historical embedded paths frozen; replay from original commit. GRPO imports/CLI/tests updated. External consumers unknown."
outputs/targeted_distill_v1_simple_code_clean_no_template/samples/step_000100.txt,legacy/outputs/targeted_distill_v1_simple_code_clean_no_template/samples/step_000100.txt,d50619690e21192f61fd03a4895c00d71ca737ec,80ef2a1b581018774e8113e06ad4b67b74a780feea9c02b2af5f02919d3cb630,Historical named run records: pretrain_140m 12-layer and pre-release SFT/distillation; not Base49590/P2/P3.,"Reviewed configs/recorded run identities, CLI input/output behavior, imports and tests at 318bc90. Historical embedded paths frozen; replay from original commit. GRPO imports/CLI/tests updated. External consumers unknown."
outputs/targeted_distill_v1_simple_code_clean_no_template/samples/step_000200.txt,legacy/outputs/targeted_distill_v1_simple_code_clean_no_template/samples/step_000200.txt,dd022b8807c77865055a58ec2669977e90a7b12a,8102cf76c3907ff022c50a1f600703e7a548d167cecbd20863979633695f6a9b,Historical named run records: pretrain_140m 12-layer and pre-release SFT/distillation; not Base49590/P2/P3.,"Reviewed configs/recorded run identities, CLI input/output behavior, imports and tests at 318bc90. Historical embedded paths frozen; replay from original commit. GRPO imports/CLI/tests updated. External consumers unknown."
outputs/targeted_distill_v1_simple_code_clean_no_template/samples/step_000300.txt,legacy/outputs/targeted_distill_v1_simple_code_clean_no_template/samples/step_000300.txt,28a57c15b101ef3f12950d722cc5679a09832cf1,a0bbbf483079ca93b43b3b84df949d58ea7ebc6b9fae20667d38581395472981,Historical named run records: pretrain_140m 12-layer and pre-release SFT/distillation; not Base49590/P2/P3.,"Reviewed configs/recorded run identities, CLI input/output behavior, imports and tests at 318bc90. Historical embedded paths frozen; replay from original commit. GRPO imports/CLI/tests updated. External consumers unknown."
outputs/targeted_distill_v1_simple_code_clean_no_template/samples/step_000400.txt,legacy/outputs/targeted_distill_v1_simple_code_clean_no_template/samples/step_000400.txt,c986ac89f7f23073753798f9af903ad14ecde8d5,ef068d112a88e0b65fa5b338cffeabec70d35357ac5e533199f88961bcd40bfe,Historical named run records: pretrain_140m 12-layer and pre-release SFT/distillation; not Base49590/P2/P3.,"Reviewed configs/recorded run identities, CLI input/output behavior, imports and tests at 318bc90. Historical embedded paths frozen; replay from original commit. GRPO imports/CLI/tests updated. External consumers unknown."
outputs/targeted_distill_v1_simple_code_clean_no_template/samples/step_000500.txt,legacy/outputs/targeted_distill_v1_simple_code_clean_no_template/samples/step_000500.txt,fba30a8c2e545f1ebc88711352aabdfe8d73ede4,36caa0c417b63be583785d21cd020a9a9b2b96c145487b255d3d8f40cbf19f7f,Historical named run records: pretrain_140m 12-layer and pre-release SFT/distillation; not Base49590/P2/P3.,"Reviewed configs/recorded run identities, CLI input/output behavior, imports and tests at 318bc90. Historical embedded paths frozen; replay from original commit. GRPO imports/CLI/tests updated. External consumers unknown."
outputs/targeted_distill_v1_simple_code_clean_no_template/samples/step_000600.txt,legacy/outputs/targeted_distill_v1_simple_code_clean_no_template/samples/step_000600.txt,6262631d9bb199df92bd083fcb52ce2065880bab,8c96e11cc6c6ca761fc4535063155d52baeb58aae6088e9f9684ad5dbc26b91c,Historical named run records: pretrain_140m 12-layer and pre-release SFT/distillation; not Base49590/P2/P3.,"Reviewed configs/recorded run identities, CLI input/output behavior, imports and tests at 318bc90. Historical embedded paths frozen; replay from original commit. GRPO imports/CLI/tests updated. External consumers unknown."
outputs/targeted_distill_v1_simple_code_clean_no_template/samples/step_000700.txt,legacy/outputs/targeted_distill_v1_simple_code_clean_no_template/samples/step_000700.txt,ed03b449f8d15b9e8fa6f090deda16acc3808c2d,4eace3429c069e33ae892d6ad0ca763f81addd4799e91d64ccf986f454df1b50,Historical named run records: pretrain_140m 12-layer and pre-release SFT/distillation; not Base49590/P2/P3.,"Reviewed configs/recorded run identities, CLI input/output behavior, imports and tests at 318bc90. Historical embedded paths frozen; replay from original commit. GRPO imports/CLI/tests updated. External consumers unknown."
outputs/targeted_distill_v1_simple_code_clean_no_template/samples/step_000800.txt,legacy/outputs/targeted_distill_v1_simple_code_clean_no_template/samples/step_000800.txt,ac5daeccc9dd320892d35d95f1ee643a4cd44320,1a10a75132595e4506b061a39e479f51c5155c2930b1fa3e8aa83e83564ecc99,Historical named run records: pretrain_140m 12-layer and pre-release SFT/distillation; not Base49590/P2/P3.,"Reviewed configs/recorded run identities, CLI input/output behavior, imports and tests at 318bc90. Historical embedded paths frozen; replay from original commit. GRPO imports/CLI/tests updated. External consumers unknown."
pretrain/data_preparation_tools/sanity_check_top_k.py,legacy/tools/sanity_check_top_k.py,ed244344fce287badf6b6dc17eae6ecdb994fe82,57716241a2ebfa77847d70ee5b0db59e7104d3a80cb289ad0f354264423e274e,Fixed old data/checkpoint diagnostic: bracket-role serialization or 12-layer MHA; unsafe startup and obsolete hardcoded tokenizer path.,"Reviewed configs/recorded run identities, CLI input/output behavior, imports and tests at 318bc90. Historical embedded paths frozen; replay from original commit. GRPO imports/CLI/tests updated. External consumers unknown."
pretrain/data_preparation_tools/test.py,legacy/tools/test.py,5907739f966036a94fd169c5c9bc778ffb2958e2,22f29c46641b2a87f15077f7e5ccd0e9528b6e72addc7db51d1eca6b4858a6ef,Fixed old data/checkpoint diagnostic: bracket-role serialization or 12-layer MHA; unsafe startup and obsolete hardcoded tokenizer path.,"Reviewed configs/recorded run identities, CLI input/output behavior, imports and tests at 318bc90. Historical embedded paths frozen; replay from original commit. GRPO imports/CLI/tests updated. External consumers unknown."
samples/pretrain_140m_3b_v1/step_001000.txt,legacy/samples/pretrain_140m_3b_v1/step_001000.txt,9b72298283ee7043382b6faead1f7183de7b4ac2,a3181f8161f2687703cb5004ef9c4a2e03a4432b8466c21bd4351d52dcb7fd49,Historical step samples paired with pretrain_140m run configs; not released 30-layer lineage.,"Reviewed configs/recorded run identities, CLI input/output behavior, imports and tests at 318bc90. Historical embedded paths frozen; replay from original commit. GRPO imports/CLI/tests updated. External consumers unknown."
samples/pretrain_140m_3b_v1/step_002000.txt,legacy/samples/pretrain_140m_3b_v1/step_002000.txt,0a50c8290af99f19049fca0674fda3a91aa71076,8ce4614684941a3f89db10e97419e84363f5bbcb677d15645b5a2128b7bb28f8,Historical step samples paired with pretrain_140m run configs; not released 30-layer lineage.,"Reviewed configs/recorded run identities, CLI input/output behavior, imports and tests at 318bc90. Historical embedded paths frozen; replay from original commit. GRPO imports/CLI/tests updated. External consumers unknown."
samples/pretrain_140m_3b_v1/step_003000.txt,legacy/samples/pretrain_140m_3b_v1/step_003000.txt,8001eb1021eded359e1fcbfa711c655162873a81,75b274dff48ac2f327029db00a070fc7bba9fc8b6caf0d9409f11b1a0a699a7c,Historical step samples paired with pretrain_140m run configs; not released 30-layer lineage.,"Reviewed configs/recorded run identities, CLI input/output behavior, imports and tests at 318bc90. Historical embedded paths frozen; replay from original commit. GRPO imports/CLI/tests updated. External consumers unknown."
samples/pretrain_140m_3b_v1/step_004000.txt,legacy/samples/pretrain_140m_3b_v1/step_004000.txt,c9e272085d18a521a7fc4c4d894209c1e77a83d4,a8be16903a0ff76e03f513e613db15b1270b1d0dcdb6ce88ff82a7a361e65a4a,Historical step samples paired with pretrain_140m run configs; not released 30-layer lineage.,"Reviewed configs/recorded run identities, CLI input/output behavior, imports and tests at 318bc90. Historical embedded paths frozen; replay from original commit. GRPO imports/CLI/tests updated. External consumers unknown."
samples/pretrain_140m_3b_v1/step_005000.txt,legacy/samples/pretrain_140m_3b_v1/step_005000.txt,5aac604c85e825b61ae7f498060a0f044f483222,19f08daff933376b1546f137969c80bad9b604580369619eaacce08ca6982662,Historical step samples paired with pretrain_140m run configs; not released 30-layer lineage.,"Reviewed configs/recorded run identities, CLI input/output behavior, imports and tests at 318bc90. Historical embedded paths frozen; replay from original commit. GRPO imports/CLI/tests updated. External consumers unknown."
samples/pretrain_140m_3b_v1/step_006000.txt,legacy/samples/pretrain_140m_3b_v1/step_006000.txt,ca66d9133a8bf6f95f5f9bdda1d711d3ff1a4ad0,48938e6f074e3d845af1e435f7b2643b970071e7ab75842bbbaf9052153e547e,Historical step samples paired with pretrain_140m run configs; not released 30-layer lineage.,"Reviewed configs/recorded run identities, CLI input/output behavior, imports and tests at 318bc90. Historical embedded paths frozen; replay from original commit. GRPO imports/CLI/tests updated. External consumers unknown."
samples/pretrain_140m_3b_v1/step_007000.txt,legacy/samples/pretrain_140m_3b_v1/step_007000.txt,29362b9db97994a5b763c0790803d85dcfbab60f,c38465de97a7a7dbf6746e46878874992006a400f73e4270718459f51078a1ec,Historical step samples paired with pretrain_140m run configs; not released 30-layer lineage.,"Reviewed configs/recorded run identities, CLI input/output behavior, imports and tests at 318bc90. Historical embedded paths frozen; replay from original commit. GRPO imports/CLI/tests updated. External consumers unknown."
samples/pretrain_140m_3b_v1/step_008000.txt,legacy/samples/pretrain_140m_3b_v1/step_008000.txt,3e67bebd3242e1428b1e7e2386e4157b43d5d5e3,07dc8e81a7d1e755f4f78c333c1e81bfc72864e081ffc085ee0eebbc7f742065,Historical step samples paired with pretrain_140m run configs; not released 30-layer lineage.,"Reviewed configs/recorded run identities, CLI input/output behavior, imports and tests at 318bc90. Historical embedded paths frozen; replay from original commit. GRPO imports/CLI/tests updated. External consumers unknown."
samples/pretrain_140m_3b_v1/step_009000.txt,legacy/samples/pretrain_140m_3b_v1/step_009000.txt,4260493329740516dd6f94e24190d03f4a45543c,e1cf30c7b50b7370696e2ac0e63957ccedc2e82e483855ec89cbda57b03d2752,Historical step samples paired with pretrain_140m run configs; not released 30-layer lineage.,"Reviewed configs/recorded run identities, CLI input/output behavior, imports and tests at 318bc90. Historical embedded paths frozen; replay from original commit. GRPO imports/CLI/tests updated. External consumers unknown."
samples/pretrain_140m_3b_v1/step_010000.txt,legacy/samples/pretrain_140m_3b_v1/step_010000.txt,283b451dd05c184d4c293a13221141d791f858de,5eca81227c72561279ccaa62e999c1a6617feb860c4adceba7fc0641dd33c113,Historical step samples paired with pretrain_140m run configs; not released 30-layer lineage.,"Reviewed configs/recorded run identities, CLI input/output behavior, imports and tests at 318bc90. Historical embedded paths frozen; replay from original commit. GRPO imports/CLI/tests updated. External consumers unknown."
samples/pretrain_140m_3b_v1/step_011000.txt,legacy/samples/pretrain_140m_3b_v1/step_011000.txt,2f301cce45b3cbd804ad06917d52297842c5f042,9a02074136b47cae5e3f85ee901aee867a1180803ed65aef1f47ac5a755602d9,Historical step samples paired with pretrain_140m run configs; not released 30-layer lineage.,"Reviewed configs/recorded run identities, CLI input/output behavior, imports and tests at 318bc90. Historical embedded paths frozen; replay from original commit. GRPO imports/CLI/tests updated. External consumers unknown."
samples/pretrain_140m_3b_v1/step_012000.txt,legacy/samples/pretrain_140m_3b_v1/step_012000.txt,f61796ebd4960d404b1cc579ce33b73be2de67e9,d6035cafecffa2dd962876be7b173f489338c6d5cb2566753b4baaa19dbb42b1,Historical step samples paired with pretrain_140m run configs; not released 30-layer lineage.,"Reviewed configs/recorded run identities, CLI input/output behavior, imports and tests at 318bc90. Historical embedded paths frozen; replay from original commit. GRPO imports/CLI/tests updated. External consumers unknown."
samples/pretrain_140m_3b_v1/step_013000.txt,legacy/samples/pretrain_140m_3b_v1/step_013000.txt,ce3d8978c422a4743eb860de0935680bbb43feb5,02dd24e251197be1dfad4e180e42d0e92e28d80645c7efe54f7bccf479537e6f,Historical step samples paired with pretrain_140m run configs; not released 30-layer lineage.,"Reviewed configs/recorded run identities, CLI input/output behavior, imports and tests at 318bc90. Historical embedded paths frozen; replay from original commit. GRPO imports/CLI/tests updated. External consumers unknown."
samples/pretrain_140m_3b_v1/step_014000.txt,legacy/samples/pretrain_140m_3b_v1/step_014000.txt,c38784ec48ad2dce127d83d653a1e5d4c37b1f84,9abd7dab0abd55769dc404fc405f3a303d7f4458a424331d6ff4dc4967c482a8,Historical step samples paired with pretrain_140m run configs; not released 30-layer lineage.,"Reviewed configs/recorded run identities, CLI input/output behavior, imports and tests at 318bc90. Historical embedded paths frozen; replay from original commit. GRPO imports/CLI/tests updated. External consumers unknown."
samples/pretrain_140m_3b_v1/step_015000.txt,legacy/samples/pretrain_140m_3b_v1/step_015000.txt,89dfb7500abfe6dd8a4f05b547c3fd295080d783,17e9ffee29bedac967a27b15dc59d921208255472f7ac9e6e74b24b4f657696b,Historical step samples paired with pretrain_140m run configs; not released 30-layer lineage.,"Reviewed configs/recorded run identities, CLI input/output behavior, imports and tests at 318bc90. Historical embedded paths frozen; replay from original commit. GRPO imports/CLI/tests updated. External consumers unknown."
samples/pretrain_140m_3b_v1/step_016000.txt,legacy/samples/pretrain_140m_3b_v1/step_016000.txt,00909d8606abfcaaefd4d2d7032512d137ff4a9e,68c91ea4a6d417ea818f72506f9a8c845162d834cce379aea53e7d0419c20472,Historical step samples paired with pretrain_140m run configs; not released 30-layer lineage.,"Reviewed configs/recorded run identities, CLI input/output behavior, imports and tests at 318bc90. Historical embedded paths frozen; replay from original commit. GRPO imports/CLI/tests updated. External consumers unknown."
samples/pretrain_140m_3b_v1/step_017000.txt,legacy/samples/pretrain_140m_3b_v1/step_017000.txt,335a7a00574571ab0096f026f710ae9830426728,b6f8c66eee456906050460ccf2efd907c358ac37c98a4395041018b1744b41c7,Historical step samples paired with pretrain_140m run configs; not released 30-layer lineage.,"Reviewed configs/recorded run identities, CLI input/output behavior, imports and tests at 318bc90. Historical embedded paths frozen; replay from original commit. GRPO imports/CLI/tests updated. External consumers unknown."
samples/pretrain_140m_3b_v1/step_018000.txt,legacy/samples/pretrain_140m_3b_v1/step_018000.txt,eeeae368670c73f6a56560f843eeebc5601c19f0,0eba4de5602d88bb1d9bed55dbd3b81e7f8d9fe102d847d335259a986490c7be,Historical step samples paired with pretrain_140m run configs; not released 30-layer lineage.,"Reviewed configs/recorded run identities, CLI input/output behavior, imports and tests at 318bc90. Historical embedded paths frozen; replay from original commit. GRPO imports/CLI/tests updated. External consumers unknown."
samples/pretrain_140m_3b_v1/step_019000.txt,legacy/samples/pretrain_140m_3b_v1/step_019000.txt,725a46123c9e0690e8bbe4aa600be18bae680deb,8a69e84e3630078a6b01d44cda82f596e246b00f839c1ebc0877184e57514c90,Historical step samples paired with pretrain_140m run configs; not released 30-layer lineage.,"Reviewed configs/recorded run identities, CLI input/output behavior, imports and tests at 318bc90. Historical embedded paths frozen; replay from original commit. GRPO imports/CLI/tests updated. External consumers unknown."
samples/pretrain_140m_3b_v1/step_020000.txt,legacy/samples/pretrain_140m_3b_v1/step_020000.txt,304cb309d0fdd77327c6d0e013ee6a6b599376a3,b27d21b9a2c58970b3fbfc46e697238a607730c4acb6816f4ea767cc7c4a1b49,Historical step samples paired with pretrain_140m run configs; not released 30-layer lineage.,"Reviewed configs/recorded run identities, CLI input/output behavior, imports and tests at 318bc90. Historical embedded paths frozen; replay from original commit. GRPO imports/CLI/tests updated. External consumers unknown."
samples/pretrain_140m_3b_v1/step_021000.txt,legacy/samples/pretrain_140m_3b_v1/step_021000.txt,55ec374b5b1bee96a6152791fc9230db78942948,b9f70d3cce23a516d213e46a8ffaa8b44de22836f427ed5c68f6b44c85b5fb2e,Historical step samples paired with pretrain_140m run configs; not released 30-layer lineage.,"Reviewed configs/recorded run identities, CLI input/output behavior, imports and tests at 318bc90. Historical embedded paths frozen; replay from original commit. GRPO imports/CLI/tests updated. External consumers unknown."
samples/pretrain_140m_3b_v1/step_022000.txt,legacy/samples/pretrain_140m_3b_v1/step_022000.txt,59f0e98bae86eff5fa09d4f2e1efe905e99f90ce,afcb545e520fa115e7a5f8d592fee4b61f3ff270d520776532c6e6bc15712f32,Historical step samples paired with pretrain_140m run configs; not released 30-layer lineage.,"Reviewed configs/recorded run identities, CLI input/output behavior, imports and tests at 318bc90. Historical embedded paths frozen; replay from original commit. GRPO imports/CLI/tests updated. External consumers unknown."
samples/pretrain_140m_3b_v1/step_023000.txt,legacy/samples/pretrain_140m_3b_v1/step_023000.txt,45d3232734057fe468a0add3927465fb4f9af7fe,a6230c641616e3d2703a0bc2cd3d48ebcfaf582158e144147c856ec90c97d590,Historical step samples paired with pretrain_140m run configs; not released 30-layer lineage.,"Reviewed configs/recorded run identities, CLI input/output behavior, imports and tests at 318bc90. Historical embedded paths frozen; replay from original commit. GRPO imports/CLI/tests updated. External consumers unknown."
samples/pretrain_140m_3b_v1/step_024000.txt,legacy/samples/pretrain_140m_3b_v1/step_024000.txt,340669ad5367594e6dd7aa8b1095d07a96ac5745,32633d0f75b08e24ee103be3a0421503b5cd377ce1f97067c3283ce3e72ca10c,Historical step samples paired with pretrain_140m run configs; not released 30-layer lineage.,"Reviewed configs/recorded run identities, CLI input/output behavior, imports and tests at 318bc90. Historical embedded paths frozen; replay from original commit. GRPO imports/CLI/tests updated. External consumers unknown."
samples/pretrain_140m_3b_v1/step_025000.txt,legacy/samples/pretrain_140m_3b_v1/step_025000.txt,f073f45764512fece0be4ef59e5693bf1d6c756f,d1ce41df7e8f31ca95065f693a766c7bdbc21050b7f932d6865328b971b46bed,Historical step samples paired with pretrain_140m run configs; not released 30-layer lineage.,"Reviewed configs/recorded run identities, CLI input/output behavior, imports and tests at 318bc90. Historical embedded paths frozen; replay from original commit. GRPO imports/CLI/tests updated. External consumers unknown."
samples/pretrain_140m_3b_v1/step_026000.txt,legacy/samples/pretrain_140m_3b_v1/step_026000.txt,af3b000dc43afd44b8b3241b415c1fbe98f15ebc,dba9ad04e6b3b6843a28ddedf92cf43a649b2f9d90999425ee4f69f1e4c39a5a,Historical step samples paired with pretrain_140m run configs; not released 30-layer lineage.,"Reviewed configs/recorded run identities, CLI input/output behavior, imports and tests at 318bc90. Historical embedded paths frozen; replay from original commit. GRPO imports/CLI/tests updated. External consumers unknown."
samples/pretrain_140m_3b_v1/step_027000.txt,legacy/samples/pretrain_140m_3b_v1/step_027000.txt,ec0939c03d460b0b42dc560297e77257840599fd,c05c21395dc3e271d48a9a7b4857e620a99d4edb220765b31d5c51da418dfcca,Historical step samples paired with pretrain_140m run configs; not released 30-layer lineage.,"Reviewed configs/recorded run identities, CLI input/output behavior, imports and tests at 318bc90. Historical embedded paths frozen; replay from original commit. GRPO imports/CLI/tests updated. External consumers unknown."
samples/pretrain_140m_3b_v1/step_028000.txt,legacy/samples/pretrain_140m_3b_v1/step_028000.txt,790d6fcfaaec8cfcb50f174d645402e50522ad16,d56750ad6629f5428306f321cdf56f943315843e6f16380ae3fdae14466aeff1,Historical step samples paired with pretrain_140m run configs; not released 30-layer lineage.,"Reviewed configs/recorded run identities, CLI input/output behavior, imports and tests at 318bc90. Historical embedded paths frozen; replay from original commit. GRPO imports/CLI/tests updated. External consumers unknown."
samples/pretrain_140m_3b_v1/step_029000.txt,legacy/samples/pretrain_140m_3b_v1/step_029000.txt,6f2ee805b3980fa2c178ec0e53c39e79ca5734df,bc4a048ece870d8976540277df7ad7754df90ef81c12451b123047f2c92194a1,Historical step samples paired with pretrain_140m run configs; not released 30-layer lineage.,"Reviewed configs/recorded run identities, CLI input/output behavior, imports and tests at 318bc90. Historical embedded paths frozen; replay from original commit. GRPO imports/CLI/tests updated. External consumers unknown."
samples/pretrain_140m_3b_v1/step_030000.txt,legacy/samples/pretrain_140m_3b_v1/step_030000.txt,e1d4bb1b50b2f6e070fa7132137b63dcf42ee0ca,4d3632c561dff4ca255dbe03268e2514ad2b86be0f11607af552c038d652b0e0,Historical step samples paired with pretrain_140m run configs; not released 30-layer lineage.,"Reviewed configs/recorded run identities, CLI input/output behavior, imports and tests at 318bc90. Historical embedded paths frozen; replay from original commit. GRPO imports/CLI/tests updated. External consumers unknown."
samples/pretrain_140m_3b_v1/step_031000.txt,legacy/samples/pretrain_140m_3b_v1/step_031000.txt,82c8ffa80a1a028bcd5a9488074aa374cf13df5d,d8965f2db91fec5fe9faaafdb82902cee3d1a56aca9db86eadf1966a10c397f5,Historical step samples paired with pretrain_140m run configs; not released 30-layer lineage.,"Reviewed configs/recorded run identities, CLI input/output behavior, imports and tests at 318bc90. Historical embedded paths frozen; replay from original commit. GRPO imports/CLI/tests updated. External consumers unknown."
samples/pretrain_140m_3b_v1/step_032000.txt,legacy/samples/pretrain_140m_3b_v1/step_032000.txt,53940805c491332a618ca4f2fe351c1fbcd4c39b,06de4d860be467fe7b7dbc7328d5fca9328330db83ecf319050c6831437d5781,Historical step samples paired with pretrain_140m run configs; not released 30-layer lineage.,"Reviewed configs/recorded run identities, CLI input/output behavior, imports and tests at 318bc90. Historical embedded paths frozen; replay from original commit. GRPO imports/CLI/tests updated. External consumers unknown."
samples/pretrain_140m_3b_v1/step_033000.txt,legacy/samples/pretrain_140m_3b_v1/step_033000.txt,585b3c76a5df720c5b0b83efc1f62eb77a8a6e31,ff4bbf50cc83aa7a8070e4d86ab63fb375dc103e1bef9ab33675819ba5eaaef6,Historical step samples paired with pretrain_140m run configs; not released 30-layer lineage.,"Reviewed configs/recorded run identities, CLI input/output behavior, imports and tests at 318bc90. Historical embedded paths frozen; replay from original commit. GRPO imports/CLI/tests updated. External consumers unknown."
samples/pretrain_140m_3b_v1/step_034000.txt,legacy/samples/pretrain_140m_3b_v1/step_034000.txt,d5e61e24e5ccc4249b02a6d5b92f18fc51fd574c,34f89fd8c8bf7bf07c5f45dfac8fe7813893d057adf14166c450b1644fba76cc,Historical step samples paired with pretrain_140m run configs; not released 30-layer lineage.,"Reviewed configs/recorded run identities, CLI input/output behavior, imports and tests at 318bc90. Historical embedded paths frozen; replay from original commit. GRPO imports/CLI/tests updated. External consumers unknown."
samples/pretrain_140m_3b_v1/step_035000.txt,legacy/samples/pretrain_140m_3b_v1/step_035000.txt,2e133f8d2acf5af9d599f947bc115e80c7fd610a,1e7b0eaf0cfbb42d76b19453ae5c941cce884f845258c40f4100d33b9fbda379,Historical step samples paired with pretrain_140m run configs; not released 30-layer lineage.,"Reviewed configs/recorded run identities, CLI input/output behavior, imports and tests at 318bc90. Historical embedded paths frozen; replay from original commit. GRPO imports/CLI/tests updated. External consumers unknown."
samples/pretrain_140m_3b_v1/step_036000.txt,legacy/samples/pretrain_140m_3b_v1/step_036000.txt,2326099f3b0639819b66582b89278093dd4d3ee3,da384254d55e0548607baa2adc8e6ac0067c70e027c516e45eeb5785241aad80,Historical step samples paired with pretrain_140m run configs; not released 30-layer lineage.,"Reviewed configs/recorded run identities, CLI input/output behavior, imports and tests at 318bc90. Historical embedded paths frozen; replay from original commit. GRPO imports/CLI/tests updated. External consumers unknown."
samples/pretrain_140m_3b_v1/step_037000.txt,legacy/samples/pretrain_140m_3b_v1/step_037000.txt,657e7a027a074cd5dae9e41ff200395ce129a0c8,6c58b75991a17219aee1f3880b7641e5bbd4365aa55de2537089128d621589fb,Historical step samples paired with pretrain_140m run configs; not released 30-layer lineage.,"Reviewed configs/recorded run identities, CLI input/output behavior, imports and tests at 318bc90. Historical embedded paths frozen; replay from original commit. GRPO imports/CLI/tests updated. External consumers unknown."
samples/pretrain_140m_3b_v1/step_038000.txt,legacy/samples/pretrain_140m_3b_v1/step_038000.txt,4f2557ae54c0a929026d9dd781229f430c5ace1f,1eef0c0ce3f738871f11ee0ee522840d8a0399243841fc5760bb7349adba51da,Historical step samples paired with pretrain_140m run configs; not released 30-layer lineage.,"Reviewed configs/recorded run identities, CLI input/output behavior, imports and tests at 318bc90. Historical embedded paths frozen; replay from original commit. GRPO imports/CLI/tests updated. External consumers unknown."
samples/pretrain_140m_3b_v1/step_039000.txt,legacy/samples/pretrain_140m_3b_v1/step_039000.txt,828ea1fdfcec4259c3d4393cf2cbc97040a89dff,d4a55f69cf3a89e4000b418f45f05f456a3ca100337ba9800f592a8a4cb7fdcd,Historical step samples paired with pretrain_140m run configs; not released 30-layer lineage.,"Reviewed configs/recorded run identities, CLI input/output behavior, imports and tests at 318bc90. Historical embedded paths frozen; replay from original commit. GRPO imports/CLI/tests updated. External consumers unknown."
samples/pretrain_140m_3b_v1/step_040000.txt,legacy/samples/pretrain_140m_3b_v1/step_040000.txt,8d4b4118eef1f44f3b655b96c8b6e9ad8884c1c9,d6f5214257217d4cb48d0079ef90108a61b0a7357be307ab8495e96435910154,Historical step samples paired with pretrain_140m run configs; not released 30-layer lineage.,"Reviewed configs/recorded run identities, CLI input/output behavior, imports and tests at 318bc90. Historical embedded paths frozen; replay from original commit. GRPO imports/CLI/tests updated. External consumers unknown."
samples/pretrain_140m_3b_v1/step_041000.txt,legacy/samples/pretrain_140m_3b_v1/step_041000.txt,9449775fc3231291d9fa7ec6dbb342632bc5ff97,a03b87d8d0f445ba1773e09883481d835b5bae49b47be1d1b4793585ea67f529,Historical step samples paired with pretrain_140m run configs; not released 30-layer lineage.,"Reviewed configs/recorded run identities, CLI input/output behavior, imports and tests at 318bc90. Historical embedded paths frozen; replay from original commit. GRPO imports/CLI/tests updated. External consumers unknown."
samples/pretrain_140m_3b_v1/step_042000.txt,legacy/samples/pretrain_140m_3b_v1/step_042000.txt,03883739463d68b86e62c9a1b07a82bdf1a12aa7,fe4c38f1308fb4bcc557451e4759304beebb38800c2c36ed8b6bc3416982b3d8,Historical step samples paired with pretrain_140m run configs; not released 30-layer lineage.,"Reviewed configs/recorded run identities, CLI input/output behavior, imports and tests at 318bc90. Historical embedded paths frozen; replay from original commit. GRPO imports/CLI/tests updated. External consumers unknown."
samples/pretrain_140m_3b_v1/step_043000.txt,legacy/samples/pretrain_140m_3b_v1/step_043000.txt,0f1ca41fb8c6771db9269d41400587abc51b56d6,efce571fbc6c9d63e87c4bcde7d8d1399aa3fd76a321c075aa15a6d57c3becf2,Historical step samples paired with pretrain_140m run configs; not released 30-layer lineage.,"Reviewed configs/recorded run identities, CLI input/output behavior, imports and tests at 318bc90. Historical embedded paths frozen; replay from original commit. GRPO imports/CLI/tests updated. External consumers unknown."
samples/pretrain_140m_3b_v1/step_044000.txt,legacy/samples/pretrain_140m_3b_v1/step_044000.txt,6063f3f4e0bb65cb859210caf3825cebf3b3c94a,3e676e7d0ba929719752141734751312fa1739f3b4e24eaf62e2f2514a37649f,Historical step samples paired with pretrain_140m run configs; not released 30-layer lineage.,"Reviewed configs/recorded run identities, CLI input/output behavior, imports and tests at 318bc90. Historical embedded paths frozen; replay from original commit. GRPO imports/CLI/tests updated. External consumers unknown."
samples/pretrain_140m_3b_v1/step_045000.txt,legacy/samples/pretrain_140m_3b_v1/step_045000.txt,eb96b6f3e70fed0a126eaf4268a0bb0b53e39903,24c7075be9ce0db6b0bc1cfdf0111d87f2d99399f3d3abc5d9104305335f78b9,Historical step samples paired with pretrain_140m run configs; not released 30-layer lineage.,"Reviewed configs/recorded run identities, CLI input/output behavior, imports and tests at 318bc90. Historical embedded paths frozen; replay from original commit. GRPO imports/CLI/tests updated. External consumers unknown."
samples/pretrain_140m_3b_v1/step_046000.txt,legacy/samples/pretrain_140m_3b_v1/step_046000.txt,e64445ee38edc8e350edfc3344cb347bbdc66c8d,59a13f80d3ada4e2eb0f2aaa1c2da1cd679d9cd28909657d3264753817fbff7b,Historical step samples paired with pretrain_140m run configs; not released 30-layer lineage.,"Reviewed configs/recorded run identities, CLI input/output behavior, imports and tests at 318bc90. Historical embedded paths frozen; replay from original commit. GRPO imports/CLI/tests updated. External consumers unknown."
samples/pretrain_140m_3b_v1/step_047000.txt,legacy/samples/pretrain_140m_3b_v1/step_047000.txt,97d716224a3353129d242cb7d646b6db67fcca26,af400870539483b18e47071d6552d47e06a4ee124d43d9d4fc1ff9f877cb95fa,Historical step samples paired with pretrain_140m run configs; not released 30-layer lineage.,"Reviewed configs/recorded run identities, CLI input/output behavior, imports and tests at 318bc90. Historical embedded paths frozen; replay from original commit. GRPO imports/CLI/tests updated. External consumers unknown."
samples/pretrain_140m_3b_v1/step_048000.txt,legacy/samples/pretrain_140m_3b_v1/step_048000.txt,db856e3c108dfea3bd96f8d799568d4900376f56,703a3b15dfaa92de334cb5a30abcd05029eb015a4bceceb0e5d6e71e9c688774,Historical step samples paired with pretrain_140m run configs; not released 30-layer lineage.,"Reviewed configs/recorded run identities, CLI input/output behavior, imports and tests at 318bc90. Historical embedded paths frozen; replay from original commit. GRPO imports/CLI/tests updated. External consumers unknown."
samples/pretrain_140m_3b_v1/step_049000.txt,legacy/samples/pretrain_140m_3b_v1/step_049000.txt,240f78716d4df7817f1c4b46430ab28e7605726d,201713fcefc946bc13e5e1e4ce80de59f0e299fd1159a8f9de5e53b1731953fe,Historical step samples paired with pretrain_140m run configs; not released 30-layer lineage.,"Reviewed configs/recorded run identities, CLI input/output behavior, imports and tests at 318bc90. Historical embedded paths frozen; replay from original commit. GRPO imports/CLI/tests updated. External consumers unknown."
samples/pretrain_140m_3b_v1/step_050000.txt,legacy/samples/pretrain_140m_3b_v1/step_050000.txt,85415aa8ff8f3c2dfd7ffff5d9bef87513c3e6ca,cbe9f67a79769144594d5c591b50097e9b336d7dd7b8b53ac85a6e5b928ae553,Historical step samples paired with pretrain_140m run configs; not released 30-layer lineage.,"Reviewed configs/recorded run identities, CLI input/output behavior, imports and tests at 318bc90. Historical embedded paths frozen; replay from original commit. GRPO imports/CLI/tests updated. External consumers unknown."
samples/pretrain_140m_3b_v1/step_051000.txt,legacy/samples/pretrain_140m_3b_v1/step_051000.txt,a79b12b935999f026c3af059fd241db00962a053,8301d8bba0653bce3e048a78174837f86a13b7a63f9729a2a40f8036f2108fb6,Historical step samples paired with pretrain_140m run configs; not released 30-layer lineage.,"Reviewed configs/recorded run identities, CLI input/output behavior, imports and tests at 318bc90. Historical embedded paths frozen; replay from original commit. GRPO imports/CLI/tests updated. External consumers unknown."
samples/pretrain_140m_3b_v1/step_052000.txt,legacy/samples/pretrain_140m_3b_v1/step_052000.txt,e6d84ac329f11880e57504081298dfeb7487e119,fc6290bfcc9c8b422a1a22caf03c640a86385a50a419fa7d3718b358d1118ae0,Historical step samples paired with pretrain_140m run configs; not released 30-layer lineage.,"Reviewed configs/recorded run identities, CLI input/output behavior, imports and tests at 318bc90. Historical embedded paths frozen; replay from original commit. GRPO imports/CLI/tests updated. External consumers unknown."
samples/pretrain_140m_3b_v1/step_053000.txt,legacy/samples/pretrain_140m_3b_v1/step_053000.txt,ef07eaf76f2bd2a82d29988b1b06825748387516,7b59b3538c91dc4ae164b2cfa67a2d6a0cfe07537cdf961009275f599e3844d9,Historical step samples paired with pretrain_140m run configs; not released 30-layer lineage.,"Reviewed configs/recorded run identities, CLI input/output behavior, imports and tests at 318bc90. Historical embedded paths frozen; replay from original commit. GRPO imports/CLI/tests updated. External consumers unknown."
samples/pretrain_140m_3b_v1/step_054000.txt,legacy/samples/pretrain_140m_3b_v1/step_054000.txt,eb8c3d6ff5df2961bb23dd86fc51bdd035ac5855,632db16806c1c0c8ffcc3baeff997fe764a9bb70281aa6b74914defdeb20409c,Historical step samples paired with pretrain_140m run configs; not released 30-layer lineage.,"Reviewed configs/recorded run identities, CLI input/output behavior, imports and tests at 318bc90. Historical embedded paths frozen; replay from original commit. GRPO imports/CLI/tests updated. External consumers unknown."
samples/pretrain_140m_3b_v1/step_055000.txt,legacy/samples/pretrain_140m_3b_v1/step_055000.txt,4bc2d87aacc26a6b477863ce69f9e73bf443c8de,6cbc8fac3ce6ae043c3c9ce4d51364555cd3f7434af6497d55764c403c25e2b2,Historical step samples paired with pretrain_140m run configs; not released 30-layer lineage.,"Reviewed configs/recorded run identities, CLI input/output behavior, imports and tests at 318bc90. Historical embedded paths frozen; replay from original commit. GRPO imports/CLI/tests updated. External consumers unknown."
samples/pretrain_140m_3b_v1/step_056000.txt,legacy/samples/pretrain_140m_3b_v1/step_056000.txt,4b566412fdec6eb991d31e2199112339ebeb2d7a,de040fc6d0c06e4278e832473b2d828f3f23c25b61f7bb7f4f77a054786070bc,Historical step samples paired with pretrain_140m run configs; not released 30-layer lineage.,"Reviewed configs/recorded run identities, CLI input/output behavior, imports and tests at 318bc90. Historical embedded paths frozen; replay from original commit. GRPO imports/CLI/tests updated. External consumers unknown."
samples/pretrain_140m_3b_v1/step_057000.txt,legacy/samples/pretrain_140m_3b_v1/step_057000.txt,aee42534ecae1d155905b739ae5c19ace152daf1,1b0cd95c8199afc443c39952eb5a81d42999026dac432a9b8aaf3c0eff7192db,Historical step samples paired with pretrain_140m run configs; not released 30-layer lineage.,"Reviewed configs/recorded run identities, CLI input/output behavior, imports and tests at 318bc90. Historical embedded paths frozen; replay from original commit. GRPO imports/CLI/tests updated. External consumers unknown."
samples/pretrain_140m_3b_v1/step_058000.txt,legacy/samples/pretrain_140m_3b_v1/step_058000.txt,de2c8b264fc78157aa56a843d35559be1cfafe7d,937bd33ee967f67fc861a0954792f0b5af3686ec1aa3e9447ec6d75ebf587798,Historical step samples paired with pretrain_140m run configs; not released 30-layer lineage.,"Reviewed configs/recorded run identities, CLI input/output behavior, imports and tests at 318bc90. Historical embedded paths frozen; replay from original commit. GRPO imports/CLI/tests updated. External consumers unknown."
samples/pretrain_140m_3b_v1/step_059000.txt,legacy/samples/pretrain_140m_3b_v1/step_059000.txt,89a7426960b9a49d8b1d13365a39bfdd50d409cf,a9e429d923e1a2bc54fb325fd9193062c3572eb39ff9d5d837490e574a9b462d,Historical step samples paired with pretrain_140m run configs; not released 30-layer lineage.,"Reviewed configs/recorded run identities, CLI input/output behavior, imports and tests at 318bc90. Historical embedded paths frozen; replay from original commit. GRPO imports/CLI/tests updated. External consumers unknown."
samples/pretrain_140m_3b_v1/step_060000.txt,legacy/samples/pretrain_140m_3b_v1/step_060000.txt,d20ddb647f30af5f05b34053da619ef0d8dc08c6,0058603325d6b8b2bf88edb1510d9f19a29209074ac0f3d29355e1d828eae7ca,Historical step samples paired with pretrain_140m run configs; not released 30-layer lineage.,"Reviewed configs/recorded run identities, CLI input/output behavior, imports and tests at 318bc90. Historical embedded paths frozen; replay from original commit. GRPO imports/CLI/tests updated. External consumers unknown."
samples/pretrain_140m_3b_v1/step_061000.txt,legacy/samples/pretrain_140m_3b_v1/step_061000.txt,a5da2c09038abcc22449b5852a80b52ab3f2db44,1afef60657ae312bb3666e47f7149dde91a9bdd5bd1fed0b4467e7ae232a3743,Historical step samples paired with pretrain_140m run configs; not released 30-layer lineage.,"Reviewed configs/recorded run identities, CLI input/output behavior, imports and tests at 318bc90. Historical embedded paths frozen; replay from original commit. GRPO imports/CLI/tests updated. External consumers unknown."
samples/pretrain_140m_3b_v1/step_062000.txt,legacy/samples/pretrain_140m_3b_v1/step_062000.txt,bc41b88e650c8f23170e473512204a4355b2efcb,51ef3f597fcb005b52554b52c9c223b3855cc292b0603c59bc0cfd501bb9e5e9,Historical step samples paired with pretrain_140m run configs; not released 30-layer lineage.,"Reviewed configs/recorded run identities, CLI input/output behavior, imports and tests at 318bc90. Historical embedded paths frozen; replay from original commit. GRPO imports/CLI/tests updated. External consumers unknown."
samples/pretrain_140m_3b_v1/step_063000.txt,legacy/samples/pretrain_140m_3b_v1/step_063000.txt,4802a8f9697b259dbb19334761d8542af0a6695d,3cc6f4c63a4cca4ebc0a90f16f4abe13276878e008754ecf225303c093a9409a,Historical step samples paired with pretrain_140m run configs; not released 30-layer lineage.,"Reviewed configs/recorded run identities, CLI input/output behavior, imports and tests at 318bc90. Historical embedded paths frozen; replay from original commit. GRPO imports/CLI/tests updated. External consumers unknown."
samples/pretrain_140m_3b_v1/step_064000.txt,legacy/samples/pretrain_140m_3b_v1/step_064000.txt,cd216f18b23b76fc3ec92e01ef2815643850294a,747713bc8da77b9b46cd48d36efa0422b6a63eefe087147b47d306d2eecce6d5,Historical step samples paired with pretrain_140m run configs; not released 30-layer lineage.,"Reviewed configs/recorded run identities, CLI input/output behavior, imports and tests at 318bc90. Historical embedded paths frozen; replay from original commit. GRPO imports/CLI/tests updated. External consumers unknown."
samples/pretrain_140m_3b_v1/step_065000.txt,legacy/samples/pretrain_140m_3b_v1/step_065000.txt,f1be27fa952e26b9e49788f976a86cb158b7d941,bfd33dce0ee54ca1e45da8b9f3ce09442646c3fe0e52ff59e5efe6c9b37fc821,Historical step samples paired with pretrain_140m run configs; not released 30-layer lineage.,"Reviewed configs/recorded run identities, CLI input/output behavior, imports and tests at 318bc90. Historical embedded paths frozen; replay from original commit. GRPO imports/CLI/tests updated. External consumers unknown."
samples/pretrain_140m_3b_v1/step_066000.txt,legacy/samples/pretrain_140m_3b_v1/step_066000.txt,6a0aea147eb4dbca53937ef678c197f2f536d0ad,8394d6f57330801b5861d170d7a1737c64393deb79c8dd16c0a6b8f6d2afaa24,Historical step samples paired with pretrain_140m run configs; not released 30-layer lineage.,"Reviewed configs/recorded run identities, CLI input/output behavior, imports and tests at 318bc90. Historical embedded paths frozen; replay from original commit. GRPO imports/CLI/tests updated. External consumers unknown."
samples/pretrain_140m_3b_v1/step_067000.txt,legacy/samples/pretrain_140m_3b_v1/step_067000.txt,4fa0254ad205927222b1e8aec435d3d9bf799ae3,edf1a985081d7be781d6aa06fb90552ad2e2c1f26d3763c3433a5c9b77e0e1b7,Historical step samples paired with pretrain_140m run configs; not released 30-layer lineage.,"Reviewed configs/recorded run identities, CLI input/output behavior, imports and tests at 318bc90. Historical embedded paths frozen; replay from original commit. GRPO imports/CLI/tests updated. External consumers unknown."
samples/pretrain_140m_3b_v1/step_068000.txt,legacy/samples/pretrain_140m_3b_v1/step_068000.txt,f6bbb23407973fae61335c1b4d400a11f01c0923,f0403e149b9e13465cd8cf9c13d8cca9431cba9c96a8f3b112a5884b6cef8c5e,Historical step samples paired with pretrain_140m run configs; not released 30-layer lineage.,"Reviewed configs/recorded run identities, CLI input/output behavior, imports and tests at 318bc90. Historical embedded paths frozen; replay from original commit. GRPO imports/CLI/tests updated. External consumers unknown."
samples/pretrain_140m_7b_v1/step_069000.txt,legacy/samples/pretrain_140m_7b_v1/step_069000.txt,732091db7de94132a76fefc1af37314d6773f10b,21698cfe734df61076482a638840ff17b916b5fb2897b17a552573bcc75668cd,Historical step samples paired with pretrain_140m run configs; not released 30-layer lineage.,"Reviewed configs/recorded run identities, CLI input/output behavior, imports and tests at 318bc90. Historical embedded paths frozen; replay from original commit. GRPO imports/CLI/tests updated. External consumers unknown."
samples/pretrain_140m_7b_v1/step_070000.txt,legacy/samples/pretrain_140m_7b_v1/step_070000.txt,c5477b6d70f030524e0f2052cca31747ca42bf35,6b77196ad5a03b73226ae105e0a289a2a8e066382355f1178e10302a16a05d98,Historical step samples paired with pretrain_140m run configs; not released 30-layer lineage.,"Reviewed configs/recorded run identities, CLI input/output behavior, imports and tests at 318bc90. Historical embedded paths frozen; replay from original commit. GRPO imports/CLI/tests updated. External consumers unknown."
samples/pretrain_140m_7b_v1/step_071000.txt,legacy/samples/pretrain_140m_7b_v1/step_071000.txt,92ae9cf6c6abfafff062a9ba42d748119e5d4c58,e1ab9e592b463847b507487359cc2ed4c688385fcf154ecee87d2c1dc4b6c06f,Historical step samples paired with pretrain_140m run configs; not released 30-layer lineage.,"Reviewed configs/recorded run identities, CLI input/output behavior, imports and tests at 318bc90. Historical embedded paths frozen; replay from original commit. GRPO imports/CLI/tests updated. External consumers unknown."
samples/pretrain_140m_7b_v1/step_072000.txt,legacy/samples/pretrain_140m_7b_v1/step_072000.txt,c68cca62538d14cebae552740f328c18d8acf497,b5dfe708fd9ff9cfc9990519e68988f538c252779104918f13131d4927d3db08,Historical step samples paired with pretrain_140m run configs; not released 30-layer lineage.,"Reviewed configs/recorded run identities, CLI input/output behavior, imports and tests at 318bc90. Historical embedded paths frozen; replay from original commit. GRPO imports/CLI/tests updated. External consumers unknown."
samples/pretrain_140m_7b_v1/step_073000.txt,legacy/samples/pretrain_140m_7b_v1/step_073000.txt,26106cb055fa836772eda0ceaf53225b46a28d5e,1c11d4047a7a25aba9f9e52dc1f96a5b28a389ba14ea4d8fa7a2131520fa9ba4,Historical step samples paired with pretrain_140m run configs; not released 30-layer lineage.,"Reviewed configs/recorded run identities, CLI input/output behavior, imports and tests at 318bc90. Historical embedded paths frozen; replay from original commit. GRPO imports/CLI/tests updated. External consumers unknown."
samples/pretrain_140m_7b_v1/step_074000.txt,legacy/samples/pretrain_140m_7b_v1/step_074000.txt,b831c9d78b06219b3674b69d22f67b5e183230f7,ef54c83ff793b9c33b2f032de6f06d45b7e6e819d7ab4e36543c62cd4978f190,Historical step samples paired with pretrain_140m run configs; not released 30-layer lineage.,"Reviewed configs/recorded run identities, CLI input/output behavior, imports and tests at 318bc90. Historical embedded paths frozen; replay from original commit. GRPO imports/CLI/tests updated. External consumers unknown."
samples/pretrain_140m_7b_v1/step_074100.txt,legacy/samples/pretrain_140m_7b_v1/step_074100.txt,05832c855d37e6092f7639ffb7a4040232df5983,88e4ae3da43b5df97739152f8d2fefa74d87d069233cd9e8184c339d3894c8c7,Historical step samples paired with pretrain_140m run configs; not released 30-layer lineage.,"Reviewed configs/recorded run identities, CLI input/output behavior, imports and tests at 318bc90. Historical embedded paths frozen; replay from original commit. GRPO imports/CLI/tests updated. External consumers unknown."
samples/pretrain_140m_7b_v1/step_074200.txt,legacy/samples/pretrain_140m_7b_v1/step_074200.txt,ba9f09667f409b114e18560614dbf19948ce1d09,73d399dacebe9c5fad68532532afe043c2be60f47f19e63604604d23f6908c58,Historical step samples paired with pretrain_140m run configs; not released 30-layer lineage.,"Reviewed configs/recorded run identities, CLI input/output behavior, imports and tests at 318bc90. Historical embedded paths frozen; replay from original commit. GRPO imports/CLI/tests updated. External consumers unknown."
samples/pretrain_140m_7b_v1/step_074300.txt,legacy/samples/pretrain_140m_7b_v1/step_074300.txt,9a47e19f90084ae5d4b1dfd3b6aaab142def52bd,4e79c7e5697f9dae1279ca15c2b070cc96daddb3e8e10b8c588226c432173bf7,Historical step samples paired with pretrain_140m run configs; not released 30-layer lineage.,"Reviewed configs/recorded run identities, CLI input/output behavior, imports and tests at 318bc90. Historical embedded paths frozen; replay from original commit. GRPO imports/CLI/tests updated. External consumers unknown."
samples/pretrain_140m_7b_v1/step_075000.txt,legacy/samples/pretrain_140m_7b_v1/step_075000.txt,157a0aa97059a4abfe5cd0e6fa16060080d75309,a0aeef5548fb75954d0069566a514fe6ac5c76630913bf764bb6318490edcfb2,Historical step samples paired with pretrain_140m run configs; not released 30-layer lineage.,"Reviewed configs/recorded run identities, CLI input/output behavior, imports and tests at 318bc90. Historical embedded paths frozen; replay from original commit. GRPO imports/CLI/tests updated. External consumers unknown."
samples/pretrain_140m_7b_v1/step_076000.txt,legacy/samples/pretrain_140m_7b_v1/step_076000.txt,f848295c0b2e612aa031e27c14339703bc12542c,d4adc3f0ff1d723a99b2e8681b0e6c696e55e080818d58fd8c1eee29cbf6d0c2,Historical step samples paired with pretrain_140m run configs; not released 30-layer lineage.,"Reviewed configs/recorded run identities, CLI input/output behavior, imports and tests at 318bc90. Historical embedded paths frozen; replay from original commit. GRPO imports/CLI/tests updated. External consumers unknown."
samples/pretrain_140m_7b_v1/step_077000.txt,legacy/samples/pretrain_140m_7b_v1/step_077000.txt,5c7d08933237706d6f7c78abd2dc81b8d24fbc4b,f3e7bcc3392da6b4985578e441c75a9f3c2932f5d7d18bb96598ca519b470201,Historical step samples paired with pretrain_140m run configs; not released 30-layer lineage.,"Reviewed configs/recorded run identities, CLI input/output behavior, imports and tests at 318bc90. Historical embedded paths frozen; replay from original commit. GRPO imports/CLI/tests updated. External consumers unknown."
samples/pretrain_140m_7b_v1/step_078000.txt,legacy/samples/pretrain_140m_7b_v1/step_078000.txt,f437b0b2363dea4a0ed315babd09349b6d293499,64eb24fe9f92d7e0e27a0e267de283410ac0a01f6cf9d744ccfd814adadbeae1,Historical step samples paired with pretrain_140m run configs; not released 30-layer lineage.,"Reviewed configs/recorded run identities, CLI input/output behavior, imports and tests at 318bc90. Historical embedded paths frozen; replay from original commit. GRPO imports/CLI/tests updated. External consumers unknown."
samples/pretrain_140m_7b_v1/step_079000.txt,legacy/samples/pretrain_140m_7b_v1/step_079000.txt,436469d19b540bc2fb73db7c7fb5d2afa5f66966,e62e6c50a733c0be2b65d0d151334f1c5a8b1978cda71057e3e29c4a21a44d4d,Historical step samples paired with pretrain_140m run configs; not released 30-layer lineage.,"Reviewed configs/recorded run identities, CLI input/output behavior, imports and tests at 318bc90. Historical embedded paths frozen; replay from original commit. GRPO imports/CLI/tests updated. External consumers unknown."
samples/pretrain_140m_7b_v1/step_080000.txt,legacy/samples/pretrain_140m_7b_v1/step_080000.txt,17446db9db5ce73fcd29efce44588bd9b1ed6685,e7563f0ae1b3c596eee9167661d743d1a84b7ec7ee67cac5e98900eb5960acd9,Historical step samples paired with pretrain_140m run configs; not released 30-layer lineage.,"Reviewed configs/recorded run identities, CLI input/output behavior, imports and tests at 318bc90. Historical embedded paths frozen; replay from original commit. GRPO imports/CLI/tests updated. External consumers unknown."
samples/pretrain_140m_7b_v1/step_081000.txt,legacy/samples/pretrain_140m_7b_v1/step_081000.txt,af6f75401052c009c348457a7b22ee2e080c8d4a,1faaf4b6e724f82be90a984c5bd5f80b6342cac442a87647733efe06c2f6b312,Historical step samples paired with pretrain_140m run configs; not released 30-layer lineage.,"Reviewed configs/recorded run identities, CLI input/output behavior, imports and tests at 318bc90. Historical embedded paths frozen; replay from original commit. GRPO imports/CLI/tests updated. External consumers unknown."
samples/pretrain_140m_7b_v1/step_082000.txt,legacy/samples/pretrain_140m_7b_v1/step_082000.txt,f3b8d5542bd9c0ce6b46df52b50f94dd2b83f49d,cb9d0c92a3515ff2f1f2d9647df0fc7370f4f19d9658ca0c8dd42cd636a13af1,Historical step samples paired with pretrain_140m run configs; not released 30-layer lineage.,"Reviewed configs/recorded run identities, CLI input/output behavior, imports and tests at 318bc90. Historical embedded paths frozen; replay from original commit. GRPO imports/CLI/tests updated. External consumers unknown."
samples/pretrain_140m_7b_v1/step_083000.txt,legacy/samples/pretrain_140m_7b_v1/step_083000.txt,ba1588eada6f68446786a8adc22b6cdf577a7c1e,710c08737f1ef2d1799b766755e86c6b22f92152ac7c1f2a24fbc5952c56d0c0,Historical step samples paired with pretrain_140m run configs; not released 30-layer lineage.,"Reviewed configs/recorded run identities, CLI input/output behavior, imports and tests at 318bc90. Historical embedded paths frozen; replay from original commit. GRPO imports/CLI/tests updated. External consumers unknown."
samples/pretrain_140m_7b_v1/step_084000.txt,legacy/samples/pretrain_140m_7b_v1/step_084000.txt,a341c0527eb47b646aed6e7e9d56f74451d5a501,b37c556e5451a3c79f3134a300f85508079aaa2a35b6deca4a6c12ca14fd0256,Historical step samples paired with pretrain_140m run configs; not released 30-layer lineage.,"Reviewed configs/recorded run identities, CLI input/output behavior, imports and tests at 318bc90. Historical embedded paths frozen; replay from original commit. GRPO imports/CLI/tests updated. External consumers unknown."
samples/pretrain_140m_7b_v1/step_085000.txt,legacy/samples/pretrain_140m_7b_v1/step_085000.txt,a4f5f5402de0659cadbcfa9a45df5e52bfae84d3,b64fb9f367e89181bd7afbc6c897f2d2ea14b70412444a07b61811b4e6c63474,Historical step samples paired with pretrain_140m run configs; not released 30-layer lineage.,"Reviewed configs/recorded run identities, CLI input/output behavior, imports and tests at 318bc90. Historical embedded paths frozen; replay from original commit. GRPO imports/CLI/tests updated. External consumers unknown."
samples/pretrain_140m_7b_v1/step_086000.txt,legacy/samples/pretrain_140m_7b_v1/step_086000.txt,cc70a6c129573b6f87b22efaf281b686c043837d,81a90aea9bcd9aa4141e794a0c0f3b9f53104db29acd1b098e16e642e6d4d424,Historical step samples paired with pretrain_140m run configs; not released 30-layer lineage.,"Reviewed configs/recorded run identities, CLI input/output behavior, imports and tests at 318bc90. Historical embedded paths frozen; replay from original commit. GRPO imports/CLI/tests updated. External consumers unknown."
samples/pretrain_140m_7b_v1/step_087000.txt,legacy/samples/pretrain_140m_7b_v1/step_087000.txt,2b5b6e3cf46fbaed97977fb1024cf85bbbae8503,3de613cdbc2d769f57890417d3c9ef7204661e0b98826430648063d2172d15e9,Historical step samples paired with pretrain_140m run configs; not released 30-layer lineage.,"Reviewed configs/recorded run identities, CLI input/output behavior, imports and tests at 318bc90. Historical embedded paths frozen; replay from original commit. GRPO imports/CLI/tests updated. External consumers unknown."
samples/pretrain_140m_7b_v1/step_088000.txt,legacy/samples/pretrain_140m_7b_v1/step_088000.txt,d8c270e753752c024fea810a0fae79ca12a4e711,ffb0b5683f279639de1adf90c42142bb5a589f817a61a608954ba6abdfe0ac3a,Historical step samples paired with pretrain_140m run configs; not released 30-layer lineage.,"Reviewed configs/recorded run identities, CLI input/output behavior, imports and tests at 318bc90. Historical embedded paths frozen; replay from original commit. GRPO imports/CLI/tests updated. External consumers unknown."
samples/pretrain_140m_7b_v1/step_089000.txt,legacy/samples/pretrain_140m_7b_v1/step_089000.txt,774f27813d08c53d3d2c5858ee4e778fc30174b0,942779d4add850eb1667c3c97cc639fcc8a5af881e49afb10c667899e19c73a5,Historical step samples paired with pretrain_140m run configs; not released 30-layer lineage.,"Reviewed configs/recorded run identities, CLI input/output behavior, imports and tests at 318bc90. Historical embedded paths frozen; replay from original commit. GRPO imports/CLI/tests updated. External consumers unknown."
samples/pretrain_140m_7b_v1/step_090000.txt,legacy/samples/pretrain_140m_7b_v1/step_090000.txt,0f2cfc7a6fa2a0ff993a69fc1ef1a052c4a4c21f,eaab9edce08b397d4c7d2df698000080e640995d30f0fccb04ca1fedd21c97a9,Historical step samples paired with pretrain_140m run configs; not released 30-layer lineage.,"Reviewed configs/recorded run identities, CLI input/output behavior, imports and tests at 318bc90. Historical embedded paths frozen; replay from original commit. GRPO imports/CLI/tests updated. External consumers unknown."
samples/pretrain_140m_7b_v1/step_091000.txt,legacy/samples/pretrain_140m_7b_v1/step_091000.txt,282ed8b76ba460ff05a2492353ca65ee4e419a83,68833946a7315c570560f482b83299ddefb0d1372707ec4918b90c95e98389e0,Historical step samples paired with pretrain_140m run configs; not released 30-layer lineage.,"Reviewed configs/recorded run identities, CLI input/output behavior, imports and tests at 318bc90. Historical embedded paths frozen; replay from original commit. GRPO imports/CLI/tests updated. External consumers unknown."
samples/pretrain_140m_7b_v1/step_092000.txt,legacy/samples/pretrain_140m_7b_v1/step_092000.txt,cb66e4e6993bcee5fe3bc8814aa9f8ff7a11a410,bc27e2ec11c8941f710cbc3194939c2aa42e9b57c7049d7c30f27f43e4115c1d,Historical step samples paired with pretrain_140m run configs; not released 30-layer lineage.,"Reviewed configs/recorded run identities, CLI input/output behavior, imports and tests at 318bc90. Historical embedded paths frozen; replay from original commit. GRPO imports/CLI/tests updated. External consumers unknown."
samples/pretrain_140m_7b_v1/step_093000.txt,legacy/samples/pretrain_140m_7b_v1/step_093000.txt,eb1033b9e88c3132e0499e198c9d92deb35e4371,fdaf49bfd213a92fae21d407f92ebb6e2f8d269f0e312b9ac00dc73ead2242c9,Historical step samples paired with pretrain_140m run configs; not released 30-layer lineage.,"Reviewed configs/recorded run identities, CLI input/output behavior, imports and tests at 318bc90. Historical embedded paths frozen; replay from original commit. GRPO imports/CLI/tests updated. External consumers unknown."
samples/pretrain_140m_7b_v1/step_094000.txt,legacy/samples/pretrain_140m_7b_v1/step_094000.txt,d99280d4a74ac71a3765e47dde22f19690144e77,8cb67b26db06a3daaf49037f0bbf069d6e2714042615ac442b842fa99f7e432d,Historical step samples paired with pretrain_140m run configs; not released 30-layer lineage.,"Reviewed configs/recorded run identities, CLI input/output behavior, imports and tests at 318bc90. Historical embedded paths frozen; replay from original commit. GRPO imports/CLI/tests updated. External consumers unknown."
samples/pretrain_140m_7b_v1/step_095000.txt,legacy/samples/pretrain_140m_7b_v1/step_095000.txt,bac7b2b73426140120bb782ee719e8187c7d583b,6c203447a41ddf3a97a301d0057d974e097890768a74d85216496ca4834ba6b3,Historical step samples paired with pretrain_140m run configs; not released 30-layer lineage.,"Reviewed configs/recorded run identities, CLI input/output behavior, imports and tests at 318bc90. Historical embedded paths frozen; replay from original commit. GRPO imports/CLI/tests updated. External consumers unknown."
samples/pretrain_140m_7b_v1/step_096000.txt,legacy/samples/pretrain_140m_7b_v1/step_096000.txt,c34731e9eba9dce0e60fa99bc355acc0e172d66e,0f330ed1428d50292a971902fa6d02f000603d649e08a6b25b6d097bfd4334db,Historical step samples paired with pretrain_140m run configs; not released 30-layer lineage.,"Reviewed configs/recorded run identities, CLI input/output behavior, imports and tests at 318bc90. Historical embedded paths frozen; replay from original commit. GRPO imports/CLI/tests updated. External consumers unknown."
samples/pretrain_140m_7b_v1/step_097000.txt,legacy/samples/pretrain_140m_7b_v1/step_097000.txt,30abfc5fc3170788bb7e4e2552af8e35d1b51e4e,57243e6c9812079f02f0ffd18e325d243efa759aba5616eb1d6c1cd02e476b41,Historical step samples paired with pretrain_140m run configs; not released 30-layer lineage.,"Reviewed configs/recorded run identities, CLI input/output behavior, imports and tests at 318bc90. Historical embedded paths frozen; replay from original commit. GRPO imports/CLI/tests updated. External consumers unknown."
samples/pretrain_140m_7b_v1/step_098000.txt,legacy/samples/pretrain_140m_7b_v1/step_098000.txt,6b5103cdff2cecb1490f0593718f3f35938e5a93,fdcde1b9bff6ae15129152fdfae8ad49f060c5ec7f9160ada513eeecbd3f711d,Historical step samples paired with pretrain_140m run configs; not released 30-layer lineage.,"Reviewed configs/recorded run identities, CLI input/output behavior, imports and tests at 318bc90. Historical embedded paths frozen; replay from original commit. GRPO imports/CLI/tests updated. External consumers unknown."
samples/pretrain_140m_7b_v1/step_099000.txt,legacy/samples/pretrain_140m_7b_v1/step_099000.txt,e749efe17bbfefe7e8a981b9f60f9a83ad9165ca,80ca5fcdc1495fde51b2b64bf3d11feb5de91a755e5e10bf568327c2dba4a9dc,Historical step samples paired with pretrain_140m run configs; not released 30-layer lineage.,"Reviewed configs/recorded run identities, CLI input/output behavior, imports and tests at 318bc90. Historical embedded paths frozen; replay from original commit. GRPO imports/CLI/tests updated. External consumers unknown."
samples/pretrain_140m_7b_v1/step_100000.txt,legacy/samples/pretrain_140m_7b_v1/step_100000.txt,f40e6e5285dbf71c4541f47a95d9cafb0ea35be5,cd6596380244a8e5e19988bd4d4b27f3cd336870625b44d246ea061d8c7e5972,Historical step samples paired with pretrain_140m run configs; not released 30-layer lineage.,"Reviewed configs/recorded run identities, CLI input/output behavior, imports and tests at 318bc90. Historical embedded paths frozen; replay from original commit. GRPO imports/CLI/tests updated. External consumers unknown."
samples/pretrain_140m_7b_v1/step_101000.txt,legacy/samples/pretrain_140m_7b_v1/step_101000.txt,d48808b7d7f71bfc1360bfc090adfeabe140dabc,8668aeb5414a8416715f05d5de8cf6cf8064a8269ebd05f120a792255896fba2,Historical step samples paired with pretrain_140m run configs; not released 30-layer lineage.,"Reviewed configs/recorded run identities, CLI input/output behavior, imports and tests at 318bc90. Historical embedded paths frozen; replay from original commit. GRPO imports/CLI/tests updated. External consumers unknown."
samples/pretrain_140m_7b_v1/step_102000.txt,legacy/samples/pretrain_140m_7b_v1/step_102000.txt,2a35f21e569b059a6389d974be86bf1830b1064d,22ed96425e0631545b164330f30c34fa219070f3e251fd9d002631b21dfd92dd,Historical step samples paired with pretrain_140m run configs; not released 30-layer lineage.,"Reviewed configs/recorded run identities, CLI input/output behavior, imports and tests at 318bc90. Historical embedded paths frozen; replay from original commit. GRPO imports/CLI/tests updated. External consumers unknown."
samples/pretrain_140m_7b_v1/step_103000.txt,legacy/samples/pretrain_140m_7b_v1/step_103000.txt,e0186597e130c435ddc4b3f3d34eb9569af7695f,325700fad3c277b296a9d1701c43c511ecc03165921d0980b623dc84b664674d,Historical step samples paired with pretrain_140m run configs; not released 30-layer lineage.,"Reviewed configs/recorded run identities, CLI input/output behavior, imports and tests at 318bc90. Historical embedded paths frozen; replay from original commit. GRPO imports/CLI/tests updated. External consumers unknown."
samples/pretrain_140m_7b_v1/step_104000.txt,legacy/samples/pretrain_140m_7b_v1/step_104000.txt,489059c2baf9d1c0f307251cac5e9ebe6ca7b58f,90d86225033c1eeed97398eef0800b3f2f8cb34ed1bab5a659c14843436433c2,Historical step samples paired with pretrain_140m run configs; not released 30-layer lineage.,"Reviewed configs/recorded run identities, CLI input/output behavior, imports and tests at 318bc90. Historical embedded paths frozen; replay from original commit. GRPO imports/CLI/tests updated. External consumers unknown."
samples/pretrain_140m_7b_v1/step_105000.txt,legacy/samples/pretrain_140m_7b_v1/step_105000.txt,52920626dc7daaade0a9b61a9f6bac42b82cd1f2,59ed63dbcd0958871ba8d814d3f4794b428fee9dd5f2a945f57da2d424c4271c,Historical step samples paired with pretrain_140m run configs; not released 30-layer lineage.,"Reviewed configs/recorded run identities, CLI input/output behavior, imports and tests at 318bc90. Historical embedded paths frozen; replay from original commit. GRPO imports/CLI/tests updated. External consumers unknown."
samples/pretrain_140m_7b_v1/step_106000.txt,legacy/samples/pretrain_140m_7b_v1/step_106000.txt,af0e609f25897203a88522924bd1b3ce248614ee,afc038735c66e673712bcf967e617ebb2e8b21b43df772998bf9a9822b1bf762,Historical step samples paired with pretrain_140m run configs; not released 30-layer lineage.,"Reviewed configs/recorded run identities, CLI input/output behavior, imports and tests at 318bc90. Historical embedded paths frozen; replay from original commit. GRPO imports/CLI/tests updated. External consumers unknown."
samples/pretrain_140m_7b_v1/step_107000.txt,legacy/samples/pretrain_140m_7b_v1/step_107000.txt,49d9e1ad3422df9b28e545677248b6f5614ccc20,07a780800afa8d2e6114a74f594290b599e7872ec0c37a53bd1cc3dae0260634,Historical step samples paired with pretrain_140m run configs; not released 30-layer lineage.,"Reviewed configs/recorded run identities, CLI input/output behavior, imports and tests at 318bc90. Historical embedded paths frozen; replay from original commit. GRPO imports/CLI/tests updated. External consumers unknown."
samples/pretrain_140m_7b_v1/step_108000.txt,legacy/samples/pretrain_140m_7b_v1/step_108000.txt,26cb5c7abe74510893117a5460f2912f7bf71642,1f6af3cbf8617e392878a4e439e4637c12964bd9de6f321ddba225dd4a004d02,Historical step samples paired with pretrain_140m run configs; not released 30-layer lineage.,"Reviewed configs/recorded run identities, CLI input/output behavior, imports and tests at 318bc90. Historical embedded paths frozen; replay from original commit. GRPO imports/CLI/tests updated. External consumers unknown."
samples/pretrain_140m_7b_v1/step_109000.txt,legacy/samples/pretrain_140m_7b_v1/step_109000.txt,bff64eaf04ee659507cdfb266679681751f30f1b,1df65df1a5701b41e38d1424969f625721b46c088ec640cb4cdea99c15e1c167,Historical step samples paired with pretrain_140m run configs; not released 30-layer lineage.,"Reviewed configs/recorded run identities, CLI input/output behavior, imports and tests at 318bc90. Historical embedded paths frozen; replay from original commit. GRPO imports/CLI/tests updated. External consumers unknown."
samples/pretrain_140m_7b_v1/step_110000.txt,legacy/samples/pretrain_140m_7b_v1/step_110000.txt,bb057f9384c2534b9656279b403596ff6d0f2012,cad32a11f2c95e8bef84da9ed8f69f28c3797fce9fc8834009b3a95b51d903e6,Historical step samples paired with pretrain_140m run configs; not released 30-layer lineage.,"Reviewed configs/recorded run identities, CLI input/output behavior, imports and tests at 318bc90. Historical embedded paths frozen; replay from original commit. GRPO imports/CLI/tests updated. External consumers unknown."
samples/pretrain_140m_7b_v1/step_111000.txt,legacy/samples/pretrain_140m_7b_v1/step_111000.txt,8015a559c1d4c04b10316e4f69e2388691709c25,929d3c72a397af1f408d5e72c83aba3fe08819336ba830f7e5babf0795538230,Historical step samples paired with pretrain_140m run configs; not released 30-layer lineage.,"Reviewed configs/recorded run identities, CLI input/output behavior, imports and tests at 318bc90. Historical embedded paths frozen; replay from original commit. GRPO imports/CLI/tests updated. External consumers unknown."
samples/pretrain_140m_7b_v1/step_112000.txt,legacy/samples/pretrain_140m_7b_v1/step_112000.txt,ab171456d8c4e951230c79d1476ceb1413a4a802,926efe687ce2db15d8d3204808ae42330f8ad5f4b3df98718326178634d61fc8,Historical step samples paired with pretrain_140m run configs; not released 30-layer lineage.,"Reviewed configs/recorded run identities, CLI input/output behavior, imports and tests at 318bc90. Historical embedded paths frozen; replay from original commit. GRPO imports/CLI/tests updated. External consumers unknown."
samples/pretrain_140m_7b_v1/step_113000.txt,legacy/samples/pretrain_140m_7b_v1/step_113000.txt,48c012dd712698f83f92757f88db8322b1cb19ca,9575af369f7ea4e37bbc1a8d1ba5b9bcebe15289b68dac191421f3ce2804948b,Historical step samples paired with pretrain_140m run configs; not released 30-layer lineage.,"Reviewed configs/recorded run identities, CLI input/output behavior, imports and tests at 318bc90. Historical embedded paths frozen; replay from original commit. GRPO imports/CLI/tests updated. External consumers unknown."
samples/pretrain_140m_7b_v1/step_114000.txt,legacy/samples/pretrain_140m_7b_v1/step_114000.txt,6998d05501feef2e3be814145e3e709446728630,68d8baeb086469aecac60b0dc2a7be55ffcb1794a6706e80d792e47df71de03b,Historical step samples paired with pretrain_140m run configs; not released 30-layer lineage.,"Reviewed configs/recorded run identities, CLI input/output behavior, imports and tests at 318bc90. Historical embedded paths frozen; replay from original commit. GRPO imports/CLI/tests updated. External consumers unknown."
samples/pretrain_140m_7b_v1/step_115000.txt,legacy/samples/pretrain_140m_7b_v1/step_115000.txt,8b5a69069298434c39362cf8961ea99744e2922d,d0bf5c479831e11350efd93e827bb794b28fdd769e7af368950906ae15953d97,Historical step samples paired with pretrain_140m run configs; not released 30-layer lineage.,"Reviewed configs/recorded run identities, CLI input/output behavior, imports and tests at 318bc90. Historical embedded paths frozen; replay from original commit. GRPO imports/CLI/tests updated. External consumers unknown."
samples/pretrain_140m_7b_v1/step_116000.txt,legacy/samples/pretrain_140m_7b_v1/step_116000.txt,a89d18d8c0a17f6793ed5c844e34117e6b09cb8b,5c7623b6761508d5c87a123ef06ecb943e0315c7efa696f7c4b7b5ffa3c27736,Historical step samples paired with pretrain_140m run configs; not released 30-layer lineage.,"Reviewed configs/recorded run identities, CLI input/output behavior, imports and tests at 318bc90. Historical embedded paths frozen; replay from original commit. GRPO imports/CLI/tests updated. External consumers unknown."
samples/pretrain_140m_7b_v1/step_117000.txt,legacy/samples/pretrain_140m_7b_v1/step_117000.txt,3487176ebbd28e30298c7b02904e959df6b7ed71,976565e4f0317c3d1b3909de46035c12244689792a094d28e9cb5027890c58f1,Historical step samples paired with pretrain_140m run configs; not released 30-layer lineage.,"Reviewed configs/recorded run identities, CLI input/output behavior, imports and tests at 318bc90. Historical embedded paths frozen; replay from original commit. GRPO imports/CLI/tests updated. External consumers unknown."
samples/pretrain_140m_7b_v1/step_118000.txt,legacy/samples/pretrain_140m_7b_v1/step_118000.txt,56e06778690cf449221dc3a2d06fc0b4499b8c9c,0e631ab3efbf184508244be45a8293c0df2fdb0e4de87aa9315ed4d561218428,Historical step samples paired with pretrain_140m run configs; not released 30-layer lineage.,"Reviewed configs/recorded run identities, CLI input/output behavior, imports and tests at 318bc90. Historical embedded paths frozen; replay from original commit. GRPO imports/CLI/tests updated. External consumers unknown."
samples/pretrain_140m_7b_v1/step_119000.txt,legacy/samples/pretrain_140m_7b_v1/step_119000.txt,20ee4dc5c3f7674a0743eda7ebf4c96da71f09a3,f843a2a214bc4aeaea495d47d921f141472501a5cda29e0e21587cc52652779f,Historical step samples paired with pretrain_140m run configs; not released 30-layer lineage.,"Reviewed configs/recorded run identities, CLI input/output behavior, imports and tests at 318bc90. Historical embedded paths frozen; replay from original commit. GRPO imports/CLI/tests updated. External consumers unknown."
samples/pretrain_140m_7b_v1/step_120000.txt,legacy/samples/pretrain_140m_7b_v1/step_120000.txt,1f7894f1082cf2a35db77fadf423e86e9b4b831b,c0a8d376602bb067ea57656eb8fe3165daed403e42291249acd7aec8c15372c3,Historical step samples paired with pretrain_140m run configs; not released 30-layer lineage.,"Reviewed configs/recorded run identities, CLI input/output behavior, imports and tests at 318bc90. Historical embedded paths frozen; replay from original commit. GRPO imports/CLI/tests updated. External consumers unknown."
samples/pretrain_140m_7b_v1/step_121000.txt,legacy/samples/pretrain_140m_7b_v1/step_121000.txt,73db88e5382d3c348296f07311544c808c3c4fc6,10e3323ecd857b26d2c8b878b37a9269dcd1ebc92a8f5bc489c5b76633b81b54,Historical step samples paired with pretrain_140m run configs; not released 30-layer lineage.,"Reviewed configs/recorded run identities, CLI input/output behavior, imports and tests at 318bc90. Historical embedded paths frozen; replay from original commit. GRPO imports/CLI/tests updated. External consumers unknown."
samples/pretrain_140m_7b_v1/step_122000.txt,legacy/samples/pretrain_140m_7b_v1/step_122000.txt,1d1f5d6ed78a5813a4da1b4445fbfcc0ecfd43b4,3138437a8b563acaf6a6ca43e966fd73ba59e25fc4d3b60b986783ce413bafc5,Historical step samples paired with pretrain_140m run configs; not released 30-layer lineage.,"Reviewed configs/recorded run identities, CLI input/output behavior, imports and tests at 318bc90. Historical embedded paths frozen; replay from original commit. GRPO imports/CLI/tests updated. External consumers unknown."
samples/pretrain_140m_7b_v1/step_123000.txt,legacy/samples/pretrain_140m_7b_v1/step_123000.txt,bdbd7238d143ae6a61a9b6154b2d022e3d58a70c,c803714506eeb9d05bb2adf33c3b873ee3036b518821f0a24dbdb5c53ae2d12a,Historical step samples paired with pretrain_140m run configs; not released 30-layer lineage.,"Reviewed configs/recorded run identities, CLI input/output behavior, imports and tests at 318bc90. Historical embedded paths frozen; replay from original commit. GRPO imports/CLI/tests updated. External consumers unknown."
samples/pretrain_140m_7b_v1/step_124000.txt,legacy/samples/pretrain_140m_7b_v1/step_124000.txt,59a8409a38c8a3293040b067b986c9f9c6d44014,f6de9a8ebce5f4b28aa3f35c4681006aaccd40439af7c7bb405f419744838893,Historical step samples paired with pretrain_140m run configs; not released 30-layer lineage.,"Reviewed configs/recorded run identities, CLI input/output behavior, imports and tests at 318bc90. Historical embedded paths frozen; replay from original commit. GRPO imports/CLI/tests updated. External consumers unknown."
samples/pretrain_140m_7b_v1/step_125000.txt,legacy/samples/pretrain_140m_7b_v1/step_125000.txt,683dba9743b0136684fa3a3553566631fb70ac82,ceaff4de113f2cd048b9e9dbda69e626e050cb0f3fbd6302cc2a7f5ea651d32a,Historical step samples paired with pretrain_140m run configs; not released 30-layer lineage.,"Reviewed configs/recorded run identities, CLI input/output behavior, imports and tests at 318bc90. Historical embedded paths frozen; replay from original commit. GRPO imports/CLI/tests updated. External consumers unknown."
samples/pretrain_140m_7b_v1/step_126000.txt,legacy/samples/pretrain_140m_7b_v1/step_126000.txt,19f8fa4f5c41d5e7da76e861a1370e7cf1356693,08b8a7a1d535d1b192fc0c05a1cfa828cac8aacb399ca18fa3b74a08effd1b28,Historical step samples paired with pretrain_140m run configs; not released 30-layer lineage.,"Reviewed configs/recorded run identities, CLI input/output behavior, imports and tests at 318bc90. Historical embedded paths frozen; replay from original commit. GRPO imports/CLI/tests updated. External consumers unknown."
samples/pretrain_140m_7b_v1/step_127000.txt,legacy/samples/pretrain_140m_7b_v1/step_127000.txt,8f47eff08abfa8896f2c0601561496d205e4b863,5483cf7e4198c95c6b8eaa78d25a0b4f12ca0d08426bb00a20cc5cc7eafa3d1b,Historical step samples paired with pretrain_140m run configs; not released 30-layer lineage.,"Reviewed configs/recorded run identities, CLI input/output behavior, imports and tests at 318bc90. Historical embedded paths frozen; replay from original commit. GRPO imports/CLI/tests updated. External consumers unknown."
samples/pretrain_140m_7b_v1/step_128000.txt,legacy/samples/pretrain_140m_7b_v1/step_128000.txt,e25028090574653755a893d28a0ebaf430e33d83,7b0d2cc5b18adf2e62945940137f44ad52b3a2b52a2df2c1c6c1c1b53ee94cdc,Historical step samples paired with pretrain_140m run configs; not released 30-layer lineage.,"Reviewed configs/recorded run identities, CLI input/output behavior, imports and tests at 318bc90. Historical embedded paths frozen; replay from original commit. GRPO imports/CLI/tests updated. External consumers unknown."
samples/pretrain_140m_7b_v1/step_129000.txt,legacy/samples/pretrain_140m_7b_v1/step_129000.txt,2718b014276b353c286acbc55bcb99da6b3755be,0fe5e6c7419f8580944d5adb143548d45efe2395ce5302ba6d3841957037b694,Historical step samples paired with pretrain_140m run configs; not released 30-layer lineage.,"Reviewed configs/recorded run identities, CLI input/output behavior, imports and tests at 318bc90. Historical embedded paths frozen; replay from original commit. GRPO imports/CLI/tests updated. External consumers unknown."
samples/pretrain_140m_7b_v1/step_130000.txt,legacy/samples/pretrain_140m_7b_v1/step_130000.txt,2db4cfc05af1cb12db04a040fb650a04e1f0dc83,fdceb2fd7602207c1277d5d6ab61cd7b30db6fa24c264b9d8690134d8fb7ff64,Historical step samples paired with pretrain_140m run configs; not released 30-layer lineage.,"Reviewed configs/recorded run identities, CLI input/output behavior, imports and tests at 318bc90. Historical embedded paths frozen; replay from original commit. GRPO imports/CLI/tests updated. External consumers unknown."
samples/pretrain_140m_7b_v1/step_131000.txt,legacy/samples/pretrain_140m_7b_v1/step_131000.txt,9c6184d19d3b335436ac5c3aea60f7d6f34acf0d,085fbe9a832d8d39261893f940c75196b4b5e69a00875ae29ba20d72f202c791,Historical step samples paired with pretrain_140m run configs; not released 30-layer lineage.,"Reviewed configs/recorded run identities, CLI input/output behavior, imports and tests at 318bc90. Historical embedded paths frozen; replay from original commit. GRPO imports/CLI/tests updated. External consumers unknown."
samples/pretrain_140m_7b_v1/step_132000.txt,legacy/samples/pretrain_140m_7b_v1/step_132000.txt,0b545bc44de584363cccdf68ae5148072928264a,8aeff4e6c109509e0be7f2d8e65d5559eecb6e26dc1b2f4b90b27365ccbcb4aa,Historical step samples paired with pretrain_140m run configs; not released 30-layer lineage.,"Reviewed configs/recorded run identities, CLI input/output behavior, imports and tests at 318bc90. Historical embedded paths frozen; replay from original commit. GRPO imports/CLI/tests updated. External consumers unknown."
samples/pretrain_140m_7b_v1/step_133000.txt,legacy/samples/pretrain_140m_7b_v1/step_133000.txt,2fd83b585014631961c864104ed7915ed3e5e282,39a8b7f30365fe9bad211f28228db0bb060ac35309aec8aa6eec10bacf5ac689,Historical step samples paired with pretrain_140m run configs; not released 30-layer lineage.,"Reviewed configs/recorded run identities, CLI input/output behavior, imports and tests at 318bc90. Historical embedded paths frozen; replay from original commit. GRPO imports/CLI/tests updated. External consumers unknown."
samples/pretrain_140m_7b_v1/step_134000.txt,legacy/samples/pretrain_140m_7b_v1/step_134000.txt,4d6df6a64d23caee5cc005aabc237735b5b4626c,e5fb1b74c5ce3475afbac342fd1289da3b9603c7d04c877549a20b99be06d8e0,Historical step samples paired with pretrain_140m run configs; not released 30-layer lineage.,"Reviewed configs/recorded run identities, CLI input/output behavior, imports and tests at 318bc90. Historical embedded paths frozen; replay from original commit. GRPO imports/CLI/tests updated. External consumers unknown."
samples/pretrain_140m_7b_v1/step_135000.txt,legacy/samples/pretrain_140m_7b_v1/step_135000.txt,1e770e830299d9c1b8466660ece162872ac3cd6e,92f97773676326040db74072116e7663fea30868268d854e257125944a88b025,Historical step samples paired with pretrain_140m run configs; not released 30-layer lineage.,"Reviewed configs/recorded run identities, CLI input/output behavior, imports and tests at 318bc90. Historical embedded paths frozen; replay from original commit. GRPO imports/CLI/tests updated. External consumers unknown."
samples/pretrain_140m_7b_v1/step_136000.txt,legacy/samples/pretrain_140m_7b_v1/step_136000.txt,93685cab6e244e6ba04c9dbdcf69d60ca8447593,3d066c42ce54097108393a9e880c6855afe88514c743aeb479f15e28c7db4a52,Historical step samples paired with pretrain_140m run configs; not released 30-layer lineage.,"Reviewed configs/recorded run identities, CLI input/output behavior, imports and tests at 318bc90. Historical embedded paths frozen; replay from original commit. GRPO imports/CLI/tests updated. External consumers unknown."
samples/pretrain_140m_7b_v1/step_137000.txt,legacy/samples/pretrain_140m_7b_v1/step_137000.txt,1a23b155d5716e5d1b28a74d81c649445fee0da0,11b9d2271e76eae7a6d719591be6d6e9694acace7bc8aa5e8fa648c0872d9c44,Historical step samples paired with pretrain_140m run configs; not released 30-layer lineage.,"Reviewed configs/recorded run identities, CLI input/output behavior, imports and tests at 318bc90. Historical embedded paths frozen; replay from original commit. GRPO imports/CLI/tests updated. External consumers unknown."
samples/pretrain_140m_7b_v1/step_138000.txt,legacy/samples/pretrain_140m_7b_v1/step_138000.txt,a1b1e3cea2fec8eb4fb367ff4564c47a4bd0fd06,a2e5bed756ea03057b79851908b1701736920827f90b52cb5964e92660837e93,Historical step samples paired with pretrain_140m run configs; not released 30-layer lineage.,"Reviewed configs/recorded run identities, CLI input/output behavior, imports and tests at 318bc90. Historical embedded paths frozen; replay from original commit. GRPO imports/CLI/tests updated. External consumers unknown."
samples/pretrain_140m_7b_v1/step_139000.txt,legacy/samples/pretrain_140m_7b_v1/step_139000.txt,0cffbe2be9df53b7a0ce0b459a3ff0e312ec8571,fe0159256a7db82230500cc1d4c17834b97057f6cebc63fc52ace17117b94596,Historical step samples paired with pretrain_140m run configs; not released 30-layer lineage.,"Reviewed configs/recorded run identities, CLI input/output behavior, imports and tests at 318bc90. Historical embedded paths frozen; replay from original commit. GRPO imports/CLI/tests updated. External consumers unknown."
samples/pretrain_140m_7b_v1/step_140000.txt,legacy/samples/pretrain_140m_7b_v1/step_140000.txt,e532cb4ff9400407175179a9ddaeb0210cf72cef,03e49cad08bb1f5442b60f61e777cc05487aba610b44165dc6a5d832e73d5d95,Historical step samples paired with pretrain_140m run configs; not released 30-layer lineage.,"Reviewed configs/recorded run identities, CLI input/output behavior, imports and tests at 318bc90. Historical embedded paths frozen; replay from original commit. GRPO imports/CLI/tests updated. External consumers unknown."
samples/pretrain_140m_7b_v1/step_141000.txt,legacy/samples/pretrain_140m_7b_v1/step_141000.txt,f5f24a4cf8f03e811d65e60bd6459008f1dafeec,511a2a228146e1f963166c2c1d1f937ad5933295659349d0b29addf534393095,Historical step samples paired with pretrain_140m run configs; not released 30-layer lineage.,"Reviewed configs/recorded run identities, CLI input/output behavior, imports and tests at 318bc90. Historical embedded paths frozen; replay from original commit. GRPO imports/CLI/tests updated. External consumers unknown."
samples/pretrain_140m_7b_v1/step_142000.txt,legacy/samples/pretrain_140m_7b_v1/step_142000.txt,9fe852e353ceb52b135d57a443860591aa55ab05,bb645c8eb3b0cb66ccb1f83ea70c8adf51db67114c96d7831ed067f2931cc700,Historical step samples paired with pretrain_140m run configs; not released 30-layer lineage.,"Reviewed configs/recorded run identities, CLI input/output behavior, imports and tests at 318bc90. Historical embedded paths frozen; replay from original commit. GRPO imports/CLI/tests updated. External consumers unknown."
samples/pretrain_140m_7b_v1/step_143000.txt,legacy/samples/pretrain_140m_7b_v1/step_143000.txt,103187c70afffdc5d1a3d4b95859c695fc787c68,19bd0414a80c7244de7664e1f8be7b6a017c899c46c857302d2675e91939b251,Historical step samples paired with pretrain_140m run configs; not released 30-layer lineage.,"Reviewed configs/recorded run identities, CLI input/output behavior, imports and tests at 318bc90. Historical embedded paths frozen; replay from original commit. GRPO imports/CLI/tests updated. External consumers unknown."
samples/pretrain_140m_7b_v1/step_144000.txt,legacy/samples/pretrain_140m_7b_v1/step_144000.txt,0c8c6c1ca016ae4ef92316d6db8728630f816006,71942659aba33bbdaae75ba51eee57550d2b8b09696599f6a1f0c58796cb0091,Historical step samples paired with pretrain_140m run configs; not released 30-layer lineage.,"Reviewed configs/recorded run identities, CLI input/output behavior, imports and tests at 318bc90. Historical embedded paths frozen; replay from original commit. GRPO imports/CLI/tests updated. External consumers unknown."
samples/pretrain_140m_7b_v1/step_145000.txt,legacy/samples/pretrain_140m_7b_v1/step_145000.txt,6504e0eae288b4d55e67e8fef5da963977a46688,6188437b9861d8503f7edb2633ccbe40f7b059b7c024c4eaa66e05d313f7a3a1,Historical step samples paired with pretrain_140m run configs; not released 30-layer lineage.,"Reviewed configs/recorded run identities, CLI input/output behavior, imports and tests at 318bc90. Historical embedded paths frozen; replay from original commit. GRPO imports/CLI/tests updated. External consumers unknown."
samples/pretrain_140m_7b_v1/step_146000.txt,legacy/samples/pretrain_140m_7b_v1/step_146000.txt,a5db2a891f178cbb05b53b7b36c83d417672d5c6,9150f3a3edb9ec8666a2ca137a0ac8df3cc87f52d7ff21fed13f23b6755f3bda,Historical step samples paired with pretrain_140m run configs; not released 30-layer lineage.,"Reviewed configs/recorded run identities, CLI input/output behavior, imports and tests at 318bc90. Historical embedded paths frozen; replay from original commit. GRPO imports/CLI/tests updated. External consumers unknown."
samples/pretrain_140m_7b_v2/step_147000.txt,legacy/samples/pretrain_140m_7b_v2/step_147000.txt,8fd37b1d87f7a19c1e6cd6fc037bed28edbdca37,bfd1f145ee939b435a120d0dfd2c6682c96957e748f1c3a9db624a0577fb4dc1,Historical step samples paired with pretrain_140m run configs; not released 30-layer lineage.,"Reviewed configs/recorded run identities, CLI input/output behavior, imports and tests at 318bc90. Historical embedded paths frozen; replay from original commit. GRPO imports/CLI/tests updated. External consumers unknown."
samples/pretrain_140m_7b_v2/step_148000.txt,legacy/samples/pretrain_140m_7b_v2/step_148000.txt,b403b36ef97702fff7e976ee0363ebfa0de4ea05,4e8870fbaf7acd189f2dc6aabef19c3d6f26855e393d8afa68c0309fb878df51,Historical step samples paired with pretrain_140m run configs; not released 30-layer lineage.,"Reviewed configs/recorded run identities, CLI input/output behavior, imports and tests at 318bc90. Historical embedded paths frozen; replay from original commit. GRPO imports/CLI/tests updated. External consumers unknown."
samples/pretrain_140m_7b_v2/step_149000.txt,legacy/samples/pretrain_140m_7b_v2/step_149000.txt,fc475fcee033e3fe7de5d11c4ab2f8945031818c,8d2a19baf9566d86e5b1f5ecc2b09b341279db4e7e295fc930a0db319e2abb97,Historical step samples paired with pretrain_140m run configs; not released 30-layer lineage.,"Reviewed configs/recorded run identities, CLI input/output behavior, imports and tests at 318bc90. Historical embedded paths frozen; replay from original commit. GRPO imports/CLI/tests updated. External consumers unknown."
samples/pretrain_140m_7b_v2/step_150000.txt,legacy/samples/pretrain_140m_7b_v2/step_150000.txt,a21cd42c382055c9ee79a8b56ea86ad125bd9da7,6292b648b2a9b80dbfc460349242d7fc1c624a299c43e8fb03f985a2ff4e875b,Historical step samples paired with pretrain_140m run configs; not released 30-layer lineage.,"Reviewed configs/recorded run identities, CLI input/output behavior, imports and tests at 318bc90. Historical embedded paths frozen; replay from original commit. GRPO imports/CLI/tests updated. External consumers unknown."
samples/pretrain_140m_7b_v2/step_151000.txt,legacy/samples/pretrain_140m_7b_v2/step_151000.txt,62d6113e412eb4ec3dbe10c1b8c3d103604d3602,a5465976ee927362962573d68a01c2cb37f7583bc2ffce3485a99244e41b3bc0,Historical step samples paired with pretrain_140m run configs; not released 30-layer lineage.,"Reviewed configs/recorded run identities, CLI input/output behavior, imports and tests at 318bc90. Historical embedded paths frozen; replay from original commit. GRPO imports/CLI/tests updated. External consumers unknown."
samples/pretrain_140m_7b_v2/step_152000.txt,legacy/samples/pretrain_140m_7b_v2/step_152000.txt,c1f9ec0610f99215c9f7ce4f4d322fa93aeb501a,7cdef2af5eda8f29f27effc7bcc4d36978a92121777575273f2c9a2c876c2d0e,Historical step samples paired with pretrain_140m run configs; not released 30-layer lineage.,"Reviewed configs/recorded run identities, CLI input/output behavior, imports and tests at 318bc90. Historical embedded paths frozen; replay from original commit. GRPO imports/CLI/tests updated. External consumers unknown."
samples/pretrain_140m_7b_v2/step_153000.txt,legacy/samples/pretrain_140m_7b_v2/step_153000.txt,70da58d51381bd0503410d12e5816a034d1ed916,d05d181e672dc6b9a5ccb0f526ba0e993b951b59b422e661bdf60b4576dd4fd0,Historical step samples paired with pretrain_140m run configs; not released 30-layer lineage.,"Reviewed configs/recorded run identities, CLI input/output behavior, imports and tests at 318bc90. Historical embedded paths frozen; replay from original commit. GRPO imports/CLI/tests updated. External consumers unknown."
samples/pretrain_140m_7b_v2/step_154000.txt,legacy/samples/pretrain_140m_7b_v2/step_154000.txt,a54766964257d972ffb8cd797bca7fa1c258d314,72016208501c520501a297251bba9d872bb8a7657072c63e9b9dee335fedd0f3,Historical step samples paired with pretrain_140m run configs; not released 30-layer lineage.,"Reviewed configs/recorded run identities, CLI input/output behavior, imports and tests at 318bc90. Historical embedded paths frozen; replay from original commit. GRPO imports/CLI/tests updated. External consumers unknown."
samples/pretrain_140m_7b_v2/step_155000.txt,legacy/samples/pretrain_140m_7b_v2/step_155000.txt,15a30ab96e4fa29f92b1fccddb317ad4e83ed42f,6ade74b10fef4e18b3640075a9b26f539901e2e50f42c98fe0f2a9d496ff022a,Historical step samples paired with pretrain_140m run configs; not released 30-layer lineage.,"Reviewed configs/recorded run identities, CLI input/output behavior, imports and tests at 318bc90. Historical embedded paths frozen; replay from original commit. GRPO imports/CLI/tests updated. External consumers unknown."
samples/pretrain_140m_7b_v2/step_156000.txt,legacy/samples/pretrain_140m_7b_v2/step_156000.txt,08cea35278ef0f198bc5a8abeba4f305776a74ca,52a379715a8b243d0ab390cc0b7174e47017edc28a2be642a09510635aeea145,Historical step samples paired with pretrain_140m run configs; not released 30-layer lineage.,"Reviewed configs/recorded run identities, CLI input/output behavior, imports and tests at 318bc90. Historical embedded paths frozen; replay from original commit. GRPO imports/CLI/tests updated. External consumers unknown."
samples/pretrain_140m_7b_v2/step_157000.txt,legacy/samples/pretrain_140m_7b_v2/step_157000.txt,d1394963d31ca772a4810b0a690eda8c84a5ae50,3beed2f4178084dc11b8d1464d08a144834871d6f1a92c78f0c6e7da67d527ae,Historical step samples paired with pretrain_140m run configs; not released 30-layer lineage.,"Reviewed configs/recorded run identities, CLI input/output behavior, imports and tests at 318bc90. Historical embedded paths frozen; replay from original commit. GRPO imports/CLI/tests updated. External consumers unknown."
samples/pretrain_140m_7b_v2/step_158000.txt,legacy/samples/pretrain_140m_7b_v2/step_158000.txt,911202bc6ab98c6f484b4238d5339238b9174e8d,f2ed4d676268f6b2d82f6694a92349d65bd345a16844c6449fd2e400d39e8abb,Historical step samples paired with pretrain_140m run configs; not released 30-layer lineage.,"Reviewed configs/recorded run identities, CLI input/output behavior, imports and tests at 318bc90. Historical embedded paths frozen; replay from original commit. GRPO imports/CLI/tests updated. External consumers unknown."
samples/pretrain_140m_7b_v2/step_159000.txt,legacy/samples/pretrain_140m_7b_v2/step_159000.txt,edd0f1b4e8c41073fd838ed91d3a4fb33078f2d5,1ffa95d27bf1f94e490a93f4667e826e457d3e66907f5f0160a06fb2c4a38be2,Historical step samples paired with pretrain_140m run configs; not released 30-layer lineage.,"Reviewed configs/recorded run identities, CLI input/output behavior, imports and tests at 318bc90. Historical embedded paths frozen; replay from original commit. GRPO imports/CLI/tests updated. External consumers unknown."
samples/pretrain_140m_7b_v2/step_160000.txt,legacy/samples/pretrain_140m_7b_v2/step_160000.txt,b6fb3aec3b96aca2d41aac161cf50f15d868ac13,45b2e80c87c4ce9a4f062f254ffd6f331a20a77128ed2dafe60538a6b5510f22,Historical step samples paired with pretrain_140m run configs; not released 30-layer lineage.,"Reviewed configs/recorded run identities, CLI input/output behavior, imports and tests at 318bc90. Historical embedded paths frozen; replay from original commit. GRPO imports/CLI/tests updated. External consumers unknown."
samples/pretrain_140m_7b_v2/step_161000.txt,legacy/samples/pretrain_140m_7b_v2/step_161000.txt,c11edb620c140bfd08db2961200675003dabd269,475ce4e94aa4ef429a9df78799b519c468862ecfd612b0f308b2ca39aa3a4c56,Historical step samples paired with pretrain_140m run configs; not released 30-layer lineage.,"Reviewed configs/recorded run identities, CLI input/output behavior, imports and tests at 318bc90. Historical embedded paths frozen; replay from original commit. GRPO imports/CLI/tests updated. External consumers unknown."
samples/pretrain_140m_7b_v2/step_162000.txt,legacy/samples/pretrain_140m_7b_v2/step_162000.txt,96d324fa319442df0384cf7ae92ffeca02c32ffb,a12169fe3e16e3a7609c3db9c3f01d18b5fe7d0086b82f0872265a8263610726,Historical step samples paired with pretrain_140m run configs; not released 30-layer lineage.,"Reviewed configs/recorded run identities, CLI input/output behavior, imports and tests at 318bc90. Historical embedded paths frozen; replay from original commit. GRPO imports/CLI/tests updated. External consumers unknown."
samples/pretrain_140m_7b_v2/step_163000.txt,legacy/samples/pretrain_140m_7b_v2/step_163000.txt,8c44786908039a2f3152782c32ea8ba6f7042f9d,b16313fe4c2306b1bf2f7535dc58019a3ce16bcc825e37caa9ac01b8b22dafd9,Historical step samples paired with pretrain_140m run configs; not released 30-layer lineage.,"Reviewed configs/recorded run identities, CLI input/output behavior, imports and tests at 318bc90. Historical embedded paths frozen; replay from original commit. GRPO imports/CLI/tests updated. External consumers unknown."
samples/pretrain_140m_7b_v2/step_164000.txt,legacy/samples/pretrain_140m_7b_v2/step_164000.txt,47d933201d7d341379b4a2717ba3a235c538afa3,a9523892ae562b8419ed81be1061d3c3ccb1a58f10f75ba7db24a159933bb5c2,Historical step samples paired with pretrain_140m run configs; not released 30-layer lineage.,"Reviewed configs/recorded run identities, CLI input/output behavior, imports and tests at 318bc90. Historical embedded paths frozen; replay from original commit. GRPO imports/CLI/tests updated. External consumers unknown."
samples/pretrain_140m_7b_v2/step_165000.txt,legacy/samples/pretrain_140m_7b_v2/step_165000.txt,37cf27c5bf50889a4cc8c4e4bc4562431344e1ca,e2d127edc462379f673dca67f78f5629bfd2b0e8e350abb23769da4b8ca85a6e,Historical step samples paired with pretrain_140m run configs; not released 30-layer lineage.,"Reviewed configs/recorded run identities, CLI input/output behavior, imports and tests at 318bc90. Historical embedded paths frozen; replay from original commit. GRPO imports/CLI/tests updated. External consumers unknown."
samples/pretrain_140m_7b_v2/step_166000.txt,legacy/samples/pretrain_140m_7b_v2/step_166000.txt,baa3a9278fa72942ee25bcc03608d2c11c103236,aaa3d5644d8c879f1e9f39bede5bfe1a3c04c328f6a2a3c3d9c8cfd9fe478aba,Historical step samples paired with pretrain_140m run configs; not released 30-layer lineage.,"Reviewed configs/recorded run identities, CLI input/output behavior, imports and tests at 318bc90. Historical embedded paths frozen; replay from original commit. GRPO imports/CLI/tests updated. External consumers unknown."
samples/pretrain_140m_7b_v2/step_167000.txt,legacy/samples/pretrain_140m_7b_v2/step_167000.txt,92c685ba2ac5f9f68edd1fb27ee9105e36715570,3fd8153c8635b36a1087f93f26458be67db1b88e0fff250db77c2b6c4d2149d8,Historical step samples paired with pretrain_140m run configs; not released 30-layer lineage.,"Reviewed configs/recorded run identities, CLI input/output behavior, imports and tests at 318bc90. Historical embedded paths frozen; replay from original commit. GRPO imports/CLI/tests updated. External consumers unknown."
samples/pretrain_140m_7b_v2/step_168000.txt,legacy/samples/pretrain_140m_7b_v2/step_168000.txt,96318bc7823108340456642d540b47aab4608b99,150d733e98271909bd652d67cc3c2809993a90a77063365471507ad61c11c361,Historical step samples paired with pretrain_140m run configs; not released 30-layer lineage.,"Reviewed configs/recorded run identities, CLI input/output behavior, imports and tests at 318bc90. Historical embedded paths frozen; replay from original commit. GRPO imports/CLI/tests updated. External consumers unknown."
samples/pretrain_140m_7b_v2/step_169000.txt,legacy/samples/pretrain_140m_7b_v2/step_169000.txt,701af92ffe8b54af646c9ff3434e66cefafa5ef6,5e0362924289c7c3dbd9390218fec7a631c3a05aefcdd0e3bb6c1f3d21277814,Historical step samples paired with pretrain_140m run configs; not released 30-layer lineage.,"Reviewed configs/recorded run identities, CLI input/output behavior, imports and tests at 318bc90. Historical embedded paths frozen; replay from original commit. GRPO imports/CLI/tests updated. External consumers unknown."
samples/pretrain_140m_7b_v2/step_170000.txt,legacy/samples/pretrain_140m_7b_v2/step_170000.txt,b18171fc73a2212caad461752d11d52ee467de1e,cac95cb546e6ea2a95089f105eb535fd7915d8c5939dda01e0e7f3e5614b8575,Historical step samples paired with pretrain_140m run configs; not released 30-layer lineage.,"Reviewed configs/recorded run identities, CLI input/output behavior, imports and tests at 318bc90. Historical embedded paths frozen; replay from original commit. GRPO imports/CLI/tests updated. External consumers unknown."
samples/pretrain_140m_7b_v2/step_171000.txt,legacy/samples/pretrain_140m_7b_v2/step_171000.txt,4e206e4e0f38f221f8e7e230fcebb216f80a74ee,025a852f220c340d56cdb4e53284867352765cdc16457a88cf2fdac1b1c04412,Historical step samples paired with pretrain_140m run configs; not released 30-layer lineage.,"Reviewed configs/recorded run identities, CLI input/output behavior, imports and tests at 318bc90. Historical embedded paths frozen; replay from original commit. GRPO imports/CLI/tests updated. External consumers unknown."
samples/pretrain_140m_7b_v2/step_172000.txt,legacy/samples/pretrain_140m_7b_v2/step_172000.txt,06f41e05e1af5e058309bd149ab1729bfe9cea41,d35b65ac16b450d942c07ee02ff64974fc99c8d2e4a76dc27f53c70ddfdd92de,Historical step samples paired with pretrain_140m run configs; not released 30-layer lineage.,"Reviewed configs/recorded run identities, CLI input/output behavior, imports and tests at 318bc90. Historical embedded paths frozen; replay from original commit. GRPO imports/CLI/tests updated. External consumers unknown."
samples/pretrain_140m_7b_v2/step_173000.txt,legacy/samples/pretrain_140m_7b_v2/step_173000.txt,600e175e7dafa228ff67a4ec829f5149ea4d6155,c564fddb3c035491e7885f82ce4f2c937a79c34db88d99b12a19f46013d97022,Historical step samples paired with pretrain_140m run configs; not released 30-layer lineage.,"Reviewed configs/recorded run identities, CLI input/output behavior, imports and tests at 318bc90. Historical embedded paths frozen; replay from original commit. GRPO imports/CLI/tests updated. External consumers unknown."
samples/pretrain_140m_7b_v2/step_174000.txt,legacy/samples/pretrain_140m_7b_v2/step_174000.txt,f27a592d0a85605321bd1aff1b78605652d10a5b,051284aa99a227154cd35f2e65f3bedcebe3f741b898d3f298ed1e7948d349a4,Historical step samples paired with pretrain_140m run configs; not released 30-layer lineage.,"Reviewed configs/recorded run identities, CLI input/output behavior, imports and tests at 318bc90. Historical embedded paths frozen; replay from original commit. GRPO imports/CLI/tests updated. External consumers unknown."
samples/pretrain_140m_7b_v2/step_175000.txt,legacy/samples/pretrain_140m_7b_v2/step_175000.txt,c88a8fe9c5a9de17f0eeb4a7ef3a07ea753c9654,2668f4099ebe9c1846d811513e31dee7c30b60546089e3c1d241db0dc4a90440,Historical step samples paired with pretrain_140m run configs; not released 30-layer lineage.,"Reviewed configs/recorded run identities, CLI input/output behavior, imports and tests at 318bc90. Historical embedded paths frozen; replay from original commit. GRPO imports/CLI/tests updated. External consumers unknown."
samples/pretrain_140m_7b_v2/step_176000.txt,legacy/samples/pretrain_140m_7b_v2/step_176000.txt,95a78e97a463fbdae9256f4f30a3185f4f0e4382,3e8b8d35d50a20a3d7e2d61071f441b59eeaa26db600b721fd7b3a0c548a3fbe,Historical step samples paired with pretrain_140m run configs; not released 30-layer lineage.,"Reviewed configs/recorded run identities, CLI input/output behavior, imports and tests at 318bc90. Historical embedded paths frozen; replay from original commit. GRPO imports/CLI/tests updated. External consumers unknown."
samples/pretrain_140m_7b_v2/step_177000.txt,legacy/samples/pretrain_140m_7b_v2/step_177000.txt,701811c219e964176f944bb11f05f30beef13a21,2ffb82bdb507ee2db38ab6d5c320d7018b5312556d3899411554df9e83837bca,Historical step samples paired with pretrain_140m run configs; not released 30-layer lineage.,"Reviewed configs/recorded run identities, CLI input/output behavior, imports and tests at 318bc90. Historical embedded paths frozen; replay from original commit. GRPO imports/CLI/tests updated. External consumers unknown."
samples/pretrain_140m_7b_v2/step_178000.txt,legacy/samples/pretrain_140m_7b_v2/step_178000.txt,6cc1c3990ab51b4f03a5866e601e8f434316a0be,3dcd98a67cac243d600ba0c373bf4620335d4d958f07eb8d2b51bb0717e56eb1,Historical step samples paired with pretrain_140m run configs; not released 30-layer lineage.,"Reviewed configs/recorded run identities, CLI input/output behavior, imports and tests at 318bc90. Historical embedded paths frozen; replay from original commit. GRPO imports/CLI/tests updated. External consumers unknown."
samples/pretrain_140m_7b_v2/step_179000.txt,legacy/samples/pretrain_140m_7b_v2/step_179000.txt,daa963ff5b74429f86fcb3e891e630b0d2128431,32eeabf713e3e81efc32b8d37eab637baf3c7ff3e3f304af8e6d1efb119301f3,Historical step samples paired with pretrain_140m run configs; not released 30-layer lineage.,"Reviewed configs/recorded run identities, CLI input/output behavior, imports and tests at 318bc90. Historical embedded paths frozen; replay from original commit. GRPO imports/CLI/tests updated. External consumers unknown."
samples/pretrain_140m_7b_v2/step_180000.txt,legacy/samples/pretrain_140m_7b_v2/step_180000.txt,7db814cbf1ca34f57cff9b44e231aab4a862fa07,4a4065f80f213f1a35ae6c15462e4a30612eea8a588ccc2f9754495c4139c0cb,Historical step samples paired with pretrain_140m run configs; not released 30-layer lineage.,"Reviewed configs/recorded run identities, CLI input/output behavior, imports and tests at 318bc90. Historical embedded paths frozen; replay from original commit. GRPO imports/CLI/tests updated. External consumers unknown."
samples/pretrain_140m_7b_v2/step_181000.txt,legacy/samples/pretrain_140m_7b_v2/step_181000.txt,02dc8a1f2959a97a881a902e0a8862b855c4d7c8,eb4ce5f00b61b04dae8b008c3714603d7f87ccd134e637dd37aa1a77708422c4,Historical step samples paired with pretrain_140m run configs; not released 30-layer lineage.,"Reviewed configs/recorded run identities, CLI input/output behavior, imports and tests at 318bc90. Historical embedded paths frozen; replay from original commit. GRPO imports/CLI/tests updated. External consumers unknown."
samples/pretrain_140m_7b_v2/step_182000.txt,legacy/samples/pretrain_140m_7b_v2/step_182000.txt,f797213ac18657a4b8a57ee98649cb8a2fe7ae1e,c04ea8cf5f7404774faa94249ba5b251b3a093a82587ce713f4979839021ab7b,Historical step samples paired with pretrain_140m run configs; not released 30-layer lineage.,"Reviewed configs/recorded run identities, CLI input/output behavior, imports and tests at 318bc90. Historical embedded paths frozen; replay from original commit. GRPO imports/CLI/tests updated. External consumers unknown."
samples/pretrain_140m_7b_v2/step_183000.txt,legacy/samples/pretrain_140m_7b_v2/step_183000.txt,b5e9b8623f855cebc5e57b679e25aca291477260,94f3168e793ffce68faa778401362916d2c3e985ae021a4b8eb640f05559a783,Historical step samples paired with pretrain_140m run configs; not released 30-layer lineage.,"Reviewed configs/recorded run identities, CLI input/output behavior, imports and tests at 318bc90. Historical embedded paths frozen; replay from original commit. GRPO imports/CLI/tests updated. External consumers unknown."
samples/pretrain_140m_7b_v2/step_184000.txt,legacy/samples/pretrain_140m_7b_v2/step_184000.txt,2890909c35b4afc0be6f021aaf6716ab827acbf9,66a4853629f2ce389bcf7851553d316474f0821be2bd7e376c362e005a8a9d1e,Historical step samples paired with pretrain_140m run configs; not released 30-layer lineage.,"Reviewed configs/recorded run identities, CLI input/output behavior, imports and tests at 318bc90. Historical embedded paths frozen; replay from original commit. GRPO imports/CLI/tests updated. External consumers unknown."
samples/pretrain_140m_7b_v2/step_185000.txt,legacy/samples/pretrain_140m_7b_v2/step_185000.txt,a404e36c01d07e5c5b951db5c2153711a6e328fe,490d1448ee3e46075f3da780ec0e6f62533194426cfdd2eb5b277a5d26c8344f,Historical step samples paired with pretrain_140m run configs; not released 30-layer lineage.,"Reviewed configs/recorded run identities, CLI input/output behavior, imports and tests at 318bc90. Historical embedded paths frozen; replay from original commit. GRPO imports/CLI/tests updated. External consumers unknown."
samples/pretrain_140m_7b_v2/step_186000.txt,legacy/samples/pretrain_140m_7b_v2/step_186000.txt,15551abb4811dd75fe3d91a5ad5ebd42d0632e8b,bdba04a273cb74004802b0156f8fc972c24a12bf329321169ec37435efdfa8eb,Historical step samples paired with pretrain_140m run configs; not released 30-layer lineage.,"Reviewed configs/recorded run identities, CLI input/output behavior, imports and tests at 318bc90. Historical embedded paths frozen; replay from original commit. GRPO imports/CLI/tests updated. External consumers unknown."
samples/pretrain_140m_7b_v2/step_187000.txt,legacy/samples/pretrain_140m_7b_v2/step_187000.txt,90e92f8b9099cf49096fef48802a8f9fc5bdfef7,5882ff16c8814ce822f265bc66dc71be50cee2480227049788dc3c4c71701762,Historical step samples paired with pretrain_140m run configs; not released 30-layer lineage.,"Reviewed configs/recorded run identities, CLI input/output behavior, imports and tests at 318bc90. Historical embedded paths frozen; replay from original commit. GRPO imports/CLI/tests updated. External consumers unknown."
samples/pretrain_140m_7b_v2/step_188000.txt,legacy/samples/pretrain_140m_7b_v2/step_188000.txt,484da0a399b805a5c923284a81cc3d046c9a9ebd,34c13edecb8b0a66f0a6c8dea0305debdaabc5eb490c48ca994a6646807bd9eb,Historical step samples paired with pretrain_140m run configs; not released 30-layer lineage.,"Reviewed configs/recorded run identities, CLI input/output behavior, imports and tests at 318bc90. Historical embedded paths frozen; replay from original commit. GRPO imports/CLI/tests updated. External consumers unknown."
samples/pretrain_140m_7b_v2/step_189000.txt,legacy/samples/pretrain_140m_7b_v2/step_189000.txt,f584924ab5388faa7696c19d4c44b202c304341f,8e71bf3b9e7b6a08e7e7125209006bf545b017cfd2b136da8d16e5f6fa61cb60,Historical step samples paired with pretrain_140m run configs; not released 30-layer lineage.,"Reviewed configs/recorded run identities, CLI input/output behavior, imports and tests at 318bc90. Historical embedded paths frozen; replay from original commit. GRPO imports/CLI/tests updated. External consumers unknown."
samples/pretrain_140m_7b_v2/step_190000.txt,legacy/samples/pretrain_140m_7b_v2/step_190000.txt,91a35eecd1d66ca5146733b6757897ac2e9ebfe2,7bac97aee96420bbddccd6fef2f0e7c99b1873c57ce3d91dd2539038744bed31,Historical step samples paired with pretrain_140m run configs; not released 30-layer lineage.,"Reviewed configs/recorded run identities, CLI input/output behavior, imports and tests at 318bc90. Historical embedded paths frozen; replay from original commit. GRPO imports/CLI/tests updated. External consumers unknown."
samples/pretrain_140m_7b_v2/step_191000.txt,legacy/samples/pretrain_140m_7b_v2/step_191000.txt,acad03c775f73cbb334c98ad1b816b403cc26c30,777934ad3f667731b2d27dadd88f27aec26e855473e52a77e84e66ce14aa9664,Historical step samples paired with pretrain_140m run configs; not released 30-layer lineage.,"Reviewed configs/recorded run identities, CLI input/output behavior, imports and tests at 318bc90. Historical embedded paths frozen; replay from original commit. GRPO imports/CLI/tests updated. External consumers unknown."
samples/pretrain_140m_7b_v2/step_192000.txt,legacy/samples/pretrain_140m_7b_v2/step_192000.txt,b2684b4ed2f2c6c5646e755841e11cc72b430f7e,04b6bd2fa41afac5e2d497a4549436ad43585d3d01164ff0903d01748f21f14d,Historical step samples paired with pretrain_140m run configs; not released 30-layer lineage.,"Reviewed configs/recorded run identities, CLI input/output behavior, imports and tests at 318bc90. Historical embedded paths frozen; replay from original commit. GRPO imports/CLI/tests updated. External consumers unknown."
samples/pretrain_140m_7b_v2/step_193000.txt,legacy/samples/pretrain_140m_7b_v2/step_193000.txt,93eb16469b2e2fc70a8dd2aed3b6287c0a05ac9d,94b88c9ab0f5bc844692abbba144d62187f441f30e049356cf98fced1e98d3c3,Historical step samples paired with pretrain_140m run configs; not released 30-layer lineage.,"Reviewed configs/recorded run identities, CLI input/output behavior, imports and tests at 318bc90. Historical embedded paths frozen; replay from original commit. GRPO imports/CLI/tests updated. External consumers unknown."
samples/pretrain_140m_7b_v2/step_194000.txt,legacy/samples/pretrain_140m_7b_v2/step_194000.txt,6f67cdd9d92fce5d082659cd70e8d4331df9fc16,4ff1b6ee7633c8af305e764d6557d7169bec7a6a7e15cc8b68b25f76630786c1,Historical step samples paired with pretrain_140m run configs; not released 30-layer lineage.,"Reviewed configs/recorded run identities, CLI input/output behavior, imports and tests at 318bc90. Historical embedded paths frozen; replay from original commit. GRPO imports/CLI/tests updated. External consumers unknown."
samples/pretrain_140m_7b_v2/step_195000.txt,legacy/samples/pretrain_140m_7b_v2/step_195000.txt,810384be2d0b4b5d0385657444db4f264f45d9b7,d09cf9b5148125837038d02f34b10724436cf9301cbf0ef6b2f4f8cd9c3f5682,Historical step samples paired with pretrain_140m run configs; not released 30-layer lineage.,"Reviewed configs/recorded run identities, CLI input/output behavior, imports and tests at 318bc90. Historical embedded paths frozen; replay from original commit. GRPO imports/CLI/tests updated. External consumers unknown."
samples/pretrain_140m_7b_v2/step_196000.txt,legacy/samples/pretrain_140m_7b_v2/step_196000.txt,c1622308593d63836b716e62d0106389fcf4ccaa,6c157a05a4940cae987e855305e0aa7e33ff01ac9c71717d37f11a00027d696d,Historical step samples paired with pretrain_140m run configs; not released 30-layer lineage.,"Reviewed configs/recorded run identities, CLI input/output behavior, imports and tests at 318bc90. Historical embedded paths frozen; replay from original commit. GRPO imports/CLI/tests updated. External consumers unknown."
samples/pretrain_140m_7b_v2/step_197000.txt,legacy/samples/pretrain_140m_7b_v2/step_197000.txt,c94b44c551103c48152ec6a733ea39edec44c884,f26f105f7732c2d0579d3a497475d025ee970ee94aee1b3dceff7234dc943b50,Historical step samples paired with pretrain_140m run configs; not released 30-layer lineage.,"Reviewed configs/recorded run identities, CLI input/output behavior, imports and tests at 318bc90. Historical embedded paths frozen; replay from original commit. GRPO imports/CLI/tests updated. External consumers unknown."
samples/pretrain_140m_7b_v2/step_198000.txt,legacy/samples/pretrain_140m_7b_v2/step_198000.txt,cc14fcc477ebd6fe156a58d791053345c8c2dc25,e80bc059b041cbf94ac5fb694d8f54f140307aa6a00d5101dc9ddf7df04bfb30,Historical step samples paired with pretrain_140m run configs; not released 30-layer lineage.,"Reviewed configs/recorded run identities, CLI input/output behavior, imports and tests at 318bc90. Historical embedded paths frozen; replay from original commit. GRPO imports/CLI/tests updated. External consumers unknown."
samples/pretrain_140m_7b_v2/step_199000.txt,legacy/samples/pretrain_140m_7b_v2/step_199000.txt,429ca5a5b8807440e71d525b4cf6e2e82a1273fd,2acf6c74a53dd656223ac093ae44f515c885d3613edfed2b586b104d7367aa3c,Historical step samples paired with pretrain_140m run configs; not released 30-layer lineage.,"Reviewed configs/recorded run identities, CLI input/output behavior, imports and tests at 318bc90. Historical embedded paths frozen; replay from original commit. GRPO imports/CLI/tests updated. External consumers unknown."
samples/pretrain_140m_7b_v2/step_200000.txt,legacy/samples/pretrain_140m_7b_v2/step_200000.txt,57f27d413f66b9d2357999cc1c7276819529f445,d67bef7acc2b98384655ee011cac2ba2142f50d6ecc4cbfecc18d87961605123,Historical step samples paired with pretrain_140m run configs; not released 30-layer lineage.,"Reviewed configs/recorded run identities, CLI input/output behavior, imports and tests at 318bc90. Historical embedded paths frozen; replay from original commit. GRPO imports/CLI/tests updated. External consumers unknown."
samples/pretrain_140m_7b_v2/step_201000.txt,legacy/samples/pretrain_140m_7b_v2/step_201000.txt,8d2049ba14ff8313bd7a06bce65eda2d16660527,3990bca6bfb24b647b19be25237d60dcc0b5d7e23c379d4ff9446deac7a6c4d0,Historical step samples paired with pretrain_140m run configs; not released 30-layer lineage.,"Reviewed configs/recorded run identities, CLI input/output behavior, imports and tests at 318bc90. Historical embedded paths frozen; replay from original commit. GRPO imports/CLI/tests updated. External consumers unknown."
samples/pretrain_140m_7b_v2/step_202000.txt,legacy/samples/pretrain_140m_7b_v2/step_202000.txt,8d4e7d2ea7db96f47a5cb8ec4edf1ebc167ca9d7,fdeb04b4b2094510f5e0aa5b4623ec73e4f0031f8a858bd2d91c66dc9e68acee,Historical step samples paired with pretrain_140m run configs; not released 30-layer lineage.,"Reviewed configs/recorded run identities, CLI input/output behavior, imports and tests at 318bc90. Historical embedded paths frozen; replay from original commit. GRPO imports/CLI/tests updated. External consumers unknown."
samples/pretrain_140m_7b_v2/step_203000.txt,legacy/samples/pretrain_140m_7b_v2/step_203000.txt,3925a765e9319626ea76637a92603a5ad1ec3088,18a797974be0f8544c95bfddc8a20d35698daf732bc5c1be3bd195c8cd39d6d6,Historical step samples paired with pretrain_140m run configs; not released 30-layer lineage.,"Reviewed configs/recorded run identities, CLI input/output behavior, imports and tests at 318bc90. Historical embedded paths frozen; replay from original commit. GRPO imports/CLI/tests updated. External consumers unknown."
samples/pretrain_140m_7b_v2/step_204000.txt,legacy/samples/pretrain_140m_7b_v2/step_204000.txt,c34bdc28a260f45b80fade468e9492b21ccf4bb2,b36c06b602e2878532b90767285c0fc58241bd3807fc1e8628041728e8414c86,Historical step samples paired with pretrain_140m run configs; not released 30-layer lineage.,"Reviewed configs/recorded run identities, CLI input/output behavior, imports and tests at 318bc90. Historical embedded paths frozen; replay from original commit. GRPO imports/CLI/tests updated. External consumers unknown."
samples/pretrain_140m_7b_v2/step_205000.txt,legacy/samples/pretrain_140m_7b_v2/step_205000.txt,2271cef338ed8c5ed6d1961da58f4a8970608212,35b8875ff4ed3a53f9a209a59c78331cf78429ca8d7e2661df3aa3e4a0c640f4,Historical step samples paired with pretrain_140m run configs; not released 30-layer lineage.,"Reviewed configs/recorded run identities, CLI input/output behavior, imports and tests at 318bc90. Historical embedded paths frozen; replay from original commit. GRPO imports/CLI/tests updated. External consumers unknown."
samples/pretrain_140m_7b_v2/step_206000.txt,legacy/samples/pretrain_140m_7b_v2/step_206000.txt,22ac4420c2453dba1d81c35c77ed819e64fb1f44,76bf996226a82fd3a9d95f0cb29b7a6c1295d9b2f5bc2c9157f9fdfecc8b3337,Historical step samples paired with pretrain_140m run configs; not released 30-layer lineage.,"Reviewed configs/recorded run identities, CLI input/output behavior, imports and tests at 318bc90. Historical embedded paths frozen; replay from original commit. GRPO imports/CLI/tests updated. External consumers unknown."
samples/pretrain_140m_7b_v2/step_207000.txt,legacy/samples/pretrain_140m_7b_v2/step_207000.txt,3b3c5f6745d919d95a2abcf80d859fdca5f8a7b1,da996e55bcc7a792038dae8ac4f8a090500594b0631ffa97c3b7415499e6473f,Historical step samples paired with pretrain_140m run configs; not released 30-layer lineage.,"Reviewed configs/recorded run identities, CLI input/output behavior, imports and tests at 318bc90. Historical embedded paths frozen; replay from original commit. GRPO imports/CLI/tests updated. External consumers unknown."
samples/pretrain_140m_7b_v2/step_208000.txt,legacy/samples/pretrain_140m_7b_v2/step_208000.txt,0ac54a03ce1a593e94b69796f6509d98060192b2,434f4e7d1e9e5ddfa274b96e0602e9a6927a96c512a495677297324f16449b15,Historical step samples paired with pretrain_140m run configs; not released 30-layer lineage.,"Reviewed configs/recorded run identities, CLI input/output behavior, imports and tests at 318bc90. Historical embedded paths frozen; replay from original commit. GRPO imports/CLI/tests updated. External consumers unknown."
samples/pretrain_140m_7b_v2/step_209000.txt,legacy/samples/pretrain_140m_7b_v2/step_209000.txt,2c4ba8c63f5ea14668bdcf3c5923a9266d7b42fd,edbb65bed7550945d684dbb2b71c593eb9215b68c2e313472a8d7ee45a93e6dd,Historical step samples paired with pretrain_140m run configs; not released 30-layer lineage.,"Reviewed configs/recorded run identities, CLI input/output behavior, imports and tests at 318bc90. Historical embedded paths frozen; replay from original commit. GRPO imports/CLI/tests updated. External consumers unknown."
samples/pretrain_140m_7b_v2/step_210000.txt,legacy/samples/pretrain_140m_7b_v2/step_210000.txt,23c9a81c8ab96bd7600cb12e410876f98d5f7067,4136a0bfc49f1427df6105e3228b62935cbe9aa4b00633c1d27bfc275cfc19a0,Historical step samples paired with pretrain_140m run configs; not released 30-layer lineage.,"Reviewed configs/recorded run identities, CLI input/output behavior, imports and tests at 318bc90. Historical embedded paths frozen; replay from original commit. GRPO imports/CLI/tests updated. External consumers unknown."
samples/pretrain_140m_7b_v2/step_211000.txt,legacy/samples/pretrain_140m_7b_v2/step_211000.txt,49b3f7ecf68753f6ed16dc557a7a29856c6b48fa,a947da61a21ff7861bbbf300767b3771f7d68ed256fdb581894e5abc8d31db2f,Historical step samples paired with pretrain_140m run configs; not released 30-layer lineage.,"Reviewed configs/recorded run identities, CLI input/output behavior, imports and tests at 318bc90. Historical embedded paths frozen; replay from original commit. GRPO imports/CLI/tests updated. External consumers unknown."
samples/pretrain_140m_7b_v2/step_212000.txt,legacy/samples/pretrain_140m_7b_v2/step_212000.txt,4f6cdedc764a46e88ef6b1a6e9b5cea14efd5fdf,5fa974e5816f6ecf80790991f331cb2adf1ddbb464d0f7178a612398ac6c0fab,Historical step samples paired with pretrain_140m run configs; not released 30-layer lineage.,"Reviewed configs/recorded run identities, CLI input/output behavior, imports and tests at 318bc90. Historical embedded paths frozen; replay from original commit. GRPO imports/CLI/tests updated. External consumers unknown."
samples/pretrain_140m_7b_v2/step_213000.txt,legacy/samples/pretrain_140m_7b_v2/step_213000.txt,9f183a5b3036698ba65e6c5d2626a5a53ceffe02,4fd5deb8102431a7c5e8478a53acccd414a0455ddf4317966ddacfa230cb94b9,Historical step samples paired with pretrain_140m run configs; not released 30-layer lineage.,"Reviewed configs/recorded run identities, CLI input/output behavior, imports and tests at 318bc90. Historical embedded paths frozen; replay from original commit. GRPO imports/CLI/tests updated. External consumers unknown."
samples/pretrain_140m_7b_v2/step_214000.txt,legacy/samples/pretrain_140m_7b_v2/step_214000.txt,aff6a32802425ec9527ba94ccecb33cdc042602d,6845f2146772d2574e1bbcfc21a0efca6c4e976eb8a38fb9bb3756a5340a41fc,Historical step samples paired with pretrain_140m run configs; not released 30-layer lineage.,"Reviewed configs/recorded run identities, CLI input/output behavior, imports and tests at 318bc90. Historical embedded paths frozen; replay from original commit. GRPO imports/CLI/tests updated. External consumers unknown."
samples/pretrain_140m_7b_v2/step_215000.txt,legacy/samples/pretrain_140m_7b_v2/step_215000.txt,fa666503630c3b7779ffe7a12d1fc69ab9199627,af159a94b6dabd10749746e08101472d8fa290c441d62e2a1754dbba3a87175a,Historical step samples paired with pretrain_140m run configs; not released 30-layer lineage.,"Reviewed configs/recorded run identities, CLI input/output behavior, imports and tests at 318bc90. Historical embedded paths frozen; replay from original commit. GRPO imports/CLI/tests updated. External consumers unknown."
samples/pretrain_140m_7b_v2/step_216000.txt,legacy/samples/pretrain_140m_7b_v2/step_216000.txt,d6988c61f0327835f949fae3feaa0a4c16b6a462,b189429f245d9711eb18d2f3c28f0a971d49342a098e4df3fd5afb5828c0f4ad,Historical step samples paired with pretrain_140m run configs; not released 30-layer lineage.,"Reviewed configs/recorded run identities, CLI input/output behavior, imports and tests at 318bc90. Historical embedded paths frozen; replay from original commit. GRPO imports/CLI/tests updated. External consumers unknown."
samples/pretrain_140m_7b_v2/step_217000.txt,legacy/samples/pretrain_140m_7b_v2/step_217000.txt,67b28f244df4c9f91c0e6ba209b41d6c1d2db5e6,01fe506ad22b48a36147e9345be59c1bf4825de37760e06ea86124d978e3337c,Historical step samples paired with pretrain_140m run configs; not released 30-layer lineage.,"Reviewed configs/recorded run identities, CLI input/output behavior, imports and tests at 318bc90. Historical embedded paths frozen; replay from original commit. GRPO imports/CLI/tests updated. External consumers unknown."
samples/pretrain_140m_7b_v2/step_218000.txt,legacy/samples/pretrain_140m_7b_v2/step_218000.txt,b49181bdc7078e6bad434861a943f077bff8a5a9,b52422812710c6d6cc0daaa3f09f866eeede4ca603eaa819cf45c6421e304be5,Historical step samples paired with pretrain_140m run configs; not released 30-layer lineage.,"Reviewed configs/recorded run identities, CLI input/output behavior, imports and tests at 318bc90. Historical embedded paths frozen; replay from original commit. GRPO imports/CLI/tests updated. External consumers unknown."
samples/pretrain_140m_7b_v2/step_219000.txt,legacy/samples/pretrain_140m_7b_v2/step_219000.txt,cc2e33e0f1aa4f7048de4317763d1e497c83c725,408614da54d831e910678220a4aa5f0642efc89c6a4a51d1323192eceade3c91,Historical step samples paired with pretrain_140m run configs; not released 30-layer lineage.,"Reviewed configs/recorded run identities, CLI input/output behavior, imports and tests at 318bc90. Historical embedded paths frozen; replay from original commit. GRPO imports/CLI/tests updated. External consumers unknown."
samples/pretrain_140m_7b_v2/step_220000.txt,legacy/samples/pretrain_140m_7b_v2/step_220000.txt,1a46f7bcb37cf5fa5625137c06f73c4e465938e9,7a6db0001f396a83e517a470d548d6a4dbe8cc6acf9124ba1e30f90887f38f67,Historical step samples paired with pretrain_140m run configs; not released 30-layer lineage.,"Reviewed configs/recorded run identities, CLI input/output behavior, imports and tests at 318bc90. Historical embedded paths frozen; replay from original commit. GRPO imports/CLI/tests updated. External consumers unknown."
samples/pretrain_140m_7b_v2/step_221000.txt,legacy/samples/pretrain_140m_7b_v2/step_221000.txt,575e943153f915381831704cbf4bf3f61295e43c,2bc9f65d7956932054cf0dcadb40cb837e5cab5ae86b30bee4a4a6896ca6a898,Historical step samples paired with pretrain_140m run configs; not released 30-layer lineage.,"Reviewed configs/recorded run identities, CLI input/output behavior, imports and tests at 318bc90. Historical embedded paths frozen; replay from original commit. GRPO imports/CLI/tests updated. External consumers unknown."
samples/pretrain_140m_7b_v2/step_222000.txt,legacy/samples/pretrain_140m_7b_v2/step_222000.txt,0f49aed43433740636e1780df7a4c2bbde3134f2,465cf54195299a6061b8d8da352b0da86f5b732bac78a995e0e537cad258419c,Historical step samples paired with pretrain_140m run configs; not released 30-layer lineage.,"Reviewed configs/recorded run identities, CLI input/output behavior, imports and tests at 318bc90. Historical embedded paths frozen; replay from original commit. GRPO imports/CLI/tests updated. External consumers unknown."
samples/pretrain_140m_7b_v2/step_223000.txt,legacy/samples/pretrain_140m_7b_v2/step_223000.txt,e4b6b3210bb0d078a7064403aac716a778bd4659,91845765e8a511c572d2898ea2b1eba568035e0159c0822cb328ae69754bdc4b,Historical step samples paired with pretrain_140m run configs; not released 30-layer lineage.,"Reviewed configs/recorded run identities, CLI input/output behavior, imports and tests at 318bc90. Historical embedded paths frozen; replay from original commit. GRPO imports/CLI/tests updated. External consumers unknown."
samples/pretrain_140m_7b_v2/step_224000.txt,legacy/samples/pretrain_140m_7b_v2/step_224000.txt,dee95c2cb533af3b465101daa047d52db03bdde0,268701b600d92cec720121f1a53fdeff76ab4e97fc6dc453265af9791e6fc283,Historical step samples paired with pretrain_140m run configs; not released 30-layer lineage.,"Reviewed configs/recorded run identities, CLI input/output behavior, imports and tests at 318bc90. Historical embedded paths frozen; replay from original commit. GRPO imports/CLI/tests updated. External consumers unknown."
samples/pretrain_140m_7b_v2/step_225000.txt,legacy/samples/pretrain_140m_7b_v2/step_225000.txt,38f939ef55c3241453b3552aed7fe1cae5a5010b,b6e6aca35b0c6997f322c28ec5211b50f149f9e555daa133c1366b140e5bdca2,Historical step samples paired with pretrain_140m run configs; not released 30-layer lineage.,"Reviewed configs/recorded run identities, CLI input/output behavior, imports and tests at 318bc90. Historical embedded paths frozen; replay from original commit. GRPO imports/CLI/tests updated. External consumers unknown."
samples/pretrain_140m_7b_v2/step_226000.txt,legacy/samples/pretrain_140m_7b_v2/step_226000.txt,4754d7403436adde11f5e85ec8f419ae969a8b8c,f075b871e54b6f95e689b6f6dd3472e3523ba59a723bf8811a76c141a3310712,Historical step samples paired with pretrain_140m run configs; not released 30-layer lineage.,"Reviewed configs/recorded run identities, CLI input/output behavior, imports and tests at 318bc90. Historical embedded paths frozen; replay from original commit. GRPO imports/CLI/tests updated. External consumers unknown."
samples/pretrain_140m_7b_v2/step_227000.txt,legacy/samples/pretrain_140m_7b_v2/step_227000.txt,d1d617c81e7708bb5643ef593f1203654c907f65,0642545c42d26e1ccb846ed6dbeb3c20d00c8e4ccaabd08e0056daa43b51d2a2,Historical step samples paired with pretrain_140m run configs; not released 30-layer lineage.,"Reviewed configs/recorded run identities, CLI input/output behavior, imports and tests at 318bc90. Historical embedded paths frozen; replay from original commit. GRPO imports/CLI/tests updated. External consumers unknown."
samples/pretrain_140m_7b_v2/step_228000.txt,legacy/samples/pretrain_140m_7b_v2/step_228000.txt,b93e65432e201c0e62cd0d03511e94066becccb1,503d794bb106d3cca5bc7176deb3298449526d80d5207b250aa4f123a7b0da8b,Historical step samples paired with pretrain_140m run configs; not released 30-layer lineage.,"Reviewed configs/recorded run identities, CLI input/output behavior, imports and tests at 318bc90. Historical embedded paths frozen; replay from original commit. GRPO imports/CLI/tests updated. External consumers unknown."
samples/pretrain_140m_7b_v2/step_229000.txt,legacy/samples/pretrain_140m_7b_v2/step_229000.txt,565fd603f05fff2bec36cf018cd9fbff294c93d7,c41c7bb2448b74465c446324f4373ec3b4119dfb3e709f53db7aa61d86e705f0,Historical step samples paired with pretrain_140m run configs; not released 30-layer lineage.,"Reviewed configs/recorded run identities, CLI input/output behavior, imports and tests at 318bc90. Historical embedded paths frozen; replay from original commit. GRPO imports/CLI/tests updated. External consumers unknown."
samples/pretrain_140m_7b_v2/step_230000.txt,legacy/samples/pretrain_140m_7b_v2/step_230000.txt,89f430158efbca5b48fe3663c8a571c0064c0c86,0dcef028b4f8bead639215c387bb3dc903e5139d0718a89342ffd2f409067597,Historical step samples paired with pretrain_140m run configs; not released 30-layer lineage.,"Reviewed configs/recorded run identities, CLI input/output behavior, imports and tests at 318bc90. Historical embedded paths frozen; replay from original commit. GRPO imports/CLI/tests updated. External consumers unknown."
samples/pretrain_140m_7b_v2/step_231000.txt,legacy/samples/pretrain_140m_7b_v2/step_231000.txt,2d228885190914a6b76602038857da39d8a0d5c2,59280a76568cd8fec5632970e40079cbb5996f859792b26019914f9945114e46,Historical step samples paired with pretrain_140m run configs; not released 30-layer lineage.,"Reviewed configs/recorded run identities, CLI input/output behavior, imports and tests at 318bc90. Historical embedded paths frozen; replay from original commit. GRPO imports/CLI/tests updated. External consumers unknown."
samples/pretrain_140m_7b_v2/step_232000.txt,legacy/samples/pretrain_140m_7b_v2/step_232000.txt,726f87aa4b252e6e3ff72ffe8e67e34160d70453,4f90d8fe343a8cd46658596281895be902e91456500b7967f70dc0b82883b71e,Historical step samples paired with pretrain_140m run configs; not released 30-layer lineage.,"Reviewed configs/recorded run identities, CLI input/output behavior, imports and tests at 318bc90. Historical embedded paths frozen; replay from original commit. GRPO imports/CLI/tests updated. External consumers unknown."
samples/pretrain_140m_7b_v2/step_233000.txt,legacy/samples/pretrain_140m_7b_v2/step_233000.txt,687d54274bb19e5c20c0364ed9bcea18085aba5b,7cc0e1defc9059efe7ba8d08b77f096120731e9731c7e3dbf6cb6da0e8013973,Historical step samples paired with pretrain_140m run configs; not released 30-layer lineage.,"Reviewed configs/recorded run identities, CLI input/output behavior, imports and tests at 318bc90. Historical embedded paths frozen; replay from original commit. GRPO imports/CLI/tests updated. External consumers unknown."
samples/pretrain_140m_7b_v2/step_234000.txt,legacy/samples/pretrain_140m_7b_v2/step_234000.txt,71568d402b8850eeea95286f6a2880c4026e9d51,84d3cbdd336d2d49606e70ad62af20ca328f2f5454476b9f21ab1d184ec03c83,Historical step samples paired with pretrain_140m run configs; not released 30-layer lineage.,"Reviewed configs/recorded run identities, CLI input/output behavior, imports and tests at 318bc90. Historical embedded paths frozen; replay from original commit. GRPO imports/CLI/tests updated. External consumers unknown."
samples/pretrain_140m_7b_v2/step_235000.txt,legacy/samples/pretrain_140m_7b_v2/step_235000.txt,b5ebb25a4398cd687cf4f1c01efa1b14936b7a2d,e77ca05b4ed4330a15434886ef80f6179096982ffd4dde665c3172420d381397,Historical step samples paired with pretrain_140m run configs; not released 30-layer lineage.,"Reviewed configs/recorded run identities, CLI input/output behavior, imports and tests at 318bc90. Historical embedded paths frozen; replay from original commit. GRPO imports/CLI/tests updated. External consumers unknown."
samples/pretrain_140m_7b_v2/step_236000.txt,legacy/samples/pretrain_140m_7b_v2/step_236000.txt,44096c18ec26de12bef39388283ad41a2ee34aa9,4d226fdc720583196853275a1a01cdbedfd6fe1e69a12f3f5438e1669438b0eb,Historical step samples paired with pretrain_140m run configs; not released 30-layer lineage.,"Reviewed configs/recorded run identities, CLI input/output behavior, imports and tests at 318bc90. Historical embedded paths frozen; replay from original commit. GRPO imports/CLI/tests updated. External consumers unknown."
samples/pretrain_140m_7b_v2/step_237000.txt,legacy/samples/pretrain_140m_7b_v2/step_237000.txt,5973a31f487cf42a6e50678e7647fe6a8eb9003e,9f22d7ba9c6b568cdb1e944cdfcdadf3d9bcf290e4795c59251b10b811d43244,Historical step samples paired with pretrain_140m run configs; not released 30-layer lineage.,"Reviewed configs/recorded run identities, CLI input/output behavior, imports and tests at 318bc90. Historical embedded paths frozen; replay from original commit. GRPO imports/CLI/tests updated. External consumers unknown."
samples/pretrain_140m_7b_v2/step_238000.txt,legacy/samples/pretrain_140m_7b_v2/step_238000.txt,b15fdb65dd40e8267447a0ce49f544414ee0431a,b55976199f9d5535fa49d915341271b854b35aa4c208e95b32b02bffc8419c13,Historical step samples paired with pretrain_140m run configs; not released 30-layer lineage.,"Reviewed configs/recorded run identities, CLI input/output behavior, imports and tests at 318bc90. Historical embedded paths frozen; replay from original commit. GRPO imports/CLI/tests updated. External consumers unknown."
samples/pretrain_140m_7b_v2/step_239000.txt,legacy/samples/pretrain_140m_7b_v2/step_239000.txt,12375186c42fdec79afa1c6e39b20957dd5c23b1,70a4253eee766f2a5231409668ec604450344e31fd4f541a03559ba2b987e31f,Historical step samples paired with pretrain_140m run configs; not released 30-layer lineage.,"Reviewed configs/recorded run identities, CLI input/output behavior, imports and tests at 318bc90. Historical embedded paths frozen; replay from original commit. GRPO imports/CLI/tests updated. External consumers unknown."
samples/pretrain_140m_7b_v2/step_240000.txt,legacy/samples/pretrain_140m_7b_v2/step_240000.txt,d0d252f131b2a7f6bf8591a823c41addc220e133,205c0bbb56c93140512194d869d914b433e1957cb99e7e8744762cdedd78d9ba,Historical step samples paired with pretrain_140m run configs; not released 30-layer lineage.,"Reviewed configs/recorded run identities, CLI input/output behavior, imports and tests at 318bc90. Historical embedded paths frozen; replay from original commit. GRPO imports/CLI/tests updated. External consumers unknown."
samples/pretrain_140m_7b_v2/step_241000.txt,legacy/samples/pretrain_140m_7b_v2/step_241000.txt,b76596cdabc77a394c38388ae352abbf2596e0db,27a5adce337b23fcd2da6e15c085683e87d9a9f53b20eae79d9a7e7d250503af,Historical step samples paired with pretrain_140m run configs; not released 30-layer lineage.,"Reviewed configs/recorded run identities, CLI input/output behavior, imports and tests at 318bc90. Historical embedded paths frozen; replay from original commit. GRPO imports/CLI/tests updated. External consumers unknown."
samples/pretrain_140m_7b_v2/step_242000.txt,legacy/samples/pretrain_140m_7b_v2/step_242000.txt,f11c1d91c6448ec50cba86b69182b6c177f3cb48,9e59d9cc158e78f613166f578546802ea3b605b6254cf76447f0489b1f2c45e4,Historical step samples paired with pretrain_140m run configs; not released 30-layer lineage.,"Reviewed configs/recorded run identities, CLI input/output behavior, imports and tests at 318bc90. Historical embedded paths frozen; replay from original commit. GRPO imports/CLI/tests updated. External consumers unknown."
samples/pretrain_140m_7b_v2/step_243000.txt,legacy/samples/pretrain_140m_7b_v2/step_243000.txt,975f2e4a62d3e083d06994ecaeacee90b8d5bbff,666417b67fb6c469510990d6c380651b3de79818de95dacc9a9b7946366d5c22,Historical step samples paired with pretrain_140m run configs; not released 30-layer lineage.,"Reviewed configs/recorded run identities, CLI input/output behavior, imports and tests at 318bc90. Historical embedded paths frozen; replay from original commit. GRPO imports/CLI/tests updated. External consumers unknown."
samples/pretrain_140m_7b_v2/step_244000.txt,legacy/samples/pretrain_140m_7b_v2/step_244000.txt,2d2146b53fb13cdae3fc8064c97b84923005a93b,54140d37c3223887f9abbf13132204d30d299c1a637c8223ad2f4802f864484a,Historical step samples paired with pretrain_140m run configs; not released 30-layer lineage.,"Reviewed configs/recorded run identities, CLI input/output behavior, imports and tests at 318bc90. Historical embedded paths frozen; replay from original commit. GRPO imports/CLI/tests updated. External consumers unknown."
samples/pretrain_140m_7b_v2/step_245000.txt,legacy/samples/pretrain_140m_7b_v2/step_245000.txt,d61ecbad1ac6ec5b6b4339aa768d06656c963c45,8849eecee8e911393c35049755be7287bc01710aff2372f3a3726c1920bb8063,Historical step samples paired with pretrain_140m run configs; not released 30-layer lineage.,"Reviewed configs/recorded run identities, CLI input/output behavior, imports and tests at 318bc90. Historical embedded paths frozen; replay from original commit. GRPO imports/CLI/tests updated. External consumers unknown."
samples/pretrain_140m_7b_v2/step_246000.txt,legacy/samples/pretrain_140m_7b_v2/step_246000.txt,cf6ea02b14db16e7783ab7c5faa928df9d9c928c,6883ec07996cd3182a065c49bdf46c6fd4d0ee56edf754b9d52d54f50d75063d,Historical step samples paired with pretrain_140m run configs; not released 30-layer lineage.,"Reviewed configs/recorded run identities, CLI input/output behavior, imports and tests at 318bc90. Historical embedded paths frozen; replay from original commit. GRPO imports/CLI/tests updated. External consumers unknown."
samples/pretrain_140m_7b_v2/step_247000.txt,legacy/samples/pretrain_140m_7b_v2/step_247000.txt,43c59b45043de82a1b23a1140a5cc2baa2e97a18,89bb4e463887249ff0569b884dc9ef4c3659c285390da0951127e03c30746acc,Historical step samples paired with pretrain_140m run configs; not released 30-layer lineage.,"Reviewed configs/recorded run identities, CLI input/output behavior, imports and tests at 318bc90. Historical embedded paths frozen; replay from original commit. GRPO imports/CLI/tests updated. External consumers unknown."
samples/pretrain_140m_7b_v2/step_248000.txt,legacy/samples/pretrain_140m_7b_v2/step_248000.txt,788c4e1287a0837c24800335a4e1f6f501a2e430,a7e40580b7221bc0f05c1c8f9706c5a51f8715ee5b4165c5b36d0f191ae2cc88,Historical step samples paired with pretrain_140m run configs; not released 30-layer lineage.,"Reviewed configs/recorded run identities, CLI input/output behavior, imports and tests at 318bc90. Historical embedded paths frozen; replay from original commit. GRPO imports/CLI/tests updated. External consumers unknown."
samples/pretrain_140m_7b_v2/step_249000.txt,legacy/samples/pretrain_140m_7b_v2/step_249000.txt,1f900dc23b59acea368908a30d74527b980f572e,c3934c5b33c67e3695c1aa971f300d02fb5c00b0f44f09ab9df4e1b6554c393f,Historical step samples paired with pretrain_140m run configs; not released 30-layer lineage.,"Reviewed configs/recorded run identities, CLI input/output behavior, imports and tests at 318bc90. Historical embedded paths frozen; replay from original commit. GRPO imports/CLI/tests updated. External consumers unknown."
samples/pretrain_140m_7b_v2/step_250000.txt,legacy/samples/pretrain_140m_7b_v2/step_250000.txt,5a568a77632427a7b8600c4bbe3fd09f9f7c2866,770dfc215a9575122337c66c16169d435526aeee7a896993372618dbe1b76b7e,Historical step samples paired with pretrain_140m run configs; not released 30-layer lineage.,"Reviewed configs/recorded run identities, CLI input/output behavior, imports and tests at 318bc90. Historical embedded paths frozen; replay from original commit. GRPO imports/CLI/tests updated. External consumers unknown."
samples/pretrain_140m_7b_v2/step_251000.txt,legacy/samples/pretrain_140m_7b_v2/step_251000.txt,147aeb839432ee4303f6cc0ad27c49878dbdc39a,120ae2977297918b38b53c1d29b12326021c1315567a49fa95307028be1a8d3e,Historical step samples paired with pretrain_140m run configs; not released 30-layer lineage.,"Reviewed configs/recorded run identities, CLI input/output behavior, imports and tests at 318bc90. Historical embedded paths frozen; replay from original commit. GRPO imports/CLI/tests updated. External consumers unknown."
samples/pretrain_140m_7b_v2/step_252000.txt,legacy/samples/pretrain_140m_7b_v2/step_252000.txt,225b99e76919a82c88f8a064908eae20c0049432,430a24664578659bfa36606e2c92812cac55237132572c36a7654ed44d00e10c,Historical step samples paired with pretrain_140m run configs; not released 30-layer lineage.,"Reviewed configs/recorded run identities, CLI input/output behavior, imports and tests at 318bc90. Historical embedded paths frozen; replay from original commit. GRPO imports/CLI/tests updated. External consumers unknown."
samples/pretrain_140m_7b_v2/step_253000.txt,legacy/samples/pretrain_140m_7b_v2/step_253000.txt,0ebe91fda8ab236b292793e39b3c4aaf8065ae27,875a5af130767b8852a913ca6e9d57807ee17bb2a0bf11dd212c058f622ccbcd,Historical step samples paired with pretrain_140m run configs; not released 30-layer lineage.,"Reviewed configs/recorded run identities, CLI input/output behavior, imports and tests at 318bc90. Historical embedded paths frozen; replay from original commit. GRPO imports/CLI/tests updated. External consumers unknown."
samples/pretrain_140m_7b_v2/step_254000.txt,legacy/samples/pretrain_140m_7b_v2/step_254000.txt,83ec8c499d0a947d1bedcc5efa40979bade3174d,7d0031adee59e11a47fb012a9470150bb7b08eef03626dd8bf67585ee124a300,Historical step samples paired with pretrain_140m run configs; not released 30-layer lineage.,"Reviewed configs/recorded run identities, CLI input/output behavior, imports and tests at 318bc90. Historical embedded paths frozen; replay from original commit. GRPO imports/CLI/tests updated. External consumers unknown."
samples/pretrain_140m_7b_v2/step_255000.txt,legacy/samples/pretrain_140m_7b_v2/step_255000.txt,7dc21e56e1e8932804d9797e12bdb12ff9c3d4fa,bbe4fc7014e970ba1d17f01af612e50a1c9ca9bced1e96ce1cb7ddad10972037,Historical step samples paired with pretrain_140m run configs; not released 30-layer lineage.,"Reviewed configs/recorded run identities, CLI input/output behavior, imports and tests at 318bc90. Historical embedded paths frozen; replay from original commit. GRPO imports/CLI/tests updated. External consumers unknown."
samples/pretrain_140m_7b_v2/step_256000.txt,legacy/samples/pretrain_140m_7b_v2/step_256000.txt,ee09cfdbf7cefa552dc0db4375222779c4b478a8,604a161c8f2e85436d8bb853dfd00a74568f4b3c39abde97708901ccee4de80a,Historical step samples paired with pretrain_140m run configs; not released 30-layer lineage.,"Reviewed configs/recorded run identities, CLI input/output behavior, imports and tests at 318bc90. Historical embedded paths frozen; replay from original commit. GRPO imports/CLI/tests updated. External consumers unknown."
samples/pretrain_140m_7b_v2/step_257000.txt,legacy/samples/pretrain_140m_7b_v2/step_257000.txt,43ea34b2fd97f6fdcec88985264f4a38a4a6a784,6ba2358cfddcd80d72743b5fd95f472568a5dd04bf28271e703f599d8000512b,Historical step samples paired with pretrain_140m run configs; not released 30-layer lineage.,"Reviewed configs/recorded run identities, CLI input/output behavior, imports and tests at 318bc90. Historical embedded paths frozen; replay from original commit. GRPO imports/CLI/tests updated. External consumers unknown."
samples/pretrain_140m_7b_v2/step_258000.txt,legacy/samples/pretrain_140m_7b_v2/step_258000.txt,baffc69a4f606436efa8f1ddbaf0fab107fa0b50,5f2e8f0863f1e6c76c70347f55d791c2baf226bccf1c3bdb6a62d6bacb06c692,Historical step samples paired with pretrain_140m run configs; not released 30-layer lineage.,"Reviewed configs/recorded run identities, CLI input/output behavior, imports and tests at 318bc90. Historical embedded paths frozen; replay from original commit. GRPO imports/CLI/tests updated. External consumers unknown."
samples/pretrain_140m_7b_v2/step_259000.txt,legacy/samples/pretrain_140m_7b_v2/step_259000.txt,9c581171d5bca5073132b3d97eaac28a5cd2c5c9,25d3e798978a30ea04bf4d5b84f33e109a02f7e262ee4f52771b6226e2d42ec5,Historical step samples paired with pretrain_140m run configs; not released 30-layer lineage.,"Reviewed configs/recorded run identities, CLI input/output behavior, imports and tests at 318bc90. Historical embedded paths frozen; replay from original commit. GRPO imports/CLI/tests updated. External consumers unknown."
samples/pretrain_140m_7b_v2/step_260000.txt,legacy/samples/pretrain_140m_7b_v2/step_260000.txt,16911d5830176602978ae6b38894a45912646867,408178bf8cc345550c9864d69fdaae381aa44a3bafe6a817fe610d167a3614b9,Historical step samples paired with pretrain_140m run configs; not released 30-layer lineage.,"Reviewed configs/recorded run identities, CLI input/output behavior, imports and tests at 318bc90. Historical embedded paths frozen; replay from original commit. GRPO imports/CLI/tests updated. External consumers unknown."
samples/pretrain_140m_7b_v2/step_261000.txt,legacy/samples/pretrain_140m_7b_v2/step_261000.txt,bf9160398f9b9cf7d3efd9d646bdd5f755d9ca09,5d4ddb962248fdb8f76c2258c702aa0afd0116da1a4f41bce457d714b74a5511,Historical step samples paired with pretrain_140m run configs; not released 30-layer lineage.,"Reviewed configs/recorded run identities, CLI input/output behavior, imports and tests at 318bc90. Historical embedded paths frozen; replay from original commit. GRPO imports/CLI/tests updated. External consumers unknown."
samples/pretrain_140m_7b_v2/step_262000.txt,legacy/samples/pretrain_140m_7b_v2/step_262000.txt,fce6ac05a0eb8ec1a8748e1c04f93d1bbe63f3e0,10c82a75b83d0a8202faa39d8e4ab6b78f68267d267a2da00e738e4e9d4ca877,Historical step samples paired with pretrain_140m run configs; not released 30-layer lineage.,"Reviewed configs/recorded run identities, CLI input/output behavior, imports and tests at 318bc90. Historical embedded paths frozen; replay from original commit. GRPO imports/CLI/tests updated. External consumers unknown."
samples/pretrain_140m_7b_v2/step_263000.txt,legacy/samples/pretrain_140m_7b_v2/step_263000.txt,bc45af647696ff4c17f771b703c12278374a4cf5,55ce69017425f54d696921bf87226b2e266dd84707f9f8f2d75ce9ad9e12d989,Historical step samples paired with pretrain_140m run configs; not released 30-layer lineage.,"Reviewed configs/recorded run identities, CLI input/output behavior, imports and tests at 318bc90. Historical embedded paths frozen; replay from original commit. GRPO imports/CLI/tests updated. External consumers unknown."
samples/pretrain_140m_7b_v2/step_264000.txt,legacy/samples/pretrain_140m_7b_v2/step_264000.txt,1bf650980b1171bf70fb9d92f29cf59b8ae1de3d,77008eda6d5b01d2372094585604441c4636ab9d1b27287256b318c05c663167,Historical step samples paired with pretrain_140m run configs; not released 30-layer lineage.,"Reviewed configs/recorded run identities, CLI input/output behavior, imports and tests at 318bc90. Historical embedded paths frozen; replay from original commit. GRPO imports/CLI/tests updated. External consumers unknown."
samples/pretrain_140m_7b_v2/step_265000.txt,legacy/samples/pretrain_140m_7b_v2/step_265000.txt,96e56cc4546c323c71c0ddc297242e0e992c4a9c,98db832ae503936c41bb4d4d105c40d572f607eda3ff449f939b4716b2c6c86e,Historical step samples paired with pretrain_140m run configs; not released 30-layer lineage.,"Reviewed configs/recorded run identities, CLI input/output behavior, imports and tests at 318bc90. Historical embedded paths frozen; replay from original commit. GRPO imports/CLI/tests updated. External consumers unknown."
samples/pretrain_140m_7b_v2/step_266000.txt,legacy/samples/pretrain_140m_7b_v2/step_266000.txt,3d721c97c2882bdbbc749588e33889c04c9e3359,972d968bb4a71bfe7590e3d1b17cf7f530b8a9b9b14a482ecb4616162d4b0a1a,Historical step samples paired with pretrain_140m run configs; not released 30-layer lineage.,"Reviewed configs/recorded run identities, CLI input/output behavior, imports and tests at 318bc90. Historical embedded paths frozen; replay from original commit. GRPO imports/CLI/tests updated. External consumers unknown."
samples/pretrain_140m_7b_v2/step_267000.txt,legacy/samples/pretrain_140m_7b_v2/step_267000.txt,aebeed2b7a0f3742960bcaadfe24426061fcfaa8,5dbd0c1c3e1aa768746ae37a03b823640be687a6cc3353449bb69cc254e10b90,Historical step samples paired with pretrain_140m run configs; not released 30-layer lineage.,"Reviewed configs/recorded run identities, CLI input/output behavior, imports and tests at 318bc90. Historical embedded paths frozen; replay from original commit. GRPO imports/CLI/tests updated. External consumers unknown."
samples/pretrain_140m_7b_v2/step_268000.txt,legacy/samples/pretrain_140m_7b_v2/step_268000.txt,83c92c13de413538a28966e923f30b95dc9fb632,c8eb092ca887034179d8ef283699c08f718d7050a34b1db748421cc87acc9748,Historical step samples paired with pretrain_140m run configs; not released 30-layer lineage.,"Reviewed configs/recorded run identities, CLI input/output behavior, imports and tests at 318bc90. Historical embedded paths frozen; replay from original commit. GRPO imports/CLI/tests updated. External consumers unknown."
samples/pretrain_140m_7b_v2/step_269000.txt,legacy/samples/pretrain_140m_7b_v2/step_269000.txt,e5ccccad68bee8e45928e6b4f76f3c9f6386706c,99f12ce06f05216fb7839450ab02622db9bb3b0dc88cf1e261f56b62f04682e8,Historical step samples paired with pretrain_140m run configs; not released 30-layer lineage.,"Reviewed configs/recorded run identities, CLI input/output behavior, imports and tests at 318bc90. Historical embedded paths frozen; replay from original commit. GRPO imports/CLI/tests updated. External consumers unknown."
samples/pretrain_140m_7b_v2/step_270000.txt,legacy/samples/pretrain_140m_7b_v2/step_270000.txt,2819a376d87af9c32fbde3a71e507ba6197ecbe0,7fef30ee01500d2c172b7fd56834e931aadd3e19d975bf74efa0a0b078ce2c4a,Historical step samples paired with pretrain_140m run configs; not released 30-layer lineage.,"Reviewed configs/recorded run identities, CLI input/output behavior, imports and tests at 318bc90. Historical embedded paths frozen; replay from original commit. GRPO imports/CLI/tests updated. External consumers unknown."
samples/pretrain_140m_7b_v2/step_271000.txt,legacy/samples/pretrain_140m_7b_v2/step_271000.txt,81c8ecb10d57c55e509a11ff525b2e909baaa49f,f21401300f7c19ee9a167d6ce8e0f7d7a9c70fc5a54539ccdccf55b2965ba4e2,Historical step samples paired with pretrain_140m run configs; not released 30-layer lineage.,"Reviewed configs/recorded run identities, CLI input/output behavior, imports and tests at 318bc90. Historical embedded paths frozen; replay from original commit. GRPO imports/CLI/tests updated. External consumers unknown."
samples/pretrain_140m_7b_v2/step_272000.txt,legacy/samples/pretrain_140m_7b_v2/step_272000.txt,c7043a386c8b77acf8053daed1d5422c5de43944,0a90859750f5eee88e0e58ec4ae771afd9b99b53447332908c6c88fdec268cc6,Historical step samples paired with pretrain_140m run configs; not released 30-layer lineage.,"Reviewed configs/recorded run identities, CLI input/output behavior, imports and tests at 318bc90. Historical embedded paths frozen; replay from original commit. GRPO imports/CLI/tests updated. External consumers unknown."
samples/pretrain_140m_7b_v2/step_273000.txt,legacy/samples/pretrain_140m_7b_v2/step_273000.txt,d91fa5e7c867784ff8fd306c5c1b3352e1823bb3,44ccd43f950a351d24cb797dce8f6e2bf61b70df65378e25ae6558b39439b628,Historical step samples paired with pretrain_140m run configs; not released 30-layer lineage.,"Reviewed configs/recorded run identities, CLI input/output behavior, imports and tests at 318bc90. Historical embedded paths frozen; replay from original commit. GRPO imports/CLI/tests updated. External consumers unknown."
samples/pretrain_140m_7b_v2/step_274000.txt,legacy/samples/pretrain_140m_7b_v2/step_274000.txt,5919b5593ed189061528225348a1ea04e5a7491c,225f7dfe7aa0d81f516c731947d5c8762b8b6de3384eee80597b251e480cbb87,Historical step samples paired with pretrain_140m run configs; not released 30-layer lineage.,"Reviewed configs/recorded run identities, CLI input/output behavior, imports and tests at 318bc90. Historical embedded paths frozen; replay from original commit. GRPO imports/CLI/tests updated. External consumers unknown."
samples/pretrain_140m_7b_v2/step_275000.txt,legacy/samples/pretrain_140m_7b_v2/step_275000.txt,68bb34a1c13973f6969d0e3f97ad20dfcd90f5bf,c0301c2d36d96f1ae42940fadad47e2125c29823933f7d04595bc7f27a497cd3,Historical step samples paired with pretrain_140m run configs; not released 30-layer lineage.,"Reviewed configs/recorded run identities, CLI input/output behavior, imports and tests at 318bc90. Historical embedded paths frozen; replay from original commit. GRPO imports/CLI/tests updated. External consumers unknown."
samples/pretrain_140m_7b_v2/step_276000.txt,legacy/samples/pretrain_140m_7b_v2/step_276000.txt,2a36bb5fd5425050856193a6c9961a566de9f0ad,81ba1557d56c95457f1b72fdb150ee8a4f85eccbbb935776b3eac47764dec723,Historical step samples paired with pretrain_140m run configs; not released 30-layer lineage.,"Reviewed configs/recorded run identities, CLI input/output behavior, imports and tests at 318bc90. Historical embedded paths frozen; replay from original commit. GRPO imports/CLI/tests updated. External consumers unknown."
samples/pretrain_140m_7b_v2/step_277000.txt,legacy/samples/pretrain_140m_7b_v2/step_277000.txt,e984ea4b3ac5da17c4ef2434a9d9316a19066b36,dfc70aa8aa3fb24a004a5f586d66397f48af32cc45c85e025ef089fac984fa55,Historical step samples paired with pretrain_140m run configs; not released 30-layer lineage.,"Reviewed configs/recorded run identities, CLI input/output behavior, imports and tests at 318bc90. Historical embedded paths frozen; replay from original commit. GRPO imports/CLI/tests updated. External consumers unknown."
samples/pretrain_140m_7b_v2/step_278000.txt,legacy/samples/pretrain_140m_7b_v2/step_278000.txt,35f32122e5ac77a502ad034f4255c134843f489b,9d87493dd66f215d800b357cf64ffa4f5e962052369658c1e5e11666f515abb3,Historical step samples paired with pretrain_140m run configs; not released 30-layer lineage.,"Reviewed configs/recorded run identities, CLI input/output behavior, imports and tests at 318bc90. Historical embedded paths frozen; replay from original commit. GRPO imports/CLI/tests updated. External consumers unknown."
samples/pretrain_140m_7b_v2/step_279000.txt,legacy/samples/pretrain_140m_7b_v2/step_279000.txt,0560f921ab3500ded2e0ea9db857c621e2bffb82,f677a9717b60849af2a66c176121e4496f09d0f3160d7401ebeb80c30c182173,Historical step samples paired with pretrain_140m run configs; not released 30-layer lineage.,"Reviewed configs/recorded run identities, CLI input/output behavior, imports and tests at 318bc90. Historical embedded paths frozen; replay from original commit. GRPO imports/CLI/tests updated. External consumers unknown."
samples/pretrain_140m_7b_v2/step_280000.txt,legacy/samples/pretrain_140m_7b_v2/step_280000.txt,cd073e6cd5022f9d1c84ffc62e1b1c4fd6d6ac46,a7c2809ab74d09dcee85196452efb1fde6ccbc617ad0700df25778926fd6b4bf,Historical step samples paired with pretrain_140m run configs; not released 30-layer lineage.,"Reviewed configs/recorded run identities, CLI input/output behavior, imports and tests at 318bc90. Historical embedded paths frozen; replay from original commit. GRPO imports/CLI/tests updated. External consumers unknown."
samples/pretrain_140m_7b_v2/step_281000.txt,legacy/samples/pretrain_140m_7b_v2/step_281000.txt,8d8f63990952bcbef5684afaad91bcfb9850d6e9,73f000e78965face9d8e68ce0b187c0f1155bc8ff759a953142336a3d690633d,Historical step samples paired with pretrain_140m run configs; not released 30-layer lineage.,"Reviewed configs/recorded run identities, CLI input/output behavior, imports and tests at 318bc90. Historical embedded paths frozen; replay from original commit. GRPO imports/CLI/tests updated. External consumers unknown."
samples/pretrain_140m_7b_v2/step_282000.txt,legacy/samples/pretrain_140m_7b_v2/step_282000.txt,4748f7d643306bff03d729077f8a9077d2aa65a6,a9bbea118f0ed00a1436ec5d5ec6fa6d6bc3e820b31d7e4413d27b91c72f61ae,Historical step samples paired with pretrain_140m run configs; not released 30-layer lineage.,"Reviewed configs/recorded run identities, CLI input/output behavior, imports and tests at 318bc90. Historical embedded paths frozen; replay from original commit. GRPO imports/CLI/tests updated. External consumers unknown."
samples/pretrain_140m_7b_v2/step_283000.txt,legacy/samples/pretrain_140m_7b_v2/step_283000.txt,9a0ce77e287e3c80c1e62e0e8cc62280e0acadd5,c25759338aae0025238954e0dd462b06ca894f2760ee453fd11d5e190105ce2e,Historical step samples paired with pretrain_140m run configs; not released 30-layer lineage.,"Reviewed configs/recorded run identities, CLI input/output behavior, imports and tests at 318bc90. Historical embedded paths frozen; replay from original commit. GRPO imports/CLI/tests updated. External consumers unknown."
samples/pretrain_140m_7b_v2/step_284000.txt,legacy/samples/pretrain_140m_7b_v2/step_284000.txt,f9436158076a92c3c4f586d2b4d17c0ab1ccd2f3,bc8011999cfee15185d21bba13ad3dbef7cfcbaf736ce92cc7f050a7b732a93f,Historical step samples paired with pretrain_140m run configs; not released 30-layer lineage.,"Reviewed configs/recorded run identities, CLI input/output behavior, imports and tests at 318bc90. Historical embedded paths frozen; replay from original commit. GRPO imports/CLI/tests updated. External consumers unknown."
samples/pretrain_140m_7b_v2/step_285000.txt,legacy/samples/pretrain_140m_7b_v2/step_285000.txt,b1242eba9d02e014c85deb5957fbcb92385cfd1a,3816b4f4e286bb46a89350a077e826561212dc157016fb84b3c083af3ba6d35f,Historical step samples paired with pretrain_140m run configs; not released 30-layer lineage.,"Reviewed configs/recorded run identities, CLI input/output behavior, imports and tests at 318bc90. Historical embedded paths frozen; replay from original commit. GRPO imports/CLI/tests updated. External consumers unknown."
samples/pretrain_140m_7b_v2/step_286000.txt,legacy/samples/pretrain_140m_7b_v2/step_286000.txt,cac1e68cc0ac321a80ea2d5717d9899a1a4261ae,7a1d6c76092ae6594aec8b84795175e1e540fb7e4e27bddfa56a6d1caff9a024,Historical step samples paired with pretrain_140m run configs; not released 30-layer lineage.,"Reviewed configs/recorded run identities, CLI input/output behavior, imports and tests at 318bc90. Historical embedded paths frozen; replay from original commit. GRPO imports/CLI/tests updated. External consumers unknown."
samples/pretrain_140m_7b_v2/step_287000.txt,legacy/samples/pretrain_140m_7b_v2/step_287000.txt,0ec723b2b8a1737f263df316f17ca53393574dfb,7a98c8b9d7eed2d36a67df431acb2be0613a7faf05a3c4602aeeb0382167e7db,Historical step samples paired with pretrain_140m run configs; not released 30-layer lineage.,"Reviewed configs/recorded run identities, CLI input/output behavior, imports and tests at 318bc90. Historical embedded paths frozen; replay from original commit. GRPO imports/CLI/tests updated. External consumers unknown."
samples/pretrain_140m_7b_v2/step_288000.txt,legacy/samples/pretrain_140m_7b_v2/step_288000.txt,8c62b035c7403ae2447d23ebc9292a453547670b,d3c56f0bfc1e40ada0b2a04878b0d24e67ff615cc2f42c21864a2280680e626c,Historical step samples paired with pretrain_140m run configs; not released 30-layer lineage.,"Reviewed configs/recorded run identities, CLI input/output behavior, imports and tests at 318bc90. Historical embedded paths frozen; replay from original commit. GRPO imports/CLI/tests updated. External consumers unknown."
samples/pretrain_140m_7b_v2/step_289000.txt,legacy/samples/pretrain_140m_7b_v2/step_289000.txt,2f88ab9a3a69f7ad4a1afe954380be4583f35c9e,fc30e906b46211d9426ab418b5c8088870a82b45cdceef9d873c1e900745c18e,Historical step samples paired with pretrain_140m run configs; not released 30-layer lineage.,"Reviewed configs/recorded run identities, CLI input/output behavior, imports and tests at 318bc90. Historical embedded paths frozen; replay from original commit. GRPO imports/CLI/tests updated. External consumers unknown."
samples/pretrain_140m_7b_v2/step_290000.txt,legacy/samples/pretrain_140m_7b_v2/step_290000.txt,7bae3302f848c9b4ab5f001660bc9dc345d5d759,30c8cdb8c1e31f6f4488c5136edf55248ead4aa42f5ce835575295c245dc388a,Historical step samples paired with pretrain_140m run configs; not released 30-layer lineage.,"Reviewed configs/recorded run identities, CLI input/output behavior, imports and tests at 318bc90. Historical embedded paths frozen; replay from original commit. GRPO imports/CLI/tests updated. External consumers unknown."
samples/pretrain_140m_7b_v2/step_291000.txt,legacy/samples/pretrain_140m_7b_v2/step_291000.txt,ee648237e4925f9d643dc4cc581c8b41d04dad04,740ea1d7b019e614fc76fce815d0db328e0528a29c5aaff83ff1d170284ce538,Historical step samples paired with pretrain_140m run configs; not released 30-layer lineage.,"Reviewed configs/recorded run identities, CLI input/output behavior, imports and tests at 318bc90. Historical embedded paths frozen; replay from original commit. GRPO imports/CLI/tests updated. External consumers unknown."
samples/pretrain_140m_7b_v2/step_292000.txt,legacy/samples/pretrain_140m_7b_v2/step_292000.txt,b21138f08fbd77f79a31985a5d55b80f7c7d85a8,1785056d349ad3712f6f15f79403dfe051e88b1a3dff4c480927c4ab2a258394,Historical step samples paired with pretrain_140m run configs; not released 30-layer lineage.,"Reviewed configs/recorded run identities, CLI input/output behavior, imports and tests at 318bc90. Historical embedded paths frozen; replay from original commit. GRPO imports/CLI/tests updated. External consumers unknown."
samples/pretrain_140m_7b_v2/step_293000.txt,legacy/samples/pretrain_140m_7b_v2/step_293000.txt,7836863ce25c8bd985961609510ecb85bb0f27e3,44225c22c09076c80cf4b023af79fe525300b4cf92466ece62131ddaf3629ce3,Historical step samples paired with pretrain_140m run configs; not released 30-layer lineage.,"Reviewed configs/recorded run identities, CLI input/output behavior, imports and tests at 318bc90. Historical embedded paths frozen; replay from original commit. GRPO imports/CLI/tests updated. External consumers unknown."
samples/pretrain_140m_7b_v2/step_294000.txt,legacy/samples/pretrain_140m_7b_v2/step_294000.txt,dcf4284d6a69f0c44caa9439206f87fb93197a08,f7447ab3640411a838c09f6a4647aac04cc4d8c7884fa32b95f5461085f05b4d,Historical step samples paired with pretrain_140m run configs; not released 30-layer lineage.,"Reviewed configs/recorded run identities, CLI input/output behavior, imports and tests at 318bc90. Historical embedded paths frozen; replay from original commit. GRPO imports/CLI/tests updated. External consumers unknown."
samples/pretrain_140m_7b_v2/step_295000.txt,legacy/samples/pretrain_140m_7b_v2/step_295000.txt,0c90ad836e9f7172d46eadc28db3cb55932f79e3,9ef49e83d8cf2015c15a593174420c46e761072520ddfd2e5efc04860e69a4a1,Historical step samples paired with pretrain_140m run configs; not released 30-layer lineage.,"Reviewed configs/recorded run identities, CLI input/output behavior, imports and tests at 318bc90. Historical embedded paths frozen; replay from original commit. GRPO imports/CLI/tests updated. External consumers unknown."
samples/pretrain_140m_7b_v2/step_296000.txt,legacy/samples/pretrain_140m_7b_v2/step_296000.txt,36aa6bd5b8936e9e4ff6500aa1a8bd24c5736a8e,9f3c0d4759d2c8823f7bf9c7b3ae7977cc1cfcf7edc5f0c8eafd1215f43507a7,Historical step samples paired with pretrain_140m run configs; not released 30-layer lineage.,"Reviewed configs/recorded run identities, CLI input/output behavior, imports and tests at 318bc90. Historical embedded paths frozen; replay from original commit. GRPO imports/CLI/tests updated. External consumers unknown."
samples/pretrain_140m_7b_v2/step_297000.txt,legacy/samples/pretrain_140m_7b_v2/step_297000.txt,9ee1ef56c30e1a27a9621d47154215c43107eb69,ee750775049a2c1a807945618764030c968d39c8c27c4037afa48a4111ef42a0,Historical step samples paired with pretrain_140m run configs; not released 30-layer lineage.,"Reviewed configs/recorded run identities, CLI input/output behavior, imports and tests at 318bc90. Historical embedded paths frozen; replay from original commit. GRPO imports/CLI/tests updated. External consumers unknown."
samples/pretrain_140m_7b_v2/step_298000.txt,legacy/samples/pretrain_140m_7b_v2/step_298000.txt,d9d34c44c1e999fe2cee69c8ad14c56ac0095900,75e104959fbdeb497909d0e98ae50465f22f7e9507faa4c3f750271ce7c9a717,Historical step samples paired with pretrain_140m run configs; not released 30-layer lineage.,"Reviewed configs/recorded run identities, CLI input/output behavior, imports and tests at 318bc90. Historical embedded paths frozen; replay from original commit. GRPO imports/CLI/tests updated. External consumers unknown."
samples/pretrain_140m_7b_v2/step_299000.txt,legacy/samples/pretrain_140m_7b_v2/step_299000.txt,bb50d0f16390d96c067efa712ba36504e119d25c,49e062e6d08e3b4fc3273705449ca3beb07c6a22866f8a9664a98217121ee54b,Historical step samples paired with pretrain_140m run configs; not released 30-layer lineage.,"Reviewed configs/recorded run identities, CLI input/output behavior, imports and tests at 318bc90. Historical embedded paths frozen; replay from original commit. GRPO imports/CLI/tests updated. External consumers unknown."
samples/pretrain_140m_7b_v2/step_300000.txt,legacy/samples/pretrain_140m_7b_v2/step_300000.txt,37edd0ad6c50d590ed0e94687dbb441ec960eb76,c97f5eb2fbe14bb4c139c3d06f407290dc7d6c7b51eeb005db61424f16bbf7de,Historical step samples paired with pretrain_140m run configs; not released 30-layer lineage.,"Reviewed configs/recorded run identities, CLI input/output behavior, imports and tests at 318bc90. Historical embedded paths frozen; replay from original commit. GRPO imports/CLI/tests updated. External consumers unknown."
samples/pretrain_140m_7b_v2/step_301000.txt,legacy/samples/pretrain_140m_7b_v2/step_301000.txt,2c3d65fc0af0a064e0bfda1e0acecc6e09a5b9e5,3639288eb8db226a7e80380eb31e2c041233df189ee64eaa26f198d17d86e37d,Historical step samples paired with pretrain_140m run configs; not released 30-layer lineage.,"Reviewed configs/recorded run identities, CLI input/output behavior, imports and tests at 318bc90. Historical embedded paths frozen; replay from original commit. GRPO imports/CLI/tests updated. External consumers unknown."
samples/pretrain_140m_7b_v2/step_302000.txt,legacy/samples/pretrain_140m_7b_v2/step_302000.txt,2cab408a3f05defafab7f8ad8ebb1618f7f6352c,9c6a4a9faafb0bc069f9ff88866752ff2efdb778854c2f5713299154c2752bb1,Historical step samples paired with pretrain_140m run configs; not released 30-layer lineage.,"Reviewed configs/recorded run identities, CLI input/output behavior, imports and tests at 318bc90. Historical embedded paths frozen; replay from original commit. GRPO imports/CLI/tests updated. External consumers unknown."
samples/pretrain_140m_7b_v2/step_303000.txt,legacy/samples/pretrain_140m_7b_v2/step_303000.txt,311bdc9cfbd88b5213e325bc99a7a42608c617da,c0c073a0d7a46d4e8f39c2dc60a450b6b5c2dd39a6385fef503126d899690f22,Historical step samples paired with pretrain_140m run configs; not released 30-layer lineage.,"Reviewed configs/recorded run identities, CLI input/output behavior, imports and tests at 318bc90. Historical embedded paths frozen; replay from original commit. GRPO imports/CLI/tests updated. External consumers unknown."
samples/pretrain_140m_7b_v2/step_304000.txt,legacy/samples/pretrain_140m_7b_v2/step_304000.txt,835ce58ba569b0f34dc3d3239f49d201add82f19,656bbeaf3a3cd6ea1a4f9c33cd2f9d0fe795be8992921e5ab108743063c92208,Historical step samples paired with pretrain_140m run configs; not released 30-layer lineage.,"Reviewed configs/recorded run identities, CLI input/output behavior, imports and tests at 318bc90. Historical embedded paths frozen; replay from original commit. GRPO imports/CLI/tests updated. External consumers unknown."
samples/pretrain_140m_7b_v2/step_305000.txt,legacy/samples/pretrain_140m_7b_v2/step_305000.txt,41618fc9dce548de04f34285586fdce79ccac186,f11d06b3ecdc20123c06a5040c23ae5214f725dbccab8c0eb21968c35292491b,Historical step samples paired with pretrain_140m run configs; not released 30-layer lineage.,"Reviewed configs/recorded run identities, CLI input/output behavior, imports and tests at 318bc90. Historical embedded paths frozen; replay from original commit. GRPO imports/CLI/tests updated. External consumers unknown."
samples/pretrain_140m_7b_v2/step_306000.txt,legacy/samples/pretrain_140m_7b_v2/step_306000.txt,7b2b12ffd930d6d08833a67c997bf8212f334b69,f65024dd9696919550947f66c53b23058f0b88d481eedca4d0c3eb9270c2d372,Historical step samples paired with pretrain_140m run configs; not released 30-layer lineage.,"Reviewed configs/recorded run identities, CLI input/output behavior, imports and tests at 318bc90. Historical embedded paths frozen; replay from original commit. GRPO imports/CLI/tests updated. External consumers unknown."
samples/pretrain_140m_7b_v2/step_307000.txt,legacy/samples/pretrain_140m_7b_v2/step_307000.txt,161cf7d6c33d59f76548064562c12db490961fc4,e24f9ec09da7a8d8ea072766ebead5dba89a383e3a621188adb39b4655c505e5,Historical step samples paired with pretrain_140m run configs; not released 30-layer lineage.,"Reviewed configs/recorded run identities, CLI input/output behavior, imports and tests at 318bc90. Historical embedded paths frozen; replay from original commit. GRPO imports/CLI/tests updated. External consumers unknown."
samples/pretrain_140m_7b_v2/step_308000.txt,legacy/samples/pretrain_140m_7b_v2/step_308000.txt,bb600d87b70bcfa44ba3b3ec37a51d13e007459a,41bb4f8c835c205dfa230f316e363da8251c31d77340582aa52fa61ecb215088,Historical step samples paired with pretrain_140m run configs; not released 30-layer lineage.,"Reviewed configs/recorded run identities, CLI input/output behavior, imports and tests at 318bc90. Historical embedded paths frozen; replay from original commit. GRPO imports/CLI/tests updated. External consumers unknown."
samples/pretrain_140m_7b_v2/step_309000.txt,legacy/samples/pretrain_140m_7b_v2/step_309000.txt,1ab76cd3eb1f01085c8df10cce66c1285ff9c796,55f5b963e9919e8a2657b97f2d92b466aeda62af9395a40a0d3ed899a1e3bb06,Historical step samples paired with pretrain_140m run configs; not released 30-layer lineage.,"Reviewed configs/recorded run identities, CLI input/output behavior, imports and tests at 318bc90. Historical embedded paths frozen; replay from original commit. GRPO imports/CLI/tests updated. External consumers unknown."
samples/pretrain_140m_7b_v2/step_310000.txt,legacy/samples/pretrain_140m_7b_v2/step_310000.txt,58406afbe1445f89571697871831b4f076a3b6c1,fa073d02138f12ed3ae869bd0aa7b0e3ebfe7aabb4eddfddd324bc8ff94dfdc4,Historical step samples paired with pretrain_140m run configs; not released 30-layer lineage.,"Reviewed configs/recorded run identities, CLI input/output behavior, imports and tests at 318bc90. Historical embedded paths frozen; replay from original commit. GRPO imports/CLI/tests updated. External consumers unknown."
samples/pretrain_140m_7b_v2/step_311000.txt,legacy/samples/pretrain_140m_7b_v2/step_311000.txt,06892bd57f591372cb94b2210fbbf9aa17005ae3,de4bad0ab088bf7338dbb79f65eebdb5c932487e9df586db867ce424fc4b6015,Historical step samples paired with pretrain_140m run configs; not released 30-layer lineage.,"Reviewed configs/recorded run identities, CLI input/output behavior, imports and tests at 318bc90. Historical embedded paths frozen; replay from original commit. GRPO imports/CLI/tests updated. External consumers unknown."
samples/pretrain_140m_7b_v2/step_312000.txt,legacy/samples/pretrain_140m_7b_v2/step_312000.txt,749cc7ed84151f799d1460a7380df272dfa2f2ea,a8b6c758969d3e0bab0df9210ae3ef0a54c0b2836208007af444b328a7093a06,Historical step samples paired with pretrain_140m run configs; not released 30-layer lineage.,"Reviewed configs/recorded run identities, CLI input/output behavior, imports and tests at 318bc90. Historical embedded paths frozen; replay from original commit. GRPO imports/CLI/tests updated. External consumers unknown."
samples/pretrain_140m_7b_v2/step_313000.txt,legacy/samples/pretrain_140m_7b_v2/step_313000.txt,682111e8bf338b9f7ae209cf40d78c6d8e80617c,f03b88687364d27a893ca95011ddbb9e9b2f7ac763d3450dd2f2fdf5163bb10c,Historical step samples paired with pretrain_140m run configs; not released 30-layer lineage.,"Reviewed configs/recorded run identities, CLI input/output behavior, imports and tests at 318bc90. Historical embedded paths frozen; replay from original commit. GRPO imports/CLI/tests updated. External consumers unknown."
samples/pretrain_140m_7b_v2/step_314000.txt,legacy/samples/pretrain_140m_7b_v2/step_314000.txt,b5728e7a9390c6fedc7bc829a4762b7a263fb97b,03cea480d40afdb594da6dea21834cc88e7f2a97fdb732b85e184f7a2bff72d4,Historical step samples paired with pretrain_140m run configs; not released 30-layer lineage.,"Reviewed configs/recorded run identities, CLI input/output behavior, imports and tests at 318bc90. Historical embedded paths frozen; replay from original commit. GRPO imports/CLI/tests updated. External consumers unknown."
samples/pretrain_140m_7b_v2/step_315000.txt,legacy/samples/pretrain_140m_7b_v2/step_315000.txt,4cf02e6f0156395d950c457f3fb6ba0cb287adde,82a09b2941f6d2b982c6df5de8005a3d7e7d4c7c58067953aa8ae5426a9cd5ce,Historical step samples paired with pretrain_140m run configs; not released 30-layer lineage.,"Reviewed configs/recorded run identities, CLI input/output behavior, imports and tests at 318bc90. Historical embedded paths frozen; replay from original commit. GRPO imports/CLI/tests updated. External consumers unknown."
samples/pretrain_140m_7b_v2/step_316000.txt,legacy/samples/pretrain_140m_7b_v2/step_316000.txt,1206da4ed451df1c7de1d0d047a0153e784bc9ef,39c2b872f3ed0ceceaa9ae19d0900696338c6f51505efed2c7e8b64d4a2f9288,Historical step samples paired with pretrain_140m run configs; not released 30-layer lineage.,"Reviewed configs/recorded run identities, CLI input/output behavior, imports and tests at 318bc90. Historical embedded paths frozen; replay from original commit. GRPO imports/CLI/tests updated. External consumers unknown."
samples/pretrain_140m_7b_v2/step_317000.txt,legacy/samples/pretrain_140m_7b_v2/step_317000.txt,906b42edd3027a07a88c727856ebc8c3bc78991a,d181724964f6a10fb54a6c5fa85d238c8d0353186e41db81ce0abfaaabcbbea7,Historical step samples paired with pretrain_140m run configs; not released 30-layer lineage.,"Reviewed configs/recorded run identities, CLI input/output behavior, imports and tests at 318bc90. Historical embedded paths frozen; replay from original commit. GRPO imports/CLI/tests updated. External consumers unknown."
samples/pretrain_140m_7b_v2/step_318000.txt,legacy/samples/pretrain_140m_7b_v2/step_318000.txt,5b65828648f3da0e924dc3fedbacee96a1c309ca,44aaf4080fce49434a7b748dbdb460edf182b68f2cc4b688fc140a7555f6e196,Historical step samples paired with pretrain_140m run configs; not released 30-layer lineage.,"Reviewed configs/recorded run identities, CLI input/output behavior, imports and tests at 318bc90. Historical embedded paths frozen; replay from original commit. GRPO imports/CLI/tests updated. External consumers unknown."
samples/pretrain_140m_7b_v2/step_319000.txt,legacy/samples/pretrain_140m_7b_v2/step_319000.txt,a04c07bdf4f0aecc5c1b583f8c79fd9bc0142eba,1321e5a1e196fd1b52d32a715fdd8d381d5d948a3c22e808b8e106412f662444,Historical step samples paired with pretrain_140m run configs; not released 30-layer lineage.,"Reviewed configs/recorded run identities, CLI input/output behavior, imports and tests at 318bc90. Historical embedded paths frozen; replay from original commit. GRPO imports/CLI/tests updated. External consumers unknown."
samples/pretrain_140m_7b_v2/step_320000.txt,legacy/samples/pretrain_140m_7b_v2/step_320000.txt,0f46ac8a62f48a1faefe1e1df0c88939974cb1d5,757de5c4ee2c9bdd814eae4df34cb85e606e2f72f14479c9deb6e5974722d6c4,Historical step samples paired with pretrain_140m run configs; not released 30-layer lineage.,"Reviewed configs/recorded run identities, CLI input/output behavior, imports and tests at 318bc90. Historical embedded paths frozen; replay from original commit. GRPO imports/CLI/tests updated. External consumers unknown."
samples/pretrain_140m_7b_v2/step_321000.txt,legacy/samples/pretrain_140m_7b_v2/step_321000.txt,5336ce0cce504dd0bd65053f4ab7bfcc9ae4f6c9,90e46a7e407e58accd58cd98a01400fab5a79ad4cfdbabce68435cc949fb9c80,Historical step samples paired with pretrain_140m run configs; not released 30-layer lineage.,"Reviewed configs/recorded run identities, CLI input/output behavior, imports and tests at 318bc90. Historical embedded paths frozen; replay from original commit. GRPO imports/CLI/tests updated. External consumers unknown."
samples/pretrain_140m_7b_v2/step_322000.txt,legacy/samples/pretrain_140m_7b_v2/step_322000.txt,83fe5346eece0c05b1276594ecc677e5f6ebca5c,2c9aab4da9d102609e7a1262a3d8000f68ee7214a65267e5a5cff37e5a087818,Historical step samples paired with pretrain_140m run configs; not released 30-layer lineage.,"Reviewed configs/recorded run identities, CLI input/output behavior, imports and tests at 318bc90. Historical embedded paths frozen; replay from original commit. GRPO imports/CLI/tests updated. External consumers unknown."
samples/pretrain_140m_7b_v2/step_323000.txt,legacy/samples/pretrain_140m_7b_v2/step_323000.txt,9159d6c57876789ec811f1c35b130ef1ed4a8ee2,79443a345676cfece80262a8d5133a3af75b520e217bf778c21c82eb8758cb0c,Historical step samples paired with pretrain_140m run configs; not released 30-layer lineage.,"Reviewed configs/recorded run identities, CLI input/output behavior, imports and tests at 318bc90. Historical embedded paths frozen; replay from original commit. GRPO imports/CLI/tests updated. External consumers unknown."
samples/pretrain_140m_7b_v2/step_324000.txt,legacy/samples/pretrain_140m_7b_v2/step_324000.txt,5bac1aca2d1e56aaed407ad876d98c1f05888ba5,cefd0d2fdbb42c03bc52170569997919127cfb6d19979731b1cda86024de5dda,Historical step samples paired with pretrain_140m run configs; not released 30-layer lineage.,"Reviewed configs/recorded run identities, CLI input/output behavior, imports and tests at 318bc90. Historical embedded paths frozen; replay from original commit. GRPO imports/CLI/tests updated. External consumers unknown."
samples/pretrain_140m_7b_v2/step_325000.txt,legacy/samples/pretrain_140m_7b_v2/step_325000.txt,fa8bf4a46624e402544366559be91ded5b7b7041,7da5d18626a8ab2a31f614194c030ba758a8539e8355850ad7d2ffcdba9a9c02,Historical step samples paired with pretrain_140m run configs; not released 30-layer lineage.,"Reviewed configs/recorded run identities, CLI input/output behavior, imports and tests at 318bc90. Historical embedded paths frozen; replay from original commit. GRPO imports/CLI/tests updated. External consumers unknown."
samples/pretrain_140m_7b_v2/step_326000.txt,legacy/samples/pretrain_140m_7b_v2/step_326000.txt,f7538a0fca4f8019cf80c69b6318512a6b526928,8c79a175101d19ecf8596a2b53dee4bb7bfd2e05c7ae2edc8cfceeed42047706,Historical step samples paired with pretrain_140m run configs; not released 30-layer lineage.,"Reviewed configs/recorded run identities, CLI input/output behavior, imports and tests at 318bc90. Historical embedded paths frozen; replay from original commit. GRPO imports/CLI/tests updated. External consumers unknown."
samples/pretrain_140m_7b_v2/step_327000.txt,legacy/samples/pretrain_140m_7b_v2/step_327000.txt,31949184a77d63b3d969edd2072524024cb056eb,ed72ea51dc8133f62fc25eab2763afefd5acba0717d8fdbec0b62fc9e0d967a7,Historical step samples paired with pretrain_140m run configs; not released 30-layer lineage.,"Reviewed configs/recorded run identities, CLI input/output behavior, imports and tests at 318bc90. Historical embedded paths frozen; replay from original commit. GRPO imports/CLI/tests updated. External consumers unknown."
samples/pretrain_140m_7b_v2/step_328000.txt,legacy/samples/pretrain_140m_7b_v2/step_328000.txt,35becc317a37784b0392c9d47e6037b2876ef457,ac183321ee01792d1b3a421a5c056f2d5c91f749e64ec5b963bee9493265e95b,Historical step samples paired with pretrain_140m run configs; not released 30-layer lineage.,"Reviewed configs/recorded run identities, CLI input/output behavior, imports and tests at 318bc90. Historical embedded paths frozen; replay from original commit. GRPO imports/CLI/tests updated. External consumers unknown."
samples/pretrain_140m_7b_v2/step_329000.txt,legacy/samples/pretrain_140m_7b_v2/step_329000.txt,33d1a4e49d1bbae6bfd71ccbd3742e069da34a98,fb6affeaae17fb7747ceae4ee652596a379ecf8f27ae054477a9eb78f87554ed,Historical step samples paired with pretrain_140m run configs; not released 30-layer lineage.,"Reviewed configs/recorded run identities, CLI input/output behavior, imports and tests at 318bc90. Historical embedded paths frozen; replay from original commit. GRPO imports/CLI/tests updated. External consumers unknown."
samples/pretrain_140m_7b_v2/step_330000.txt,legacy/samples/pretrain_140m_7b_v2/step_330000.txt,3857212e370dd11b2fd174a11eea05e4a17dd938,7051e38fd22f1745134be65be8c259d94edfea22e49855e824d9ea8b8c680a92,Historical step samples paired with pretrain_140m run configs; not released 30-layer lineage.,"Reviewed configs/recorded run identities, CLI input/output behavior, imports and tests at 318bc90. Historical embedded paths frozen; replay from original commit. GRPO imports/CLI/tests updated. External consumers unknown."
samples/pretrain_140m_7b_v2/step_331000.txt,legacy/samples/pretrain_140m_7b_v2/step_331000.txt,317fb6c29f7089c7a149dea944f7b006e229b022,f844be31724d17ec5ce6a23084a94e9cf63cc38c1525edaba03d0bf4ea9f39ef,Historical step samples paired with pretrain_140m run configs; not released 30-layer lineage.,"Reviewed configs/recorded run identities, CLI input/output behavior, imports and tests at 318bc90. Historical embedded paths frozen; replay from original commit. GRPO imports/CLI/tests updated. External consumers unknown."
samples/pretrain_140m_7b_v2/step_332000.txt,legacy/samples/pretrain_140m_7b_v2/step_332000.txt,113c3b62080e10773d0c45a41cae7da1e9ae6355,c2578d209a9e458dde83fa749d1426284e33d904d35e8c3210aa6460aa9fad07,Historical step samples paired with pretrain_140m run configs; not released 30-layer lineage.,"Reviewed configs/recorded run identities, CLI input/output behavior, imports and tests at 318bc90. Historical embedded paths frozen; replay from original commit. GRPO imports/CLI/tests updated. External consumers unknown."
samples/pretrain_140m_7b_v2/step_333000.txt,legacy/samples/pretrain_140m_7b_v2/step_333000.txt,a18e362f60cc181eb00b4f70c50f4667b26464e4,2189478b61a3cd75bb7ffe270f1eef0384e69a2293a752fe1a0c1a6dfc9b6278,Historical step samples paired with pretrain_140m run configs; not released 30-layer lineage.,"Reviewed configs/recorded run identities, CLI input/output behavior, imports and tests at 318bc90. Historical embedded paths frozen; replay from original commit. GRPO imports/CLI/tests updated. External consumers unknown."
samples/pretrain_140m_7b_v2/step_334000.txt,legacy/samples/pretrain_140m_7b_v2/step_334000.txt,e3f722f98ea656cfc4c7925b6fecb72d45d0b5fc,fcd85ed316ceb92e92af3fe76630ad6331a6e98453ae9a76584ff2646f27d777,Historical step samples paired with pretrain_140m run configs; not released 30-layer lineage.,"Reviewed configs/recorded run identities, CLI input/output behavior, imports and tests at 318bc90. Historical embedded paths frozen; replay from original commit. GRPO imports/CLI/tests updated. External consumers unknown."
samples/pretrain_140m_7b_v2/step_335000.txt,legacy/samples/pretrain_140m_7b_v2/step_335000.txt,3eea9daee4320267dc27263b739ea3224e18aa93,ba34083731672c15740be3363b97eb1551b5de73d06a522592cfcf131dae355a,Historical step samples paired with pretrain_140m run configs; not released 30-layer lineage.,"Reviewed configs/recorded run identities, CLI input/output behavior, imports and tests at 318bc90. Historical embedded paths frozen; replay from original commit. GRPO imports/CLI/tests updated. External consumers unknown."
samples/pretrain_140m_7b_v2/step_336000.txt,legacy/samples/pretrain_140m_7b_v2/step_336000.txt,59ac6c6c321c88001ad41ea9d3f00fe1700c15aa,fac5b2c3b3b8cd955420c24d6d4d578a21a5e590e1f09e854eb4020b8b5928b0,Historical step samples paired with pretrain_140m run configs; not released 30-layer lineage.,"Reviewed configs/recorded run identities, CLI input/output behavior, imports and tests at 318bc90. Historical embedded paths frozen; replay from original commit. GRPO imports/CLI/tests updated. External consumers unknown."
samples/pretrain_140m_7b_v2/step_337000.txt,legacy/samples/pretrain_140m_7b_v2/step_337000.txt,e49b7b8a47a6986fe535baee4c9efe2a5296084d,e40abfc9b2286d8ed240dabb2caf8e0c47fcee84c70eb0efd33893c56d6654be,Historical step samples paired with pretrain_140m run configs; not released 30-layer lineage.,"Reviewed configs/recorded run identities, CLI input/output behavior, imports and tests at 318bc90. Historical embedded paths frozen; replay from original commit. GRPO imports/CLI/tests updated. External consumers unknown."
samples/pretrain_140m_7b_v2/step_338000.txt,legacy/samples/pretrain_140m_7b_v2/step_338000.txt,d05bb93a821f53ad245380f07ef25bc0581845ea,4158b5221259cca8180017269e2b017a5e56c60b7e7b88f1d4e117c24248e6fd,Historical step samples paired with pretrain_140m run configs; not released 30-layer lineage.,"Reviewed configs/recorded run identities, CLI input/output behavior, imports and tests at 318bc90. Historical embedded paths frozen; replay from original commit. GRPO imports/CLI/tests updated. External consumers unknown."
samples/pretrain_140m_7b_v2/step_339000.txt,legacy/samples/pretrain_140m_7b_v2/step_339000.txt,b79c53131d3af400431dc5887dcbad75623fa499,44832cea2e60d198af47fb616d7b4aa2dee8704094a3e5c860f166b0752d358d,Historical step samples paired with pretrain_140m run configs; not released 30-layer lineage.,"Reviewed configs/recorded run identities, CLI input/output behavior, imports and tests at 318bc90. Historical embedded paths frozen; replay from original commit. GRPO imports/CLI/tests updated. External consumers unknown."
samples/pretrain_140m_7b_v2/step_340000.txt,legacy/samples/pretrain_140m_7b_v2/step_340000.txt,ce2360666bfd3d9eb0adb8784495f2cb609a5bee,5f6047385b14abc2134c3b4da900d48b72486385f4fc6bac87c6f9001a8a87c1,Historical step samples paired with pretrain_140m run configs; not released 30-layer lineage.,"Reviewed configs/recorded run identities, CLI input/output behavior, imports and tests at 318bc90. Historical embedded paths frozen; replay from original commit. GRPO imports/CLI/tests updated. External consumers unknown."
samples/pretrain_140m_7b_v2/step_341000.txt,legacy/samples/pretrain_140m_7b_v2/step_341000.txt,3fa2583d04c9fd38a29c87ca5bf3b6845090ddec,586cd2340d8a282a8d3954227c946f021a24d84c7ae13460e97a137900341974,Historical step samples paired with pretrain_140m run configs; not released 30-layer lineage.,"Reviewed configs/recorded run identities, CLI input/output behavior, imports and tests at 318bc90. Historical embedded paths frozen; replay from original commit. GRPO imports/CLI/tests updated. External consumers unknown."
samples/pretrain_140m_7b_v2/step_342000.txt,legacy/samples/pretrain_140m_7b_v2/step_342000.txt,0c61f25390dd5be5c758abdab8f8fbf3c20489cb,4f056aea6e33ac65010e9b03aec74fc8eb23486f474cffe947f5c0e5549ed24d,Historical step samples paired with pretrain_140m run configs; not released 30-layer lineage.,"Reviewed configs/recorded run identities, CLI input/output behavior, imports and tests at 318bc90. Historical embedded paths frozen; replay from original commit. GRPO imports/CLI/tests updated. External consumers unknown."
samples/pretrain_140m_7b_v2/step_343000.txt,legacy/samples/pretrain_140m_7b_v2/step_343000.txt,aac6e8312a57d923f1c435dd0c87bbbbcbadcc71,13df5c9b909f4c18a44d2f422e91f448fa647df4d05607ecd984fe869edba81c,Historical step samples paired with pretrain_140m run configs; not released 30-layer lineage.,"Reviewed configs/recorded run identities, CLI input/output behavior, imports and tests at 318bc90. Historical embedded paths frozen; replay from original commit. GRPO imports/CLI/tests updated. External consumers unknown."
samples/pretrain_140m_7b_v2/step_344000.txt,legacy/samples/pretrain_140m_7b_v2/step_344000.txt,ab181409c29924131aabedc1e7418531cd025bcf,2954fdb68dac168a5c59ff8e1b6e45e45f2662aa40292ca22eb3490160466a22,Historical step samples paired with pretrain_140m run configs; not released 30-layer lineage.,"Reviewed configs/recorded run identities, CLI input/output behavior, imports and tests at 318bc90. Historical embedded paths frozen; replay from original commit. GRPO imports/CLI/tests updated. External consumers unknown."
samples/pretrain_140m_7b_v2/step_345000.txt,legacy/samples/pretrain_140m_7b_v2/step_345000.txt,55a010c366f6ca3d7ae771a2438a5ca0496da461,68fa34285f2029b64c0446833a4d476f0113e368b0f8a6009b805d7826778f31,Historical step samples paired with pretrain_140m run configs; not released 30-layer lineage.,"Reviewed configs/recorded run identities, CLI input/output behavior, imports and tests at 318bc90. Historical embedded paths frozen; replay from original commit. GRPO imports/CLI/tests updated. External consumers unknown."
samples/pretrain_140m_7b_v2/step_346000.txt,legacy/samples/pretrain_140m_7b_v2/step_346000.txt,adf03b8b5dcb0f2e11a79cdcdb667f54484707e4,c08e60c5f91b44136e2248f616391ad41e8dcd23b698dbb5de50aadfaac3a352,Historical step samples paired with pretrain_140m run configs; not released 30-layer lineage.,"Reviewed configs/recorded run identities, CLI input/output behavior, imports and tests at 318bc90. Historical embedded paths frozen; replay from original commit. GRPO imports/CLI/tests updated. External consumers unknown."
samples/pretrain_140m_7b_v2/step_347000.txt,legacy/samples/pretrain_140m_7b_v2/step_347000.txt,faa4d4eccdcc03778821ea6bc7c2369d50a2c8eb,0217c413f57a776df24d7e726aaafe8d4dfca1b9f85622df34547165bf438e70,Historical step samples paired with pretrain_140m run configs; not released 30-layer lineage.,"Reviewed configs/recorded run identities, CLI input/output behavior, imports and tests at 318bc90. Historical embedded paths frozen; replay from original commit. GRPO imports/CLI/tests updated. External consumers unknown."
samples/pretrain_140m_7b_v2/step_348000.txt,legacy/samples/pretrain_140m_7b_v2/step_348000.txt,c9fb2e95aa46aa2e81841d8ab55ecf69a753fb71,925cb5f543f4238a6ffb7877e81957dcaf8891639d912b8cb842492a586c9f01,Historical step samples paired with pretrain_140m run configs; not released 30-layer lineage.,"Reviewed configs/recorded run identities, CLI input/output behavior, imports and tests at 318bc90. Historical embedded paths frozen; replay from original commit. GRPO imports/CLI/tests updated. External consumers unknown."
samples/pretrain_140m_7b_v2/step_349000.txt,legacy/samples/pretrain_140m_7b_v2/step_349000.txt,7db851ab93ef3296e7bed5524dea7e2f465345d3,5860cc2d73e406110414b4cf49a4ff36c1070d7a3739b7c72a08c945175e22b6,Historical step samples paired with pretrain_140m run configs; not released 30-layer lineage.,"Reviewed configs/recorded run identities, CLI input/output behavior, imports and tests at 318bc90. Historical embedded paths frozen; replay from original commit. GRPO imports/CLI/tests updated. External consumers unknown."
samples/pretrain_140m_7b_v2/step_350000.txt,legacy/samples/pretrain_140m_7b_v2/step_350000.txt,5cc30640bf7cca199f0ec548f5c899f9040eff73,c675b458a2a3dc12e685764108a1c5ae1115ff7fc0cc3ea5a9ffc0e82bfb12e9,Historical step samples paired with pretrain_140m run configs; not released 30-layer lineage.,"Reviewed configs/recorded run identities, CLI input/output behavior, imports and tests at 318bc90. Historical embedded paths frozen; replay from original commit. GRPO imports/CLI/tests updated. External consumers unknown."
samples/pretrain_140m_7b_v2/step_351000.txt,legacy/samples/pretrain_140m_7b_v2/step_351000.txt,9398c832c5724e36497b40bf878b5a68e7d01401,eaceac82335be8a6fdc1ac49f1b34f55756d949225dc6686fcaf199a2c70d5fa,Historical step samples paired with pretrain_140m run configs; not released 30-layer lineage.,"Reviewed configs/recorded run identities, CLI input/output behavior, imports and tests at 318bc90. Historical embedded paths frozen; replay from original commit. GRPO imports/CLI/tests updated. External consumers unknown."
samples/pretrain_140m_7b_v2/step_352000.txt,legacy/samples/pretrain_140m_7b_v2/step_352000.txt,06663510be191c5f33bb02f1b4e8c2176307553e,9f73b1d058a0c654a175f687c8415b843a8d68fbcca9609c1ae985858ce45f07,Historical step samples paired with pretrain_140m run configs; not released 30-layer lineage.,"Reviewed configs/recorded run identities, CLI input/output behavior, imports and tests at 318bc90. Historical embedded paths frozen; replay from original commit. GRPO imports/CLI/tests updated. External consumers unknown."
samples/pretrain_140m_7b_v2/step_353000.txt,legacy/samples/pretrain_140m_7b_v2/step_353000.txt,fa0e6a9531e6f7420622ab5a1349b482e047eb27,e28e72d1d98b916c4b5010c73aed5b81e4f11049f41d2e01302bc65dbd009edd,Historical step samples paired with pretrain_140m run configs; not released 30-layer lineage.,"Reviewed configs/recorded run identities, CLI input/output behavior, imports and tests at 318bc90. Historical embedded paths frozen; replay from original commit. GRPO imports/CLI/tests updated. External consumers unknown."
samples/pretrain_140m_7b_v2/step_354000.txt,legacy/samples/pretrain_140m_7b_v2/step_354000.txt,93ecf4b1d4bb5040e07ba8811fbf666a8eef0b73,2e8fd25a78de8461fc9371b50445c24a17d64349f126459322e286603b7ee1f1,Historical step samples paired with pretrain_140m run configs; not released 30-layer lineage.,"Reviewed configs/recorded run identities, CLI input/output behavior, imports and tests at 318bc90. Historical embedded paths frozen; replay from original commit. GRPO imports/CLI/tests updated. External consumers unknown."
samples/pretrain_140m_7b_v2/step_355000.txt,legacy/samples/pretrain_140m_7b_v2/step_355000.txt,ecfcd8f7cc33678108f710f254e4a3f082bf52ca,5b962057bb05b5b9995f77a8cecfe49fabcf1d6402ae5f8908e0a9affcfb3405,Historical step samples paired with pretrain_140m run configs; not released 30-layer lineage.,"Reviewed configs/recorded run identities, CLI input/output behavior, imports and tests at 318bc90. Historical embedded paths frozen; replay from original commit. GRPO imports/CLI/tests updated. External consumers unknown."
samples/pretrain_140m_7b_v2/step_356000.txt,legacy/samples/pretrain_140m_7b_v2/step_356000.txt,82ec6a4f47ea1358168654643041c0e63df57e6e,49b3f766ed4e8ddae41d1eb84f08528a4ddaa62893ab8dcb82f550a99262e6f6,Historical step samples paired with pretrain_140m run configs; not released 30-layer lineage.,"Reviewed configs/recorded run identities, CLI input/output behavior, imports and tests at 318bc90. Historical embedded paths frozen; replay from original commit. GRPO imports/CLI/tests updated. External consumers unknown."
samples/pretrain_140m_7b_v2/step_357000.txt,legacy/samples/pretrain_140m_7b_v2/step_357000.txt,63703b5ca693fa2db71a00e518433bf036f20204,c70e2128f5348459f0bba36012f13d3cf857028953de0634fba446467f8d253e,Historical step samples paired with pretrain_140m run configs; not released 30-layer lineage.,"Reviewed configs/recorded run identities, CLI input/output behavior, imports and tests at 318bc90. Historical embedded paths frozen; replay from original commit. GRPO imports/CLI/tests updated. External consumers unknown."
samples/pretrain_140m_7b_v2/step_358000.txt,legacy/samples/pretrain_140m_7b_v2/step_358000.txt,ee6d149ea010b46126e3b5b57d0371c0c212667b,9ae1bf5fee6b20b52351e7d7385880420f46ad763bde92635dbabc0fd9ecbd62,Historical step samples paired with pretrain_140m run configs; not released 30-layer lineage.,"Reviewed configs/recorded run identities, CLI input/output behavior, imports and tests at 318bc90. Historical embedded paths frozen; replay from original commit. GRPO imports/CLI/tests updated. External consumers unknown."
samples/pretrain_140m_7b_v2/step_359000.txt,legacy/samples/pretrain_140m_7b_v2/step_359000.txt,a8dba4f8bf4a42c3926583084257bddb0c39d9b4,7252baf378d74c4d39e603edae1db1f1e413c8a3f84e5d356c430930909722ec,Historical step samples paired with pretrain_140m run configs; not released 30-layer lineage.,"Reviewed configs/recorded run identities, CLI input/output behavior, imports and tests at 318bc90. Historical embedded paths frozen; replay from original commit. GRPO imports/CLI/tests updated. External consumers unknown."
samples/pretrain_140m_7b_v2/step_360000.txt,legacy/samples/pretrain_140m_7b_v2/step_360000.txt,fc5333886c2f65e56f59723c0603e602938cad80,798bb5360d509178654267c3b61893169bbe90c3a958389cb4f2b9c937731fbd,Historical step samples paired with pretrain_140m run configs; not released 30-layer lineage.,"Reviewed configs/recorded run identities, CLI input/output behavior, imports and tests at 318bc90. Historical embedded paths frozen; replay from original commit. GRPO imports/CLI/tests updated. External consumers unknown."
samples/pretrain_140m_7b_v2/step_361000.txt,legacy/samples/pretrain_140m_7b_v2/step_361000.txt,1c18f5bd404cdf2478512b284478591851ab0b4a,39b7c9adbc981ba896e0db2cbbe210aa8ac1e6ee4e68370325b59429b6361e6f,Historical step samples paired with pretrain_140m run configs; not released 30-layer lineage.,"Reviewed configs/recorded run identities, CLI input/output behavior, imports and tests at 318bc90. Historical embedded paths frozen; replay from original commit. GRPO imports/CLI/tests updated. External consumers unknown."
samples/pretrain_140m_7b_v2/step_362000.txt,legacy/samples/pretrain_140m_7b_v2/step_362000.txt,797dd0d1dc2bbbca3221c2a61be73eca68d0f1df,9fadc7ebee3d36a139fde955728c600b4e5ff325ab9b0eb3d45425611613045f,Historical step samples paired with pretrain_140m run configs; not released 30-layer lineage.,"Reviewed configs/recorded run identities, CLI input/output behavior, imports and tests at 318bc90. Historical embedded paths frozen; replay from original commit. GRPO imports/CLI/tests updated. External consumers unknown."
samples/pretrain_140m_7b_v2/step_363000.txt,legacy/samples/pretrain_140m_7b_v2/step_363000.txt,9a41b0b79aba73401152d0aa9b452d5e12f98d35,89a76f173c42bb56ac6619c15f5475bca4c9d593db36ef6de40b143ecd639c5e,Historical step samples paired with pretrain_140m run configs; not released 30-layer lineage.,"Reviewed configs/recorded run identities, CLI input/output behavior, imports and tests at 318bc90. Historical embedded paths frozen; replay from original commit. GRPO imports/CLI/tests updated. External consumers unknown."
samples/pretrain_140m_7b_v2/step_364000.txt,legacy/samples/pretrain_140m_7b_v2/step_364000.txt,cbb3dd659ed305d58e07ed231a9f660c62e7b837,4456500809b02091192a1be645d140fa2b053002678020c4f813a52c3a2b900c,Historical step samples paired with pretrain_140m run configs; not released 30-layer lineage.,"Reviewed configs/recorded run identities, CLI input/output behavior, imports and tests at 318bc90. Historical embedded paths frozen; replay from original commit. GRPO imports/CLI/tests updated. External consumers unknown."
samples/pretrain_140m_7b_v2/step_365000.txt,legacy/samples/pretrain_140m_7b_v2/step_365000.txt,a0cbed37aeb76380dc59c8b0a9fa00d586a057e5,b1760f8cfa66dc21a90b870d96da9717e861799e7d4f2981957321cdbbf5ff14,Historical step samples paired with pretrain_140m run configs; not released 30-layer lineage.,"Reviewed configs/recorded run identities, CLI input/output behavior, imports and tests at 318bc90. Historical embedded paths frozen; replay from original commit. GRPO imports/CLI/tests updated. External consumers unknown."
samples/pretrain_140m_v3_general_code/step_365000.txt,legacy/samples/pretrain_140m_v3_general_code/step_365000.txt,9f815fc0c0aec522b9e44df8b025be6016aebee0,4add0059478179df5c5eefc8c4e0087f1141c09ffea8e49500430653bcd5f65a,Historical step samples paired with pretrain_140m run configs; not released 30-layer lineage.,"Reviewed configs/recorded run identities, CLI input/output behavior, imports and tests at 318bc90. Historical embedded paths frozen; replay from original commit. GRPO imports/CLI/tests updated. External consumers unknown."
samples/pretrain_140m_v3_general_code/step_366000.txt,legacy/samples/pretrain_140m_v3_general_code/step_366000.txt,cf54ff398f194e9271a95cd5fb53341957500e9c,c9c2b9a9de610e175e77fd0d4fdf2b0d8939b33a673d24f50a48f7de80d612cc,Historical step samples paired with pretrain_140m run configs; not released 30-layer lineage.,"Reviewed configs/recorded run identities, CLI input/output behavior, imports and tests at 318bc90. Historical embedded paths frozen; replay from original commit. GRPO imports/CLI/tests updated. External consumers unknown."
samples/pretrain_140m_v3_general_code/step_367000.txt,legacy/samples/pretrain_140m_v3_general_code/step_367000.txt,e2334050548b818eadef500a712f1648a824fb72,0762eef05d2cd9781f0fd13df09bc34decba97d4b96e21f110b324a63ed82b44,Historical step samples paired with pretrain_140m run configs; not released 30-layer lineage.,"Reviewed configs/recorded run identities, CLI input/output behavior, imports and tests at 318bc90. Historical embedded paths frozen; replay from original commit. GRPO imports/CLI/tests updated. External consumers unknown."
samples/pretrain_140m_v3_general_code/step_368000.txt,legacy/samples/pretrain_140m_v3_general_code/step_368000.txt,247eb5c1c19fd2f8bd41883f5cb3af417e51948b,28aa35564fdae60bd283bbf856cdd0a0072b5cbced6141dfc53d80acc5e7e44d,Historical step samples paired with pretrain_140m run configs; not released 30-layer lineage.,"Reviewed configs/recorded run identities, CLI input/output behavior, imports and tests at 318bc90. Historical embedded paths frozen; replay from original commit. GRPO imports/CLI/tests updated. External consumers unknown."
samples/pretrain_140m_v3_general_code/step_369000.txt,legacy/samples/pretrain_140m_v3_general_code/step_369000.txt,7322fc0e08be2d461ab09aebc9bf8ffa573d1261,6b8aed54a34ca29a2913824b4b32d12181b19b411358a4aff1b35b9c5f89a4bc,Historical step samples paired with pretrain_140m run configs; not released 30-layer lineage.,"Reviewed configs/recorded run identities, CLI input/output behavior, imports and tests at 318bc90. Historical embedded paths frozen; replay from original commit. GRPO imports/CLI/tests updated. External consumers unknown."
samples/pretrain_140m_v3_general_code/step_370000.txt,legacy/samples/pretrain_140m_v3_general_code/step_370000.txt,db5270b50d1c116ee3cb6b22fa7a666e5fbac60c,19338287ff4059e8ba5ca115911aabee7de5c08a48c138bf38cdb5878e369215,Historical step samples paired with pretrain_140m run configs; not released 30-layer lineage.,"Reviewed configs/recorded run identities, CLI input/output behavior, imports and tests at 318bc90. Historical embedded paths frozen; replay from original commit. GRPO imports/CLI/tests updated. External consumers unknown."
samples/pretrain_140m_v3_general_code/step_371000.txt,legacy/samples/pretrain_140m_v3_general_code/step_371000.txt,0eb27d26fea0c2ac4e5ed01174219395c6ae273d,2ab9468ee78a272161444ced05a056f4c11bb05be3bb21d1cf4a22e6497d31da,Historical step samples paired with pretrain_140m run configs; not released 30-layer lineage.,"Reviewed configs/recorded run identities, CLI input/output behavior, imports and tests at 318bc90. Historical embedded paths frozen; replay from original commit. GRPO imports/CLI/tests updated. External consumers unknown."
samples/pretrain_140m_v3_general_code/step_372000.txt,legacy/samples/pretrain_140m_v3_general_code/step_372000.txt,be140dff585e44fc92ad30d62199101884fcd5f6,354a74d93a7af4bee32f1ea8d8fca8124bcc289b7585477f6f94f11a48c0a92d,Historical step samples paired with pretrain_140m run configs; not released 30-layer lineage.,"Reviewed configs/recorded run identities, CLI input/output behavior, imports and tests at 318bc90. Historical embedded paths frozen; replay from original commit. GRPO imports/CLI/tests updated. External consumers unknown."
samples/pretrain_140m_v3_general_code/step_373000.txt,legacy/samples/pretrain_140m_v3_general_code/step_373000.txt,0eafc90a08d6be633e27c0c6b8322c59aa39c9bd,7de5438436c2f5fc8dc4462e99dd121167a2c4b6b0768ee90add58767f449871,Historical step samples paired with pretrain_140m run configs; not released 30-layer lineage.,"Reviewed configs/recorded run identities, CLI input/output behavior, imports and tests at 318bc90. Historical embedded paths frozen; replay from original commit. GRPO imports/CLI/tests updated. External consumers unknown."
samples/pretrain_140m_v3_general_code/step_374000.txt,legacy/samples/pretrain_140m_v3_general_code/step_374000.txt,ae20f759b4531dbd5e426ef68cc148773c3ed017,b47dfd7072b2c41ca3fa99a3145279616e4cac9b340d47d258f7b10dc1de3750,Historical step samples paired with pretrain_140m run configs; not released 30-layer lineage.,"Reviewed configs/recorded run identities, CLI input/output behavior, imports and tests at 318bc90. Historical embedded paths frozen; replay from original commit. GRPO imports/CLI/tests updated. External consumers unknown."
tokenizer/special_tokens_map.json,legacy/tokenizers/four-special-root-metadata/special_tokens_map.json,372b7f4acf4d20b9d8f5221de16c082fd894c55f,9da34548da319cf26735418970be5853023a563604f29f34e2852cbe1447feb6,Four-special-token historical artifact; release requires seven specials. Original version evidence in legacy/tokenizers/README.md.,"Reviewed configs/recorded run identities, CLI input/output behavior, imports and tests at 318bc90. Historical embedded paths frozen; replay from original commit. GRPO imports/CLI/tests updated. External consumers unknown."
tokenizer/tokenizer_12layers.json,legacy/tokenizers/12-layer-four-special/tokenizer_12layers.json,75114f9bd43aaabd6ac8ee8bdc5eda503584f714,6d7105c4435587a39192d0d15ff8ea095df88c10bfea897b1a9069214464d0b0,Four-special-token historical artifact; release requires seven specials. Original version evidence in legacy/tokenizers/README.md.,"Reviewed configs/recorded run identities, CLI input/output behavior, imports and tests at 318bc90. Historical embedded paths frozen; replay from original commit. GRPO imports/CLI/tests updated. External consumers unknown."
tokenizer/tokenizer_config.json,legacy/tokenizers/four-special-root-metadata/tokenizer_config.json,862173361df789e1a33281a610afdc4a4f6b9bdb,7b2d9c69b7cb44ee1ab8f3636117be22aa0cc0ca501b7037defe3885fdcd2ab9,Four-special-token historical artifact; release requires seven specials. Original version evidence in legacy/tokenizers/README.md.,"Reviewed configs/recorded run identities, CLI input/output behavior, imports and tests at 318bc90. Historical embedded paths frozen; replay from original commit. GRPO imports/CLI/tests updated. External consumers unknown."
tokenizer/tokenizer_pretrain_nospecial.json,legacy/tokenizers/pretrain-prefix-space-four-special/tokenizer_pretrain_nospecial.json,ac725e78c3c120d6b7c9f07af3902fbcd8f291c2,8081d4d7dedfc117a8ec85e11b9bdacbe07618270f8f94225068fce447e9e44e,Four-special-token historical artifact; release requires seven specials. Original version evidence in legacy/tokenizers/README.md.,"Reviewed configs/recorded run identities, CLI input/output behavior, imports and tests at 318bc90. Historical embedded paths frozen; replay from original commit. GRPO imports/CLI/tests updated. External consumers unknown."
pretrain/data_preparation_tools/eval_bench.py,legacy/tools/benchmarks/eval_bench.py,63430ac2f18cf7f9d96b6e45366a2d055622ccd1,5218b305cc106020789ea0ee7f313ca98ebe826f212afe3e97fdbd57b6a3e3e1,Superseded nine-row generated-answer evaluator family; historical output configs name v5. Research-v1 uses recovered frozen likelihood evaluator and separate answer review.,"Reviewed subprocess sampling flags, caller-selected result output, tracked configs/imports/tests. No maintained release caller; replay historical sampling closure at original commit."
pretrain/data_preparation_tools/eval_bench_v2.py,legacy/tools/benchmarks/eval_bench_v2.py,46a9365d8a54152973dced5946763c0f26f661d2,a80c54a55ad61a2fd7b4888d5ce333ceb44b70a45eea824469d68ca00ef51b37,Superseded nine-row generated-answer evaluator family; historical output configs name v5. Research-v1 uses recovered frozen likelihood evaluator and separate answer review.,"Reviewed subprocess sampling flags, caller-selected result output, tracked configs/imports/tests. No maintained release caller; replay historical sampling closure at original commit."
pretrain/data_preparation_tools/eval_bench_v3.py,legacy/tools/benchmarks/eval_bench_v3.py,d38fbb1c4e1a7aaa2d0dfeebe28f148ae6192d4c,64dcc4ba1a0253ee76ce8568ead7db411d44a169e332b88fe229dcc9a441516d,Superseded nine-row generated-answer evaluator family; historical output configs name v5. Research-v1 uses recovered frozen likelihood evaluator and separate answer review.,"Reviewed subprocess sampling flags, caller-selected result output, tracked configs/imports/tests. No maintained release caller; replay historical sampling closure at original commit."
pretrain/data_preparation_tools/eval_bench_v4.py,legacy/tools/benchmarks/eval_bench_v4.py,4d4bc6065198a1a64636fef5f285dff6e69ec8b2,f53b3f33e824b35658dabeef22578631149a7dbf7838854e800b83c8168a95f6,Superseded nine-row generated-answer evaluator family; historical output configs name v5. Research-v1 uses recovered frozen likelihood evaluator and separate answer review.,"Reviewed subprocess sampling flags, caller-selected result output, tracked configs/imports/tests. No maintained release caller; replay historical sampling closure at original commit."
pretrain/eval_bench_v5.py,legacy/tools/benchmarks/eval_bench_v5.py,ce72b548d172aa57808645029223189b43309c3f,2ef152d6ca8eced8545596da6317b57271c94cf49cd4e643e61f0e6331d93a21,Superseded nine-row generated-answer evaluator family; historical output configs name v5. Research-v1 uses recovered frozen likelihood evaluator and separate answer review.,"Reviewed subprocess sampling flags, caller-selected result output, tracked configs/imports/tests. No maintained release caller; replay historical sampling closure at original commit."
pretrain/eval_bench_v5_clean.py,legacy/tools/benchmarks/eval_bench_v5_clean.py,2047b044cc461a0441d11e86828d577443e572da,d35640b7750479d133bd1007ed18835fbedd08329f30b2c722c600d9b92a6f0b,Superseded nine-row generated-answer evaluator family; historical output configs name v5. Research-v1 uses recovered frozen likelihood evaluator and separate answer review.,"Reviewed subprocess sampling flags, caller-selected result output, tracked configs/imports/tests. No maintained release caller; replay historical sampling closure at original commit."
